admitted_block_loc,author_180d_contributor_percentile,author_180d_contributor_rank_from_top,author_180d_function_commit_share,author_180d_function_commits,author_block_commit_share_180d,author_block_line_share_180d,author_email,author_existing_block_experience_fraction_180d,author_existing_file_experience_fraction_180d,author_file_commit_share_180d,author_file_line_share_180d,author_hour_utc,author_last_toucher_block_fraction_180d,author_last_toucher_file_fraction_180d,author_majority_owner_block_fraction_180d,author_majority_owner_file_fraction_180d,author_prior_code_commits,author_prior_commit_share,author_tenure_days,blocks_per_file,blocks_touched,changed_assert_count,changed_async_keyword_count,changed_boolean_operator_count,changed_branch_keyword_count,changed_comment_fraction,changed_exception_keyword_count,changed_import_dependency_lines,changed_long_line_fraction,changed_mean_line_chars,changed_nonblank_lines,changed_numeric_literal_count,changed_todo_fixme_count,churn_per_block,code_addition_fraction,code_additions,code_churn,code_deletions,code_files_touched,contributors_active_180d,date,days_since_any_block_touch,file_extension_count,function_attribution_share,hot_block_fraction_30d,is_merge,is_weekend,max_block_loc,max_change_density,max_complexity_proxy,mean_block_loc,mean_change_density,mean_comment_fraction,mean_complexity_proxy,mean_path_depth,message_chars,message_dependency,message_docs,message_feature,message_fix,message_has_exclamation,message_has_issue_ref,message_has_question,message_perf,message_refactor,message_revert,message_test,message_words,new_block_fraction,new_blocks,origin_intent,origin_maintenance_class,origin_role,outcome_rework_count_180d,outcome_rework_intensity_180d,outcome_rework_volume_180d,parent_count,prior_block_authors_90d,prior_block_changed_lines_30d,prior_block_changed_lines_90d,prior_block_commits_30d,prior_block_commits_90d,repo,repo_age_days,sha,subject,test_file_fraction,test_files_touched,touched_blocks_with_history_fraction_180d,touched_files_with_history_fraction_180d,weekday
1848,0.5,1,1.0,80,1.0,1.0,31370477+barthpaleologue@users.noreply.github.com,1.0,1.0,1.0,1.0,9,1.0,1.0,1.0,1.0,91,1.0,181,0.9583333333333334,23,2,0,0,15,0.0,0,14,0.0,50.181451612903224,248,36,0,10.826086956521738,0.7630522088353414,190,249,59,24,1,2025-05-04T09:40:08+00:00,6,1,0.9959839357429718,0.30434782608695654,1,1,262,0.9166666666666666,23,80.34782608695652,0.16911456851315362,0.028930775684069522,3.9130434782608696,3.5,106,0,0,0,0,0,1,0,0,0,0,0,15,0.13043478260869565,3,,,,14,0.22186147186147187,410,2,1,194,608,3,9,BarthPaleologue/CosmosJourneyer,181,f9d267e698a4a0afaf39d73aea38b437e4064bfc,Merge pull request #380 from BarthPaleologue/366-make-orbital-object-ids-generation-independent-from-names,0.08333333333333333,2,0.8695652173913043,0.9130434782608695,6
369,0.5,1,1.0,81,1.0,1.0,31370477+barthpaleologue@users.noreply.github.com,1.0,1.0,1.0,1.0,16,1.0,1.0,1.0,1.0,92,1.0,183,0.23076923076923078,6,0,18,0,16,0.0,0,0,0.0,34.24050632911393,79,7,0,13.833333333333334,0.2891566265060241,24,83,59,26,1,2025-05-05T16:29:13+00:00,8,1,0.963855421686747,0.3333333333333333,1,0,129,5.0,1,61.5,0.8948894938335585,0.04542570739753838,0.5,2.8076923076923075,106,0,0,1,0,0,1,0,0,0,0,1,17,0.5,3,,,,8,0.44715447154471544,165,2,1,14,24,1,3,BarthPaleologue/CosmosJourneyer,183,d2e31fe61d25b9557d373f2e4b666dfd999ade90,Merge pull request #381 from BarthPaleologue/310-feature-add-end-to-end-testing-with-cypress-or-playwright,0.46153846153846156,12,0.3333333333333333,0.6666666666666666,0
1315,0.5,1,1.0,79,1.0,1.0,31370477+barthpaleologue@users.noreply.github.com,1.0,1.0,1.0,1.0,15,1.0,1.0,1.0,1.0,93,1.0,185,0.36363636363636365,8,0,0,0,12,0.12727272727272726,0,5,0.0,42.41818181818182,55,1,0,7.5,0.95,57,60,3,22,1,2025-05-07T15:57:34+00:00,3,1,0.2833333333333333,0.625,1,0,549,0.10256410256410256,70,164.375,0.029938801506532775,0.04111278261161165,29.375,3.272727272727273,89,0,0,1,0,0,1,0,0,0,0,0,12,0.0,0,,,,8,0.1444866920152091,190,2,1,163,679,6,13,BarthPaleologue/CosmosJourneyer,185,7570141b2434b5a52e8fcb344e50bc3aae4c910c,Merge pull request #384 from BarthPaleologue/292-feature-basic-dark-knight-implementation,0.09090909090909091,2,0.875,1.0,2
147,0.5,1,1.0,80,1.0,1.0,31370477+barthpaleologue@users.noreply.github.com,1.0,1.0,1.0,1.0,16,1.0,1.0,1.0,1.0,94,1.0,185,1.0,1,0,0,0,0,0.0,0,0,0.0,43.0,2,1,0,2.0,0.5,1,2,1,1,1,2025-05-07T16:30:13+00:00,0,1,1.0,1.0,1,0,147,0.013605442176870748,32,147.0,0.013605442176870748,0.05442176870748299,32.0,6.0,64,0,0,0,0,0,1,0,0,0,0,0,9,0.0,0,,,,1,0.08163265306122448,12,2,1,7,26,2,4,BarthPaleologue/CosmosJourneyer,185,1b1ce074ea2b7524715143e9f492473caec8edd0,Merge pull request #386 from BarthPaleologue/better-neutron-star,0.0,0,1.0,1.0,2
7004,0.5,1,1.0,79,1.0,1.0,31370477+barthpaleologue@users.noreply.github.com,1.0,1.0,1.0,1.0,17,1.0,1.0,1.0,1.0,95,1.0,190,0.9152542372881356,54,6,2,37,138,0.0106951871657754,30,4,0.0,53.83778966131907,561,178,0,11.0,0.6632996632996633,394,594,200,59,1,2025-05-12T17:41:32+00:00,5,1,0.9090909090909091,0.37037037037037035,0,0,675,0.4523809523809524,70,129.7037037037037,0.11495116494017157,0.056934071425655486,12.574074074074074,3.4237288135593222,42,0,0,0,0,0,1,0,0,0,0,0,7,0.0,0,dependency_update,adaptive,Human,20,0.1403483723586522,983,1,1,473,1431,10,19,BarthPaleologue/CosmosJourneyer,190,eafec44e7b0eed1861dc61d1af05a2e7f682a5f7,Make the TS config stricter/cleaner (#391),0.05084745762711865,3,0.7037037037037037,0.7843137254901961,0
120,0.5,1,1.0,80,1.0,1.0,31370477+barthpaleologue@users.noreply.github.com,1.0,1.0,1.0,1.0,19,1.0,1.0,1.0,1.0,96,1.0,190,0.5,1,0,0,0,0,0.0,0,22,0.0,66.7741935483871,31,0,0,31.0,0.6129032258064516,19,31,12,2,1,2025-05-12T19:42:43+00:00,15,2,0.2903225806451613,1.0,1,0,120,0.075,10,120.0,0.075,0.14166666666666666,10.0,1.5,59,0,0,0,1,0,1,0,0,0,0,0,9,0.0,0,,,,1,0.48333333333333334,58,2,1,11,118,1,6,BarthPaleologue/CosmosJourneyer,190,70792f143cf0f9b81be7bbda9594bb14a5db8e44,Merge pull request #392 from BarthPaleologue/fix-path-alias,0.0,0,1.0,1.0,0
9584,0.5,1,1.0,81,1.0,1.0,31370477+barthpaleologue@users.noreply.github.com,1.0,1.0,1.0,1.0,8,1.0,1.0,1.0,1.0,97,1.0,190,0.8053097345132744,91,0,55,45,115,0.0660377358490566,21,19,0.00550314465408805,48.37893081761006,1272,135,1,14.307692307692308,0.5345622119815668,696,1302,606,113,1,2025-05-13T08:37:14+00:00,0,1,0.7657450076804916,0.5494505494505495,0,0,688,1.8823529411764706,67,105.31868131868131,0.18288890131802132,0.0801639977825908,8.285714285714286,3.5486725663716814,22,0,0,0,0,0,1,0,0,0,0,0,3,0.14285714285714285,13,dependency_update,adaptive,Human,21,0.09776711185308848,937,1,1,1417,2405,10,20,BarthPaleologue/CosmosJourneyer,190,c94a7838aefe0f2ce283f533252e467fda865340,Stricter eslint (#395),0.04424778761061947,5,0.6703296703296703,0.7586206896551724,1
46,0.5,1,1.0,82,1.0,1.0,31370477+barthpaleologue@users.noreply.github.com,1.0,1.0,1.0,1.0,16,1.0,1.0,1.0,1.0,98,1.0,191,0.5,1,0,0,0,0,0.0,0,0,0.0,46.0,2,0,0,2.0,0.5,1,2,1,2,1,2025-05-13T16:22:27+00:00,0,1,1.0,1.0,1,0,46,0.043478260869565216,6,46.0,0.043478260869565216,0.08695652173913043,6.0,2.0,71,0,0,0,0,0,1,0,0,0,0,0,11,0.0,0,,,,1,0.043478260869565216,2,2,1,21,21,2,2,BarthPaleologue/CosmosJourneyer,191,20764bfcdc4449e665a50aeeacf46d6b90372fb2,Merge pull request #398 from BarthPaleologue/397-i18n-loading-is-broken,0.5,1,1.0,1.0,1
406,0.5,1,1.0,83,1.0,1.0,31370477+barthpaleologue@users.noreply.github.com,1.0,1.0,1.0,1.0,17,1.0,1.0,1.0,1.0,99,1.0,192,0.23809523809523808,5,0,22,8,18,0.0,1,1,0.0,39.92948717948718,156,29,0,32.4,0.7469135802469136,121,162,41,21,1,2025-05-14T17:11:23+00:00,1,1,0.4691358024691358,1.0,1,0,153,0.7037037037037037,24,81.2,0.3239579088495497,0.031578947368421054,8.2,2.5238095238095237,63,0,0,0,1,0,1,0,0,0,0,0,9,0.0,0,,,,5,0.08620689655172414,35,2,1,109,109,4,4,BarthPaleologue/CosmosJourneyer,192,358ad145a53a2e375f433f4f30d2959d383cb54b,Merge pull request #399 from BarthPaleologue/fix-missing-checks,0.7619047619047619,16,1.0,1.0,2
7634,0.5,1,1.0,84,1.0,1.0,31370477+barthpaleologue@users.noreply.github.com,1.0,1.0,1.0,1.0,17,1.0,1.0,1.0,1.0,100,1.0,192,0.3342618384401114,120,0,38,16,8,0.0,0,6,0.005145797598627788,42.596054888507716,1166,230,0,9.725,0.4952870608397601,578,1167,589,359,1,2025-05-14T17:44:09+00:00,1,2,0.7729220222793488,0.3,1,0,688,0.7272727272727273,67,63.61666666666667,0.1622775804099568,0.09530995960112007,4.633333333333334,3.4735376044568245,79,0,0,1,0,0,1,0,0,0,0,0,11,0.075,9,,,,11,0.04113177888394027,314,2,1,658,1522,11,30,BarthPaleologue/CosmosJourneyer,192,61c610080bc72a07ec86038c0482adbddc88a1ea,Merge pull request #400 from BarthPaleologue/394-formatting-add-import-ordering,0.10027855153203342,36,0.5333333333333333,0.7551020408163265,2
401,0.5,1,1.0,85,1.0,1.0,31370477+barthpaleologue@users.noreply.github.com,1.0,1.0,1.0,1.0,14,1.0,1.0,1.0,1.0,101,1.0,194,0.08670520231213873,30,2,0,0,0,0.0,0,1313,0.002952029520295203,68.50627306273063,1355,0,0,51.166666666666664,0.5563517915309446,854,1535,681,346,1,2025-05-16T14:07:06+00:00,1,1,0.2201954397394137,0.8666666666666667,0,0,29,1.3157894736842106,0,13.366666666666667,0.7844114857885276,0.0,0.0,4.893063583815029,54,0,0,0,0,0,1,0,0,1,0,0,7,0.03333333333333333,1,refactor_cleanup,preventive,Human,12,1.4887780548628429,597,1,1,374,689,7,19,BarthPaleologue/CosmosJourneyer,194,02b96015a6f7479ef31751838481b6dcef588f71,Refactor: separate codebase in backend/frontend (#401),0.04046242774566474,14,0.9666666666666667,0.9666666666666667,4
19,0.5,1,1.0,86,1.0,1.0,31370477+barthpaleologue@users.noreply.github.com,1.0,1.0,1.0,1.0,12,1.0,1.0,1.0,1.0,103,1.0,195,0.2857142857142857,2,0,0,0,0,0.07692307692307693,0,5,0.0,34.76923076923077,13,0,0,7.5,0.8666666666666667,13,15,2,7,1,2025-05-18T12:21:21+00:00,1,1,0.7333333333333333,0.5,1,1,12,0.75,0,9.5,0.5178571428571428,0.041666666666666664,0.0,3.0,53,0,0,0,0,0,1,0,0,0,0,0,8,0.0,0,,,,3,0.8421052631578947,16,2,1,40,40,3,3,BarthPaleologue/CosmosJourneyer,195,36efd24ac50bec753a5e4d9c2fc8b1687118b1c8,Merge pull request #403 from BarthPaleologue/more-pgs,0.42857142857142855,3,1.0,1.0,6
2003,0.5,1,1.0,80,1.0,1.0,31370477+barthpaleologue@users.noreply.github.com,1.0,1.0,1.0,1.0,15,1.0,1.0,1.0,1.0,104,1.0,199,0.4782608695652174,11,0,4,1,39,0.05238095238095238,2,16,0.002380952380952381,44.054761904761904,420,94,0,41.36363636363637,0.5098901098901099,232,455,223,23,1,2025-05-21T15:11:49+00:00,5,1,0.6923076923076923,0.5454545454545454,1,0,470,0.9538461538461539,52,182.0909090909091,0.2367253192042891,0.03316061728549449,10.090909090909092,4.086956521739131,89,0,0,1,0,0,1,0,0,0,0,0,14,0.0,0,,,,11,0.14278582126809786,286,2,1,113,136,6,11,BarthPaleologue/CosmosJourneyer,199,49877687cd2a0db4a625eb5978c1e04afe764415,Merge pull request #405 from BarthPaleologue/387-support-custom-color-maps-for-gas-giants,0.17391304347826086,4,0.5454545454545454,0.6,2
3065,0.5,1,1.0,81,1.0,1.0,31370477+barthpaleologue@users.noreply.github.com,1.0,1.0,1.0,1.0,10,1.0,1.0,1.0,1.0,105,1.0,202,0.7142857142857143,25,4,5,4,6,0.009259259259259259,0,23,0.0,52.20987654320987,324,77,0,13.12,0.5121951219512195,168,328,160,35,1,2025-05-25T10:32:24+00:00,3,1,0.8353658536585366,0.52,1,1,466,0.4358974358974359,52,122.6,0.10152565117258923,0.038249599519179014,6.84,4.714285714285714,75,0,0,0,0,0,1,0,0,0,0,0,11,0.04,1,,,,9,0.09918433931484502,304,2,1,500,650,10,15,BarthPaleologue/CosmosJourneyer,202,985e08f1c4531dab57762224543353e30234e01d,Merge pull request #407 from BarthPaleologue/404-improve-ring-shading-model,0.05714285714285714,2,0.56,0.6,6
28,0.5,1,1.0,80,nan,nan,31370477+barthpaleologue@users.noreply.github.com,nan,nan,nan,nan,15,nan,nan,nan,nan,106,1.0,205,0.25,1,0,0,0,0,0.0,0,1,0.0,65.83333333333333,12,6,0,12.0,0.5833333333333334,7,12,5,4,1,2025-05-27T15:00:26+00:00,nan,1,0.8333333333333334,0.0,1,0,28,0.35714285714285715,2,28.0,0.35714285714285715,0.0,2.0,4.0,72,0,0,0,1,0,1,0,0,0,0,0,11,0.0,0,,,,0,0.0,0,2,0,0,0,0,0,BarthPaleologue/CosmosJourneyer,205,b918ab8f80e8ef6df3b4f59d842bf1339abed16f,Merge pull request #419 from BarthPaleologue/413-fix-grass-shading-model,0.25,1,0.0,0.0,1
461,0.5,1,1.0,81,1.0,1.0,31370477+barthpaleologue@users.noreply.github.com,1.0,1.0,1.0,1.0,15,1.0,1.0,1.0,1.0,107,1.0,205,0.5,1,0,0,0,0,0.0,0,0,0.0,48.0,4,0,0,6.0,1.0,6,6,0,2,1,2025-05-27T15:16:42+00:00,14,1,0.6666666666666666,1.0,1,0,461,0.008676789587852495,30,461.0,0.008676789587852495,0.004338394793926247,30.0,3.5,111,0,0,0,1,0,1,0,0,0,0,0,19,0.0,0,,,,2,0.06941431670281996,32,2,1,79,123,2,5,BarthPaleologue/CosmosJourneyer,205,46eabb729bdb6eadae7acce570a72661a112657f,Merge pull request #420 from BarthPaleologue/414-camera-is-not-in-the-correct-position-when-starting-a-new-game,0.0,0,1.0,1.0,1
676,0.5,1,1.0,82,1.0,1.0,31370477+barthpaleologue@users.noreply.github.com,1.0,1.0,1.0,1.0,16,1.0,1.0,1.0,1.0,108,1.0,205,0.4,2,0,0,1,2,0.01694915254237288,0,3,0.0,61.03389830508475,59,16,0,37.0,0.40540540540540543,30,74,44,5,1,2025-05-27T16:13:58+00:00,0,1,0.8918918918918919,1.0,1,0,465,0.2938388625592417,30,338.0,0.15122050654843805,0.021107883605972586,23.0,3.8,84,0,0,0,0,0,1,0,1,0,0,0,13,0.5,1,,,,1,0.04142011834319527,28,2,1,99,143,4,7,BarthPaleologue/CosmosJourneyer,205,c350487661a957fae0ff17d9a742fc332d3229c8,Merge pull request #423 from BarthPaleologue/412-warp-tunnel-stuttering-at-low-speed,0.0,0,1.0,1.0,1
106,0.0,2,0.0,0,nan,nan,jevinjojo1@gmail.com,nan,nan,nan,nan,7,nan,nan,nan,nan,0,0.0,0,1.0,1,0,0,0,0,0.0,0,1,0.0,63.48717948717949,39,0,0,57.0,0.5789473684210527,33,57,24,1,1,2025-06-01T07:56:48+00:00,nan,1,1.0,0.0,0,1,106,0.5377358490566038,1,106.0,0.5377358490566038,0.018867924528301886,1.0,4.0,51,0,0,0,0,0,1,0,0,1,0,0,10,0.0,0,refactor_cleanup,preventive,Human,1,0.1509433962264151,16,1,0,0,0,0,0,BarthPaleologue/CosmosJourneyer,209,af1b0b4e472f38f7cc6f09d509c8c6deb3823b56,Refactor Pause Menu UI in TS instead of HTML (#424),0.0,0,0.0,0.0,6
33,0.75,1,0.9871794871794872,77,nan,nan,31370477+barthpaleologue@users.noreply.github.com,nan,1.0,1.0,1.0,10,nan,1.0,nan,1.0,110,0.990990990990991,209,0.6666666666666666,2,0,3,1,3,0.0,2,2,0.045454545454545456,48.59090909090909,22,0,0,12.5,0.96,24,25,1,3,2,2025-06-01T10:12:56+00:00,nan,1,1.0,0.0,1,1,24,0.9166666666666666,4,16.5,0.625,0.0,2.0,2.6666666666666665,75,0,0,1,0,0,1,0,0,0,0,0,11,0.5,1,,,,0,0.0,0,2,0,0,0,0,0,BarthPaleologue/CosmosJourneyer,209,1e9954c38427b9562f32034a1a1a65a724de7a7b,Merge pull request #434 from BarthPaleologue/433-tauri-add-error-forwarding,0.3333333333333333,1,0.0,1.0,6
111,0.75,1,0.9868421052631579,75,nan,nan,31370477+barthpaleologue@users.noreply.github.com,nan,nan,nan,nan,10,nan,nan,nan,nan,113,0.9912280701754386,216,1.0,1,0,0,0,0,0.0,0,0,0.5,122.5,6,3,0,6.0,0.5,3,6,3,1,2,2025-06-08T10:28:52+00:00,nan,1,1.0,0.0,1,1,111,0.05405405405405406,7,111.0,0.05405405405405406,0.0,7.0,5.0,93,0,0,1,0,0,1,0,0,0,0,0,14,0.0,0,,,,0,0.0,0,2,0,0,0,0,0,BarthPaleologue/CosmosJourneyer,216,d22ac01dd73966d3cbcd440a4f9bbb2894ff3fca,Merge pull request #453 from BarthPaleologue/codex/add-number-formatting-to-slot-component-ui,0.0,0,0.0,0.0,6
433,0.25,2,0.012987012987012988,1,nan,nan,jevinjojo1@gmail.com,nan,nan,nan,nan,9,nan,nan,nan,nan,1,0.008695652173913044,8,0.6666666666666666,2,0,21,1,3,0.029411764705882353,0,0,0.029411764705882353,47.5735294117647,68,3,0,37.0,0.7297297297297297,54,74,20,3,2,2025-06-09T09:28:23+00:00,nan,1,0.2702702702702703,0.0,0,0,416,0.11764705882352941,26,216.5,0.08045814479638008,0.150664592760181,14.0,4.0,47,0,0,1,0,0,1,0,0,0,0,0,7,0.0,0,feature,perfective,Human,1,0.11778290993071594,51,1,0,0,0,0,0,BarthPaleologue/CosmosJourneyer,217,5407e19f784571b7fda3ca7faa664c525cb7fb4e,Add Screenshot Thumbnails to Save Files  (#450),0.0,0,0.0,0.0,0
383,0.75,1,0.9743589743589743,76,1.0,1.0,31370477+barthpaleologue@users.noreply.github.com,1.0,1.0,1.0,1.0,15,1.0,1.0,1.0,1.0,114,0.9827586206896551,219,0.3333333333333333,2,0,0,0,0,0.0,0,3,0.0,35.14705882352941,34,15,0,17.0,0.23529411764705882,8,34,26,6,2,2025-06-10T15:56:37+00:00,16,1,0.9117647058823529,0.5,1,0,336,0.08333333333333333,0,191.5,0.07358156028368794,0.0,0.0,4.333333333333333,132,0,0,0,0,0,1,0,0,0,0,0,12,0.0,0,,,,4,0.26631853785900783,102,2,1,85,114,2,4,BarthPaleologue/CosmosJourneyer,219,9b7da1e3afaefc8fc1b4e56450a751402da4113d,Merge pull request #458 from BarthPaleologue/457-incompatibility-between-volumetriclightscatteringpostprocess-and-backgroundmaterial,0.16666666666666666,1,1.0,1.0,1
216,0.75,1,0.9743589743589743,76,1.0,1.0,31370477+barthpaleologue@users.noreply.github.com,1.0,1.0,1.0,1.0,15,1.0,1.0,1.0,1.0,115,0.9829059829059829,220,0.6666666666666666,4,0,0,0,0,0.058823529411764705,0,0,0.0,59.529411764705884,34,0,0,8.5,0.5294117647058824,18,34,16,6,2,2025-06-11T15:39:00+00:00,0,1,0.35294117647058826,0.25,1,0,73,0.13793103448275862,3,54.0,0.06891764633396436,0.015973630831643,1.25,4.0,75,0,0,0,1,0,1,0,0,0,0,0,10,0.0,0,,,,3,0.2361111111111111,51,2,1,3,32,1,3,BarthPaleologue/CosmosJourneyer,220,fb39610dc49d67acfdcba2b82e64bf730237ef8c,Merge pull request #459 from BarthPaleologue/fix-skybox-godrays-interaction,0.0,0,0.25,0.25,2
736,0.75,1,0.9733333333333334,73,1.0,1.0,31370477+barthpaleologue@users.noreply.github.com,1.0,1.0,1.0,1.0,16,1.0,1.0,1.0,1.0,116,0.9830508474576272,234,0.6666666666666666,2,0,2,0,2,0.05,1,2,0.0,46.725,40,7,0,22.5,0.9111111111111111,41,45,4,3,2,2025-06-25T16:07:49+00:00,41,1,0.5333333333333333,0.0,1,0,687,0.3469387755102041,66,368.0,0.17856400202002198,0.03641980809791165,34.0,3.0,89,0,0,0,0,0,1,0,0,0,0,0,15,0.0,0,,,,4,0.07744565217391304,57,2,1,0,178,0,6,BarthPaleologue/CosmosJourneyer,234,7f4877097cbc70d981d78a1c6c7659e24c3991d3,Merge pull request #467 from BarthPaleologue/466-star-map-stars-are-not-facing-the-camera,0.3333333333333333,1,1.0,1.0,2
513,0.25,2,0.02631578947368421,2,0.0,0.0,jevinjojo1@gmail.com,0.0,0.0,0.0,0.0,7,0.0,0.0,0.0,0.0,2,0.01680672268907563,25,0.75,3,0,0,0,0,0.0,0,3,0.0,44.4054054054054,74,10,0,28.333333333333332,0.9529411764705882,81,85,4,4,2,2025-06-27T07:01:04+00:00,41,1,0.9058823529411765,0.0,0,0,208,0.3299492385786802,51,171.0,0.14256854961169682,0.01647305739945334,27.333333333333332,3.75,62,0,0,1,0,0,1,0,0,0,0,0,10,0.3333333333333333,1,feature,perfective,Human,4,0.3255360623781676,167,1,1,0,92,0,6,BarthPaleologue/CosmosJourneyer,235,7e85f91aa734908d1dc6812d7275a61890f0911f,Add music volume control slider to settings panel (#463) (#34),0.0,0,0.6666666666666666,0.6666666666666666,4
369,0.75,1,0.961038961038961,74,1.0,1.0,31370477+barthpaleologue@users.noreply.github.com,1.0,1.0,1.0,1.0,19,1.0,1.0,1.0,1.0,117,0.975,238,0.45454545454545453,5,0,0,1,7,0.1346153846153846,0,2,0.0,61.51923076923077,52,23,0,11.0,0.4727272727272727,26,55,29,11,2,2025-06-29T19:08:44+00:00,48,1,0.7454545454545455,0.0,1,1,190,2.5,16,73.8,0.6013903918675193,0.05789473684210526,4.6,4.545454545454546,54,0,0,0,0,0,1,0,0,0,0,0,7,0.2,1,,,,2,0.02168021680216802,8,2,1,0,39,0,3,BarthPaleologue/CosmosJourneyer,238,88b9c00485c77a1fa62c0a4338346abc9cb39b91,Merge pull request #474 from BarthPaleologue/balancing,0.0,0,0.2,0.2,6
3148,0.75,1,0.9615384615384616,75,1.0,1.0,31370477+barthpaleologue@users.noreply.github.com,1.0,1.0,1.0,1.0,19,1.0,1.0,1.0,1.0,118,0.9752066115702479,238,0.5918367346938775,29,16,0,4,12,0.18637274549098196,1,78,0.004008016032064128,49.28456913827655,499,172,0,19.79310344827586,0.1951219512195122,112,574,462,49,2,2025-06-29T19:42:53+00:00,0,1,0.8066202090592335,0.06896551724137931,1,1,466,35.0,52,108.55172413793103,1.4330204362702135,0.03998701527936342,6.655172413793103,4.918367346938775,73,0,0,0,0,0,1,0,0,0,0,0,9,0.034482758620689655,1,,,,7,0.05622617534942821,177,2,1,30,533,2,12,BarthPaleologue/CosmosJourneyer,238,9958d29e8973a0e29f72a9647c19ca95b79db764,Merge pull request #477 from BarthPaleologue/centralize-physics-knowledge,0.14285714285714285,7,0.4827586206896552,0.5862068965517241,6
7,0.75,1,0.9620253164556962,76,nan,nan,31370477+barthpaleologue@users.noreply.github.com,nan,nan,nan,nan,16,nan,nan,nan,nan,119,0.9754098360655737,239,0.3333333333333333,1,0,0,0,0,0.0,1,1,0.0,51.266666666666666,15,1,0,17.0,0.5882352941176471,10,17,7,3,2,2025-06-30T16:18:33+00:00,nan,1,0.23529411764705882,0.0,1,0,7,0.5714285714285714,0,7.0,0.5714285714285714,0.0,0.0,3.6666666666666665,70,0,0,0,0,0,1,0,0,0,0,0,9,1.0,1,,,,1,1.0,7,2,0,0,0,0,0,BarthPaleologue/CosmosJourneyer,239,2d9fb9e5e1306d4fd115eb6553749025cc2221db,Merge pull request #481 from BarthPaleologue/improve-discovery-scanner,0.0,0,0.0,0.0,0
1320,0.75,1,0.9625,77,1.0,1.0,31370477+barthpaleologue@users.noreply.github.com,1.0,0.6666666666666666,0.9090909090909091,0.9902912621359223,15,1.0,0.6666666666666666,1.0,0.6666666666666666,120,0.975609756097561,240,0.7272727272727273,8,2,0,4,14,0.0,3,4,0.0,47.431693989071036,183,52,0,23.875,0.8010471204188482,153,191,38,11,2,2025-07-01T15:12:17+00:00,1,1,0.900523560209424,0.25,1,0,701,0.9655172413793104,68,165.0,0.25101289459771503,0.013139557051480111,13.25,4.090909090909091,74,0,0,0,1,0,1,0,0,0,0,0,12,0.25,2,,,,4,0.06893939393939394,91,2,1,13,171,2,7,BarthPaleologue/CosmosJourneyer,240,1e681ddb30d1962d543076070d6e71e7196e73a1,Merge pull request #483 from BarthPaleologue/480-bug-crash-on-save-loading,0.18181818181818182,2,0.25,0.375,1
127,0.75,1,0.9629629629629629,78,1.0,1.0,31370477+barthpaleologue@users.noreply.github.com,1.0,1.0,1.0,1.0,15,1.0,1.0,1.0,1.0,121,0.9758064516129032,240,0.2,1,0,0,0,0,0.0,0,2,0.0,67.9,10,0,0,10.0,0.6,6,10,4,5,2,2025-07-01T15:27:30+00:00,46,1,0.5,0.0,1,0,127,0.03937007874015748,0,127.0,0.03937007874015748,0.0,0.0,3.6,64,0,0,0,1,0,1,0,0,0,0,0,9,0.0,0,,,,2,0.12598425196850394,16,2,1,0,45,0,4,BarthPaleologue/CosmosJourneyer,240,04c73015afa0e6d8b1d6a097261113a6a6b57656,Merge pull request #484 from BarthPaleologue/fix-orbit-rendering,0.0,0,1.0,1.0,1
126,0.25,2,0.0379746835443038,3,nan,nan,jevinjojo1@gmail.com,nan,1.0,1.0,1.0,16,nan,1.0,nan,1.0,3,0.023809523809523808,41,1.0,1,0,0,0,1,0.0,0,0,0.0,40.1578947368421,19,0,0,20.0,0.95,19,20,1,1,2,2025-07-12T16:28:19+00:00,nan,1,1.0,0.0,0,1,126,0.15873015873015872,17,126.0,0.15873015873015872,0.0,17.0,4.0,34,0,0,0,0,0,1,0,0,0,0,0,6,0.0,0,feature,perfective,Human,2,0.8650793650793651,109,1,0,0,0,0,0,BarthPaleologue/CosmosJourneyer,251,dc636a66793d1322fc9dbe0e51683ebed1357590,Close button in Side Panels (#492),0.0,0,0.0,1.0,5
92,0.75,1,0.95,76,nan,nan,31370477+barthpaleologue@users.noreply.github.com,nan,nan,nan,nan,16,nan,nan,nan,nan,123,0.968503937007874,251,0.5,1,0,0,0,0,0.1111111111111111,0,0,0.0,55.888888888888886,9,15,0,11.0,0.6363636363636364,7,11,4,2,2,2025-07-12T16:43:12+00:00,nan,1,0.6363636363636364,0.0,1,1,92,0.07608695652173914,2,92.0,0.07608695652173914,0.358695652173913,2.0,4.5,79,0,0,0,1,0,1,0,0,0,0,0,11,0.0,0,,,,0,0.0,0,2,0,0,0,0,0,BarthPaleologue/CosmosJourneyer,251,ff9caa8c2685d47b1b6d6cb573a085f910f49121,Merge pull request #497 from BarthPaleologue/fix-mie-scattering-cornette-shanks,0.0,0,0.0,0.0,5
72,0.75,1,0.9506172839506173,77,nan,nan,31370477+barthpaleologue@users.noreply.github.com,nan,nan,nan,nan,16,nan,nan,nan,nan,124,0.96875,251,1.0,1,0,0,0,0,0.0,0,0,0.0,64.28571428571429,7,0,0,8.0,0.625,5,8,3,1,2,2025-07-12T16:49:16+00:00,nan,1,1.0,0.0,1,1,72,0.1111111111111111,16,72.0,0.1111111111111111,0.0,16.0,4.0,74,0,0,0,1,0,1,0,0,0,0,0,11,1.0,1,,,,0,0.0,0,2,0,0,0,0,0,BarthPaleologue/CosmosJourneyer,251,078bfc3c6998c992cc513c8eb9b3b350de0d8dcb,Merge pull request #494 from BarthPaleologue/fix-repeating-sounds-in-queue,0.0,0,0.0,0.0,5
3352,0.75,1,0.9506172839506173,77,1.0,1.0,31370477+barthpaleologue@users.noreply.github.com,1.0,1.0,1.0,1.0,18,1.0,1.0,1.0,1.0,125,0.9689922480620154,255,0.618421052631579,47,0,57,0,6,0.028455284552845527,2,89,0.0,58.6910569105691,492,62,0,11.617021276595745,0.3901098901098901,213,546,333,76,2,2025-07-16T18:04:54+00:00,15,1,0.7875457875457875,0.10638297872340426,1,0,470,0.75,52,71.31914893617021,0.20148775777900133,0.03173455155734523,2.702127659574468,4.2631578947368425,67,0,0,0,0,0,1,0,0,0,0,0,9,0.10638297872340426,5,,,,8,0.0366945107398568,123,2,1,59,859,4,17,BarthPaleologue/CosmosJourneyer,255,54257bff725a3525652a76efd28044fa2029f6d0,Merge pull request #501 from BarthPaleologue/overhaul-asset-loading,0.013157894736842105,1,0.6595744680851063,0.6739130434782609,2
127,0.75,1,0.9512195121951219,78,0.95,0.7929936305732485,31370477+barthpaleologue@users.noreply.github.com,1.0,1.0,0.95,0.7929936305732485,15,0.875,0.875,0.875,0.875,126,0.9692307692307692,256,0.03582089552238806,12,0,0,2,2,0.004914004914004914,0,354,0.0,64.05405405405405,407,0,0,34.083333333333336,0.5207823960880196,213,409,196,335,2,2025-07-17T15:07:03+00:00,0,1,0.1295843520782396,0.5833333333333334,1,0,25,0.76,4,10.583333333333334,0.3737423687423687,0.05527777777777778,0.3333333333333333,4.844776119402985,63,0,0,0,0,0,1,0,0,0,0,0,9,0.08333333333333333,1,,,,4,1.4330708661417322,182,2,2,197,282,4,10,BarthPaleologue/CosmosJourneyer,256,0858e751a41f47acba1abf8bd3ac460a0bd49841,Merge pull request #504 from BarthPaleologue/502-align-tsconfig,0.026865671641791045,9,0.6666666666666666,0.6666666666666666,3
1738,0.75,1,0.9459459459459459,70,0.8125,0.5622119815668203,31370477+barthpaleologue@users.noreply.github.com,0.7272727272727273,0.7272727272727273,0.782608695652174,0.7030812324929971,20,0.7272727272727273,0.7272727272727273,0.7272727272727273,0.7272727272727273,128,0.9696969696969697,263,0.5161290322580645,16,0,51,0,8,0.01634877384196185,4,29,0.0,57.2724795640327,367,5,0,24.9375,0.46365914786967416,185,399,214,31,2,2025-07-24T20:42:29+00:00,8,1,0.5739348370927319,0.3125,1,0,391,0.7,31,108.625,0.2203878025481933,0.0727559376827367,8.8125,3.774193548387097,93,0,0,0,0,0,1,0,0,0,0,0,14,0.1875,3,,,,3,0.059263521288837745,103,2,2,57,177,4,11,BarthPaleologue/CosmosJourneyer,263,06ba93534785fcb732cf4b23c9d434da11f94eb1,Merge pull request #507 from BarthPaleologue/503-investigate-file-system-api-for-save-storage,0.1935483870967742,6,0.6875,0.7857142857142857,3
3961,0.75,1,0.9272727272727272,51,0.9897959183673469,0.9974640743871513,31370477+barthpaleologue@users.noreply.github.com,1.0,1.0,0.9905660377358491,0.9977409638554217,17,0.9655172413793104,0.9666666666666667,1.0,1.0,130,0.9701492537313433,314,0.825,33,4,0,0,2,0.0880503144654088,0,39,0.0,58.5125786163522,318,106,0,10.151515151515152,0.42388059701492536,142,335,193,40,2,2025-09-13T17:43:06+00:00,50,1,0.6925373134328359,0.0,1,1,713,1.4210526315789473,68,120.03030303030303,0.1122326375201478,0.03122313471569047,6.9393939393939394,3.875,59,1,0,0,0,0,1,0,0,0,0,0,9,0.0,0,,,,5,0.004291845493562232,17,2,2,0,210,0,7,BarthPaleologue/CosmosJourneyer,314,20e409fff0c222907d2f2e2264d9cefcce7e095c,Merge pull request #486 from BarthPaleologue/upgrade-deps-3,0.075,3,0.8787878787878788,0.9375,5
871,0.75,1,0.9272727272727272,51,1.0,1.0,31370477+barthpaleologue@users.noreply.github.com,1.0,1.0,1.0,1.0,8,1.0,1.0,1.0,1.0,131,0.9703703703703703,316,0.8888888888888888,8,0,0,2,3,1.0,0,0,0.06896551724137931,61.55172413793103,29,0,0,3.625,0.4827586206896552,14,29,15,9,2,2025-09-16T08:33:02+00:00,60,1,0.9310344827586207,0.0,1,0,450,0.2413793103448276,44,108.875,0.09361687664499772,0.3598389017321464,9.75,4.222222222222222,75,0,1,0,1,0,1,0,0,0,0,0,12,0.0,0,,,,1,0.08266360505166476,72,2,1,0,8,0,2,BarthPaleologue/CosmosJourneyer,316,ae891c8c5e3be131abcf0afcb02cf60a30a21eff,Merge pull request #520 from BarthPaleologue/codex/fix-warnings-in-pnpm-doc,0.0,0,0.375,0.5,1
677,0.75,1,0.9259259259259259,50,1.0,1.0,31370477+barthpaleologue@users.noreply.github.com,1.0,1.0,1.0,1.0,9,1.0,1.0,1.0,1.0,132,0.9705882352941176,321,0.625,5,0,2,0,0,0.021739130434782608,0,4,0.0,57.56521739130435,46,0,0,10.2,0.49019607843137253,25,51,26,8,2,2025-09-21T09:33:39+00:00,7,1,0.8823529411764706,0.4,1,1,470,0.574468085106383,52,135.4,0.16709550132109582,0.07797576832151301,11.4,4.0,67,0,0,0,1,0,1,0,0,0,0,0,9,0.2,1,,,,1,0.011816838995568686,8,2,1,6,38,1,3,BarthPaleologue/CosmosJourneyer,321,b97e41f43d0c2f18c7a86bf868b21ded2d507ff5,Merge pull request #522 from BarthPaleologue/fix-skybox-reflections,0.0,0,0.8,0.8,6
455,0.75,1,0.9245283018867925,49,0.9,0.9702970297029703,31370477+barthpaleologue@users.noreply.github.com,1.0,1.0,0.9,0.9702970297029703,16,1.0,1.0,1.0,1.0,133,0.9708029197080292,324,1.0,3,0,0,0,0,0.0,0,0,0.0,84.41935483870968,31,3,0,10.333333333333334,0.5161290322580645,16,31,15,3,2,2025-09-23T16:21:01+00:00,9,1,1.0,0.3333333333333333,1,0,207,0.5283018867924528,51,151.66666666666666,0.18112973830775306,0.014889136628267062,25.0,4.333333333333333,59,0,0,0,0,0,1,0,1,0,0,0,8,0.0,0,,,,0,0.0,0,2,2,2,16,1,3,BarthPaleologue/CosmosJourneyer,324,0dd06c5ba3c7a88524dc545db79bc1dd6a0ec598,Merge pull request #523 from BarthPaleologue/faster-loading,0.0,0,1.0,1.0,1
145,0.75,1,0.9259259259259259,50,1.0,1.0,31370477+barthpaleologue@users.noreply.github.com,1.0,1.0,1.0,1.0,16,1.0,1.0,1.0,1.0,134,0.9710144927536232,324,1.0,1,0,0,0,0,0.0,0,0,0.0,73.0,2,4,0,2.0,0.5,1,2,1,1,2,2025-09-23T16:30:47+00:00,9,1,1.0,1.0,1,0,145,0.013793103448275862,5,145.0,0.013793103448275862,0.013793103448275862,5.0,4.0,56,0,0,0,1,0,1,0,0,0,0,0,9,0.0,0,,,,0,0.0,0,2,1,2,2,1,1,BarthPaleologue/CosmosJourneyer,324,381bb9f2548afe122263ca05627f7c1998a0e4f3,Merge pull request #524 from BarthPaleologue/fix-radar-x,0.0,0,1.0,1.0,1
4457,0.75,1,0.9272727272727272,51,1.0,1.0,31370477+barthpaleologue@users.noreply.github.com,1.0,1.0,1.0,1.0,17,1.0,1.0,1.0,1.0,135,0.9712230215827338,325,0.7954545454545454,35,10,0,5,5,0.04801670146137787,0,31,0.0,50.62212943632568,479,294,0,14.314285714285715,0.6706586826347305,336,501,165,44,2,2025-09-24T17:33:08+00:00,3,1,0.8762475049900199,0.11428571428571428,1,0,713,0.958904109589041,68,127.34285714285714,0.1912007155152525,0.07732694328878718,10.771428571428572,4.9772727272727275,89,1,0,0,0,0,1,0,0,0,0,0,13,0.08571428571428572,3,,,,1,0.0017949293246578416,8,2,1,34,177,3,7,BarthPaleologue/CosmosJourneyer,325,f7b0d35be8a06566f7928fade053c31d4545ee8e,Merge pull request #525 from BarthPaleologue/417-remove-dependency-of-backend-on-frontend,0.045454545454545456,2,0.6571428571428571,0.6764705882352942,2
388,0.75,1,0.9285714285714286,52,1.0,1.0,31370477+barthpaleologue@users.noreply.github.com,1.0,1.0,1.0,1.0,16,1.0,1.0,1.0,1.0,136,0.9714285714285714,326,0.6,3,2,18,1,12,0.05263157894736842,12,0,0.0,50.91228070175438,171,4,0,64.66666666666667,0.6907216494845361,134,194,60,5,2,2025-09-25T16:29:33+00:00,133,1,0.979381443298969,0.0,1,0,353,0.8888888888888888,8,129.33333333333334,0.5394138963544063,0.008498583569405098,3.3333333333333335,3.0,96,0,0,0,0,0,1,0,0,0,0,0,17,0.6666666666666666,2,,,,1,0.005154639175257732,2,2,0,0,0,0,0,BarthPaleologue/CosmosJourneyer,326,89c4fc39a02a4c5ce6ae34a002590b26601dedc8,Merge pull request #528 from BarthPaleologue/327-define-main-menu-ui-from-ts-instead-of-raw-html,0.2,1,0.3333333333333333,1.0,3
806,0.75,1,0.9298245614035088,53,0.7142857142857143,0.7048611111111112,31370477+barthpaleologue@users.noreply.github.com,1.0,1.0,0.8,0.7740384615384616,17,1.0,1.0,0.3333333333333333,0.5,137,0.9716312056737588,326,0.4,4,0,6,1,6,0.029411764705882353,6,12,0.0,50.7563025210084,238,20,0,71.0,0.5,142,284,142,10,2,2025-09-25T17:45:41+00:00,0,2,0.9471830985915493,0.25,1,0,353,0.9428571428571428,13,201.5,0.4400227493807609,0.04570095848433893,10.75,4.1,102,0,0,0,0,0,1,0,0,0,0,0,18,0.0,0,,,,0,0.0,0,2,2,176,273,1,5,BarthPaleologue/CosmosJourneyer,326,eb37f42975d839883bf27e368c7a30f0c38ee712,Merge pull request #529 from BarthPaleologue/328-define-the-side-panels-ui-from-ts-instead-of-raw-html,0.0,0,0.75,1.0,3
603,0.75,1,0.9310344827586207,54,1.0,1.0,31370477+barthpaleologue@users.noreply.github.com,1.0,1.0,1.0,1.0,9,1.0,1.0,1.0,1.0,138,0.971830985915493,328,0.15172413793103448,22,0,0,0,1,0.07218683651804671,0,351,0.0,59.48619957537155,471,16,0,23.636363636363637,0.40384615384615385,210,520,310,145,2,2025-09-28T09:25:39+00:00,3,1,0.2980769230769231,0.18181818181818182,1,1,121,6.3,8,27.40909090909091,0.7168364553219303,0.031077054336614496,0.6818181818181818,4.820689655172414,58,0,0,0,0,0,1,0,0,1,0,0,8,0.045454545454545456,1,,,,0,0.0,0,2,1,23,50,2,5,BarthPaleologue/CosmosJourneyer,328,caac09bc76bcefc82f197c6a381799aa51b5f1e1,Merge pull request #530 from BarthPaleologue/utils-cleanup,0.027586206896551724,4,0.7272727272727273,0.8636363636363636,6
758,0.75,1,0.9322033898305084,55,nan,nan,31370477+barthpaleologue@users.noreply.github.com,nan,1.0,1.0,1.0,10,nan,1.0,nan,1.0,140,0.9722222222222222,328,1.0,2,1,0,0,1,0.0,2,0,0.0,49.0625,16,8,0,10.0,0.95,19,20,1,2,2,2025-09-28T10:20:46+00:00,nan,1,1.0,0.0,1,1,726,0.0625,22,379.0,0.04364669421487603,0.022727272727272728,11.5,4.0,93,0,0,0,0,0,1,0,0,0,0,0,10,1.0,2,,,,1,0.04353562005277045,33,2,0,0,0,0,0,BarthPaleologue/CosmosJourneyer,328,bfee93082d4eeb70442f962a3e7389f6bbc293f1,Merge pull request #532 from BarthPaleologue/codex/update-serializedplayerschema-creationdate,0.5,1,0.0,0.5,6
769,0.75,1,0.9333333333333333,56,1.0,1.0,31370477+barthpaleologue@users.noreply.github.com,1.0,1.0,1.0,1.0,10,1.0,1.0,1.0,1.0,141,0.9724137931034482,328,1.0,2,3,0,0,1,0.0,0,0,0.0,58.29032258064516,31,4,0,16.5,0.6363636363636364,21,33,12,2,2,2025-09-28T10:28:56+00:00,0,1,1.0,1.0,1,1,735,0.7058823529411765,23,384.5,0.3590636254501801,0.022448979591836733,12.0,4.0,100,0,0,0,0,0,1,0,0,0,0,0,12,0.0,0,,,,0,0.0,0,2,1,20,20,1,1,BarthPaleologue/CosmosJourneyer,328,2a99c39fcb54a0e476f556b8a4b3f024e9b351cd,Merge pull request #533 from BarthPaleologue/codex/wrap-spaceships-default-in-serializedplayerschema,0.5,1,1.0,1.0,6
482,0.75,1,0.9344262295081968,57,1.0,1.0,31370477+barthpaleologue@users.noreply.github.com,1.0,1.0,0.6666666666666666,0.8461538461538461,10,1.0,1.0,1.0,1.0,142,0.9726027397260274,328,1.0,3,6,3,0,2,0.0,2,0,0.0,50.58139534883721,43,8,0,16.0,0.9583333333333334,46,48,2,3,2,2025-09-28T10:39:53+00:00,65,1,1.0,0.0,1,1,363,0.12121212121212122,25,160.66666666666666,0.08215842636895268,0.22231066647334588,10.0,4.666666666666667,86,0,0,0,0,0,1,0,0,0,0,1,12,0.0,0,,,,0,0.0,0,2,1,0,2,0,1,BarthPaleologue/CosmosJourneyer,328,85540b20b4a666cb0030530b49efafa182c53dbe,Merge pull request #534 from BarthPaleologue/codex/update-timestamp-defaults-and-tests,0.3333333333333333,1,0.3333333333333333,0.3333333333333333,6
5165,0.75,1,0.9310344827586207,54,nan,nan,31370477+barthpaleologue@users.noreply.github.com,nan,nan,nan,nan,8,nan,nan,nan,nan,144,0.972972972972973,338,0.5875,47,8,0,26,268,0.0,0,45,0.0,51.46460980036298,551,40,0,11.787234042553191,0.4314079422382672,239,554,315,80,2,2025-10-08T08:31:54+00:00,nan,1,0.7436823104693141,0.0,1,0,713,0.9375,68,109.8936170212766,0.11297038139876987,0.027431023032092737,8.702127659574469,7.225,100,0,0,0,0,0,1,0,0,1,0,0,11,0.02127659574468085,1,,,,18,0.13068731848983542,675,2,0,0,0,0,0,BarthPaleologue/CosmosJourneyer,338,7976fdd13f5a944dad72756d54a4469f75d9577b,Merge pull request #541 from BarthPaleologue/codex/refactor-orbitalobjecttype-and-orbitalobjectmodel,0.0625,5,0.0,0.0,2
2538,0.75,1,0.9322033898305084,55,1.0,1.0,31370477+barthpaleologue@users.noreply.github.com,1.0,1.0,1.0,1.0,16,1.0,1.0,1.0,1.0,146,0.9733333333333334,339,0.7647058823529411,13,0,0,2,3,0.017421602787456445,0,31,0.0,46.62020905923345,287,4,0,22.692307692307693,0.5796610169491525,171,295,124,17,2,2025-10-08T16:21:01+00:00,0,1,0.6949152542372882,0.07692307692307693,1,0,714,0.48672566371681414,68,195.23076923076923,0.1292271028062893,0.020144200626487,13.76923076923077,5.823529411764706,106,0,0,0,0,0,1,0,0,1,0,0,13,0.07692307692307693,1,,,,17,0.15918045705279749,404,2,1,4,4,1,1,BarthPaleologue/CosmosJourneyer,339,4df5f5bcf096471fd3aec9f3efcc58a85c962725,Merge pull request #540 from BarthPaleologue/codex/refactor-notification-system-to-use-notificationmanager,0.0,0,0.07692307692307693,0.07692307692307693,2
349,0.75,1,0.9272727272727272,51,nan,nan,31370477+barthpaleologue@users.noreply.github.com,nan,nan,nan,nan,18,nan,nan,nan,nan,148,0.9736842105263158,344,0.8333333333333334,5,0,1,0,3,0.0,1,6,0.0,59.0989010989011,91,35,0,21.2,0.4056603773584906,43,106,63,6,2,2025-10-13T18:23:01+00:00,nan,1,0.9056603773584906,0.0,1,0,120,0.3867924528301887,7,69.8,0.22373211693966413,0.0016666666666666666,3.4,5.666666666666667,61,0,0,0,0,0,1,0,0,0,0,0,8,0.0,0,,,,12,0.6017191977077364,210,2,0,0,0,0,0,BarthPaleologue/CosmosJourneyer,344,7fe6f5488936526188ee170ce3e836a3165bd427,Merge pull request #547 from BarthPaleologue/procedural-tanks,0.16666666666666666,1,0.0,0.0,0
8363,0.75,1,0.9285714285714286,52,1.0,1.0,31370477+barthpaleologue@users.noreply.github.com,1.0,1.0,1.0,1.0,12,1.0,1.0,1.0,1.0,149,0.9738562091503268,346,0.9538461538461539,62,4,108,0,14,0.006550218340611353,0,58,0.0,74.03275109170306,916,30,0,14.774193548387096,0.48034934497816595,440,916,476,65,2,2025-10-16T12:27:18+00:00,2,1,0.8417030567685589,0.3064516129032258,1,0,743,0.4,52,134.88709677419354,0.12970192694925675,0.06386261908922683,10.661290322580646,6.630769230769231,95,0,0,0,0,0,1,0,0,0,0,0,11,0.27419354838709675,17,,,,23,0.09123520267846466,763,2,1,155,155,3,3,BarthPaleologue/CosmosJourneyer,346,2861a1380da355ebc6ee1b5fb67977f12fe831e9,Merge pull request #549 from BarthPaleologue/codex/rename-starsystemdatabase-to-universebackend,0.16923076923076924,11,0.3064516129032258,0.32727272727272727,3
1585,0.75,1,0.9298245614035088,53,1.0,1.0,31370477+barthpaleologue@users.noreply.github.com,1.0,1.0,1.0,1.0,15,1.0,1.0,1.0,1.0,150,0.974025974025974,347,0.9444444444444444,17,2,0,0,28,0.0,1,0,0.0,34.828054298642535,221,33,0,13.882352941176471,0.5847457627118644,138,236,98,18,2,2025-10-16T15:32:21+00:00,0,1,0.9576271186440678,0.17647058823529413,1,0,703,0.8285714285714286,31,93.23529411764706,0.36886955441200664,0.07024738043313895,6.176470588235294,6.055555555555555,59,1,0,0,0,0,1,0,0,0,0,0,9,0.29411764705882354,5,,,,2,0.05993690851735016,95,2,1,134,134,2,2,BarthPaleologue/CosmosJourneyer,347,2554c550cb9c739fac2c97ca99f596f40052e7ab,Merge pull request #548 from BarthPaleologue/upgrade-deps-2,0.1111111111111111,2,0.17647058823529413,0.35714285714285715,3
1865,0.75,1,0.9310344827586207,54,nan,nan,31370477+barthpaleologue@users.noreply.github.com,nan,nan,nan,nan,18,nan,nan,nan,nan,151,0.9741935483870968,347,0.9629629629629629,26,0,2,0,7,0.0,16,13,0.0,59.87643678160919,348,1,0,14.692307692307692,0.6858638743455497,262,382,120,27,2,2025-10-16T18:33:10+00:00,nan,1,0.9659685863874345,0.0,1,0,196,0.8846153846153846,9,71.73076923076923,0.24723122871811704,0.012729515382880086,2.3461538461538463,6.7407407407407405,60,0,0,0,0,0,1,0,0,0,0,0,8,0.19230769230769232,5,,,,9,0.10455764075067024,195,2,0,0,0,0,0,BarthPaleologue/CosmosJourneyer,347,23e879a80a117c2d578fe5920590d22f3c339f52,Merge pull request #550 from BarthPaleologue/floating-origin,0.0,0,0.0,0.0,3
632,0.75,1,0.9322033898305084,55,1.0,1.0,31370477+barthpaleologue@users.noreply.github.com,1.0,1.0,1.0,1.0,13,1.0,1.0,1.0,1.0,152,0.9743589743589743,351,0.75,3,0,1,2,4,0.06896551724137931,0,1,0.0,48.96551724137931,29,3,0,11.333333333333334,1.0,34,34,0,4,2,2025-10-20T13:56:12+00:00,11,1,0.4411764705882353,0.3333333333333333,1,0,497,0.04918032786885246,30,210.66666666666666,0.03210935974731865,0.006805862497388705,15.666666666666666,6.25,64,0,0,1,0,0,1,0,0,0,0,0,11,0.0,0,,,,9,0.40664556962025317,257,2,1,58,58,1,1,BarthPaleologue/CosmosJourneyer,351,418a269674400b9b621620bd4e8953945c3e146d,Merge pull request #556 from lippoh/feature/low-fuel-warning-511,0.0,0,0.3333333333333333,0.3333333333333333,0
538,0.75,1,0.9285714285714286,52,1.0,1.0,31370477+barthpaleologue@users.noreply.github.com,1.0,1.0,1.0,1.0,12,1.0,1.0,1.0,1.0,153,0.9745222929936306,357,1.0,2,0,0,9,8,0.5454545454545454,0,0,0.0,60.8,55,3,1,31.0,0.7096774193548387,44,62,18,2,2,2025-10-27T12:52:13+00:00,11,1,1.0,0.5,1,0,491,0.12423625254582485,58,269.0,0.07275642414525285,0.10692464358452139,30.5,6.5,67,0,0,0,1,0,1,0,0,0,0,0,11,0.0,0,,,,10,0.2732342007434944,147,2,1,18,18,2,2,BarthPaleologue/CosmosJourneyer,357,ea12039e03f830ca75409dc090471ba6893cf336,Merge pull request #558 from lippoh/fix/warp-emergency-shutdown-557,0.0,0,0.5,0.5,0
197,0.75,1,0.9285714285714286,52,nan,nan,31370477+barthpaleologue@users.noreply.github.com,nan,nan,nan,nan,17,nan,nan,nan,nan,154,0.9746835443037974,359,0.3333333333333333,1,0,0,1,1,0.35294117647058826,0,0,0.0,27.294117647058822,17,4,0,21.0,1.0,21,21,0,3,2,2025-10-28T17:56:53+00:00,nan,1,0.3333333333333333,0.0,1,0,197,0.03553299492385787,16,197.0,0.03553299492385787,0.29441624365482233,16.0,6.0,70,0,0,0,0,0,1,0,0,0,0,0,11,0.0,0,,,,3,0.19289340101522842,38,2,0,0,0,0,0,BarthPaleologue/CosmosJourneyer,359,d1b76bc50a048ee8b249a64193979c844c7a1b98,Merge pull request #561 from lippoh/enhancement/idle-ship-throttle-560,0.0,0,0.0,0.0,1
449,0.75,1,0.9298245614035088,53,1.0,1.0,31370477+barthpaleologue@users.noreply.github.com,1.0,1.0,1.0,1.0,8,1.0,1.0,1.0,1.0,155,0.9748427672955975,359,1.0,7,0,0,1,0,0.21739130434782608,0,0,0.0,57.608695652173914,23,0,0,3.2857142857142856,0.391304347826087,9,23,14,7,2,2025-10-29T08:33:19+00:00,12,1,1.0,0.7142857142857143,1,0,188,0.2857142857142857,1,64.14285714285714,0.0787017202666755,0.034983993439654616,0.2857142857142857,5.142857142857143,59,1,0,0,0,0,1,0,0,0,0,0,9,0.0,0,,,,7,0.1447661469933185,65,2,1,47,47,1,1,BarthPaleologue/CosmosJourneyer,359,ec929eb567a8e150487cd775067daae929c25adf,Merge pull request #562 from BarthPaleologue/upgrade-deps-4,0.14285714285714285,1,0.7142857142857143,0.8571428571428571,2
1464,0.75,1,0.9310344827586207,54,1.0,1.0,31370477+barthpaleologue@users.noreply.github.com,1.0,1.0,1.0,1.0,16,1.0,1.0,1.0,1.0,156,0.975,360,0.9285714285714286,13,0,0,0,4,0.029940119760479042,1,1,0.0,56.49101796407186,167,56,0,13.692307692307692,0.33707865168539325,60,178,118,14,2,2025-10-29T16:47:26+00:00,13,1,0.8202247191011236,0.23076923076923078,1,0,689,0.22727272727272727,66,112.61538461538461,0.1339446920236544,0.029389613791259504,5.615384615384615,5.785714285714286,72,0,0,0,0,0,1,0,0,0,0,0,9,0.0,0,,,,7,0.11612021857923498,170,2,1,25,25,3,3,BarthPaleologue/CosmosJourneyer,360,c9d1ff1965762f5e4c6805bdfef14aa01e18b67b,Merge pull request #564 from BarthPaleologue/floating-origin-experiments,0.0,0,0.23076923076923078,0.23076923076923078,2
70,0.75,1,0.9322033898305084,55,1.0,1.0,31370477+barthpaleologue@users.noreply.github.com,1.0,1.0,1.0,1.0,21,1.0,1.0,1.0,1.0,157,0.9751552795031055,361,0.2,2,0,3,0,0,0.06329113924050633,0,6,0.0,46.36708860759494,79,20,0,41.5,0.5542168674698795,46,83,37,10,2,2025-10-30T21:10:26+00:00,1,1,0.1686746987951807,0.5,1,0,64,0.3333333333333333,0,35.0,0.26041666666666663,0.078125,0.0,5.3,67,0,0,0,0,0,1,0,0,0,0,0,9,0.5,1,,,,0,0.0,0,2,1,14,14,2,2,BarthPaleologue/CosmosJourneyer,361,1f3a28232b44a9228a5357833df8d69d415a73d3,Merge pull request #565 from BarthPaleologue/split-starmap-monolith,0.1,1,0.5,1.0,3
707,0.75,1,0.9322033898305084,55,1.0,1.0,31370477+barthpaleologue@users.noreply.github.com,1.0,1.0,1.0,1.0,12,1.0,1.0,1.0,1.0,158,0.9753086419753086,362,0.5,3,0,2,0,0,0.0,0,2,0.0,48.529411764705884,17,0,0,6.666666666666667,0.9,18,20,2,6,2,2025-11-01T12:05:05+00:00,4,1,0.85,0.6666666666666666,1,1,504,0.25,58,235.66666666666666,0.09535002035002034,0.07628205128205129,27.333333333333332,5.5,59,0,0,0,0,0,1,0,0,0,0,0,8,0.0,0,,,,14,0.33946251768033947,240,2,1,105,105,3,3,BarthPaleologue/CosmosJourneyer,362,10b984eb833c33ff2fd6618e0a2c5883cad74e2d,Merge pull request #566 from BarthPaleologue/gravity-system,0.0,0,0.6666666666666666,0.6666666666666666,5
933,0.75,1,0.9333333333333333,56,1.0,1.0,31370477+barthpaleologue@users.noreply.github.com,1.0,1.0,1.0,1.0,12,1.0,1.0,1.0,1.0,159,0.9754601226993865,362,0.6666666666666666,4,0,0,1,3,0.17777777777777778,0,1,0.0,62.93333333333333,45,2,0,13.5,0.12962962962962962,7,54,47,6,2,2025-11-01T12:17:00+00:00,0,1,0.7592592592592593,0.5,1,1,485,0.07894736842105263,54,233.25,0.05132281854402786,0.08309319825008911,16.0,5.666666666666667,67,0,0,0,0,0,1,0,0,0,0,0,9,0.0,0,,,,10,0.1982851018220793,185,2,1,98,98,4,4,BarthPaleologue/CosmosJourneyer,362,4060408f990bbafc8b70ae7e2edd82b5f6c15f2b,Merge pull request #567 from BarthPaleologue/floating-origin-system,0.0,0,0.5,0.6666666666666666,5
259,0.75,1,0.9333333333333333,56,1.0,1.0,31370477+barthpaleologue@users.noreply.github.com,1.0,1.0,1.0,1.0,12,1.0,1.0,1.0,1.0,160,0.975609756097561,363,1.6666666666666667,5,0,3,5,7,0.0,2,2,0.0,37.123456790123456,81,24,0,18.8,1.0,94,94,0,3,2,2025-11-02T12:16:23+00:00,1,2,1.0,0.2,1,1,143,0.8333333333333334,10,51.8,0.5391794871794872,0.03177622377622378,4.8,3.6666666666666665,81,0,0,1,0,0,1,0,0,0,0,0,13,0.2,1,,,,8,0.30115830115830117,78,2,1,2,2,1,1,BarthPaleologue/CosmosJourneyer,363,eb0aec29032de178e0c6991fd5687e544bbef5bc,Merge pull request #568 from BarthPaleologue/codex/add-qr-code-support-for-mobile,0.0,0,0.2,0.6666666666666666,6
734,0.75,1,0.9344262295081968,57,nan,nan,31370477+barthpaleologue@users.noreply.github.com,nan,nan,nan,nan,15,nan,nan,nan,nan,161,0.9757575757575757,364,1.1111111111111112,10,0,0,0,0,0.0,0,1,0.0,38.340425531914896,47,0,0,5.2,0.7884615384615384,41,52,11,9,2,2025-11-02T15:29:20+00:00,nan,1,0.9807692307692307,0.0,1,1,136,0.7,1,73.4,0.12353486874386461,0.048382080355782106,0.1,8.777777777777779,75,0,0,0,0,0,1,0,0,0,0,0,10,0.0,0,,,,9,0.7629427792915532,560,2,0,0,0,0,0,BarthPaleologue/CosmosJourneyer,364,c9d0ed7afe62c32a5cbe95ac63cbccda30cf25ac,Merge pull request #569 from BarthPaleologue/bsl-parallax-occlusion-mapping,0.0,0,0.0,0.0,6
1613,0.75,1,0.9333333333333333,56,1.0,1.0,31370477+barthpaleologue@users.noreply.github.com,1.0,1.0,1.0,1.0,16,1.0,1.0,1.0,1.0,164,0.9761904761904762,367,0.6363636363636364,7,0,1,8,18,0.05670103092783505,2,1,0.005154639175257732,56.922680412371136,194,7,0,33.142857142857146,0.4267241379310345,99,232,133,11,2,2025-11-05T16:46:46+00:00,4,1,0.11206896551724138,0.8571428571428571,1,0,496,0.125,53,230.42857142857142,0.034117228592847285,0.03561336716168934,13.285714285714286,5.545454545454546,52,0,0,0,1,0,1,0,0,0,0,0,8,0.0,0,,,,21,0.26968381897086174,435,2,1,247,247,10,10,BarthPaleologue/CosmosJourneyer,367,f7d6a468b8157817f80654b10d199d7b4e34ae41,Merge pull request #576 from BarthPaleologue/fix-573,0.0,0,0.8571428571428571,0.8571428571428571,2
752,0.75,1,0.9344262295081968,57,1.0,1.0,31370477+barthpaleologue@users.noreply.github.com,1.0,1.0,1.0,1.0,17,1.0,1.0,1.0,1.0,165,0.9763313609467456,367,1.0,9,0,0,0,0,0.017241379310344827,0,0,0.0,39.775862068965516,116,0,0,13.11111111111111,0.5932203389830508,70,118,48,9,2,2025-11-05T17:04:13+00:00,3,1,0.9152542372881356,0.8888888888888888,1,0,138,0.34065934065934067,2,83.55555555555556,0.14989595708527417,0.051956598680394345,0.3333333333333333,8.777777777777779,60,0,0,0,0,0,1,0,0,0,0,0,9,0.0,0,,,,9,0.7101063829787234,534,2,1,16,16,1,1,BarthPaleologue/CosmosJourneyer,367,e9e97d5f1c0b2c58955da8eabec9cc68ef3ae7b3,Merge pull request #577 from BarthPaleologue/improve-bsl-pbr,0.0,0,0.8888888888888888,1.0,2
100,0.75,1,0.9285714285714286,52,nan,nan,31370477+barthpaleologue@users.noreply.github.com,nan,1.0,1.0,1.0,18,nan,1.0,nan,1.0,166,0.9764705882352941,372,1.0,1,0,0,1,2,0.12280701754385964,0,1,0.0,43.14035087719298,57,3,0,72.0,1.0,72,72,0,1,2,2025-11-10T18:00:37+00:00,nan,1,0.9861111111111112,0.0,1,0,100,0.71,5,100.0,0.71,0.19,5.0,6.0,58,0,0,0,0,0,1,0,0,0,0,0,8,0.0,0,,,,1,0.04,4,2,0,0,0,0,0,BarthPaleologue/CosmosJourneyer,372,e1460a73d126e4fe4a202e5411015faa9cbd561d,Merge pull request #579 from BarthPaleologue/bsl-triplanar,0.0,0,0.0,1.0,0
176,0.75,1,0.9298245614035088,53,1.0,1.0,31370477+barthpaleologue@users.noreply.github.com,1.0,1.0,1.0,1.0,20,1.0,1.0,1.0,1.0,167,0.9766081871345029,372,1.0,3,0,0,0,0,0.0,0,3,0.0,45.4,20,2,0,9.333333333333334,0.9642857142857143,27,28,1,3,2,2025-11-10T20:32:05+00:00,8,1,1.0,0.3333333333333333,1,0,80,0.7692307692307693,3,58.666666666666664,0.29212454212454214,0.019047619047619046,1.3333333333333333,5.0,55,0,0,1,0,0,1,0,0,0,0,0,9,0.0,0,,,,9,1.0568181818181819,186,2,1,52,52,2,2,BarthPaleologue/CosmosJourneyer,372,61d7319d6d2d891876bb08dd2034c92838debcca,Merge pull request #580 from BarthPaleologue/add-sky-pg,0.0,0,0.3333333333333333,0.3333333333333333,0
252,0.75,1,0.9310344827586207,54,nan,nan,31370477+barthpaleologue@users.noreply.github.com,nan,nan,nan,nan,11,nan,nan,nan,nan,168,0.9767441860465116,372,0.5,1,0,0,0,0,0.0,0,0,0.0,67.76923076923077,13,4,0,13.0,0.6923076923076923,9,13,4,2,2,2025-11-11T11:45:45+00:00,nan,1,0.6923076923076923,0.0,1,0,252,0.03571428571428571,20,252.0,0.03571428571428571,0.10317460317460317,20.0,8.0,66,0,0,0,0,0,1,0,0,0,0,0,9,0.0,0,,,,6,0.13095238095238096,33,2,0,0,0,0,0,BarthPaleologue/CosmosJourneyer,372,cca531319242aa5de6db3273c4eee9cd34861769,Merge pull request #581 from BarthPaleologue/tweak-collision-masks,0.0,0,0.0,0.0,1
407,0.75,1,0.9285714285714286,52,1.0,1.0,31370477+barthpaleologue@users.noreply.github.com,1.0,1.0,1.0,1.0,17,1.0,1.0,1.0,1.0,169,0.976878612716763,380,1.0,5,0,0,0,6,0.01,0,8,0.0,40.69,100,27,0,24.2,0.7933884297520661,96,121,25,5,2,2025-11-18T17:07:32+00:00,7,1,1.0,0.4,1,0,112,0.9210526315789473,6,81.4,0.3063726954372232,0.01727932845813163,2.2,5.0,70,0,0,0,0,0,1,0,0,0,0,0,10,0.0,0,,,,10,0.5135135135135135,209,2,1,6,10,2,3,BarthPaleologue/CosmosJourneyer,380,12cf54870671a158b15d191ff8896e1c9eaaadce,Merge pull request #583 from BarthPaleologue/cascaded-shadows-utils-pg,0.0,0,0.6,0.8,1
1289,0.75,1,0.9245283018867925,49,1.0,1.0,31370477+barthpaleologue@users.noreply.github.com,1.0,1.0,1.0,1.0,16,1.0,1.0,1.0,1.0,171,0.9771428571428571,386,0.34782608695652173,8,0,9,0,22,0.0,4,12,0.0,53.81967213114754,244,34,0,34.625,0.6064981949458483,168,277,109,23,2,2025-11-24T16:48:37+00:00,19,1,0.23465703971119134,0.25,1,0,496,0.5714285714285714,30,161.125,0.21468503502092684,0.0029769027084630565,8.875,6.3478260869565215,63,0,0,0,0,0,1,0,0,0,0,0,8,0.0,0,,,,15,0.3669511249030256,473,2,1,3,103,2,5,BarthPaleologue/CosmosJourneyer,386,acf0fa53a5773b75a6b837fb74e9921f93efa35e,Merge pull request #587 from BarthPaleologue/interaction-system,0.0,0,0.375,0.5714285714285714,0
305,0.75,1,0.9259259259259259,50,nan,nan,31370477+barthpaleologue@users.noreply.github.com,nan,nan,nan,nan,21,nan,nan,nan,nan,172,0.9772727272727273,388,0.6666666666666666,2,0,1,0,0,0.0,0,1,0.0,82.36363636363636,11,0,0,6.5,0.6923076923076923,9,13,4,3,2,2025-11-26T21:02:07+00:00,nan,1,0.6923076923076923,0.0,1,0,160,0.04375,19,152.5,0.02877155172413793,0.0034482758620689655,13.0,5.333333333333333,71,0,0,0,0,0,1,0,0,0,0,0,9,0.5,1,,,,8,0.19344262295081968,59,2,0,0,0,0,0,BarthPaleologue/CosmosJourneyer,388,97f951aff440fdda7603647a58705331278b2e21,Merge pull request #590 from BarthPaleologue/localize-interaction-input,0.0,0,0.0,0.0,2
173,0.75,1,0.9272727272727272,51,nan,nan,31370477+barthpaleologue@users.noreply.github.com,nan,nan,nan,nan,21,nan,nan,nan,nan,173,0.9774011299435028,388,1.0,1,0,0,0,0,0.0,0,0,0.0,60.0,1,0,0,1.0,1.0,1,1,0,1,2,2025-11-26T21:10:44+00:00,nan,1,1.0,0.0,1,0,173,0.005780346820809248,14,173.0,0.005780346820809248,0.0,14.0,6.0,84,0,0,0,0,0,1,0,0,0,0,0,12,0.0,0,,,,4,0.13872832369942195,24,2,0,0,0,0,0,BarthPaleologue/CosmosJourneyer,388,f2ab7feb1f72877649a48cceb71bad703c0aa956,Merge pull request #589 from BarthPaleologue/588-target-cursor-floating-origin-issue,0.0,0,0.0,0.0,2
505,0.75,1,0.9285714285714286,52,1.0,1.0,31370477+barthpaleologue@users.noreply.github.com,1.0,1.0,1.0,1.0,21,1.0,1.0,1.0,1.0,174,0.9775280898876404,388,0.6666666666666666,2,0,6,0,9,0.0,0,0,0.0,46.83050847457627,118,14,0,65.5,0.7862595419847328,103,131,28,3,2,2025-11-26T21:56:27+00:00,0,1,0.9083969465648855,0.5,1,0,363,0.29201101928374656,11,252.5,0.19178015752919722,0.0035211267605633804,8.0,5.666666666666667,85,0,0,1,0,0,1,0,0,0,0,0,12,0.0,0,,,,7,0.09108910891089109,46,2,1,2,2,1,1,BarthPaleologue/CosmosJourneyer,388,815531d3612fdf220011ac6569899982d4253d1e,Merge pull request #591 from BarthPaleologue/pointer-lock-support-radial-choice-modal,0.0,0,0.5,0.5,2
647,0.75,1,0.9454545454545454,52,1.0,1.0,31370477+barthpaleologue@users.noreply.github.com,1.0,1.0,1.0,1.0,13,1.0,1.0,1.0,1.0,175,0.9776536312849162,390,0.6666666666666666,8,0,0,0,4,0.0,0,7,0.0,49.08,125,4,0,16.75,0.21641791044776118,29,134,105,12,2,2025-11-29T13:34:24+00:00,18,1,0.7313432835820896,0.375,1,1,252,0.8333333333333334,22,80.875,0.28833764702915066,0.0633563842203548,5.625,6.166666666666667,67,0,0,0,0,0,1,0,0,0,0,0,9,0.125,1,,,,14,0.30139103554868624,195,2,1,15,111,3,7,BarthPaleologue/CosmosJourneyer,390,23d9eeb172e9456fb1d29e5581d99861110cd94c,Merge pull request #592 from BarthPaleologue/expand-floating-origin,0.0,0,0.75,0.75,5
1999,0.75,1,0.9464285714285714,53,1.0,1.0,31370477+barthpaleologue@users.noreply.github.com,1.0,1.0,1.0,1.0,17,1.0,1.0,1.0,1.0,176,0.9777777777777777,393,0.8095238095238095,17,0,39,5,16,0.0,8,2,0.0,51.13400335008375,597,69,0,37.0,0.5596184419713831,352,629,277,21,2,2025-12-01T17:10:14+00:00,4,1,0.6804451510333863,0.29411764705882354,1,0,496,1.328125,30,117.58823529411765,0.3651992898424463,0.03494238726901937,7.0,5.857142857142857,68,0,0,0,0,0,1,0,0,0,0,0,10,0.17647058823529413,3,,,,14,0.1965982991495748,393,2,1,44,169,5,10,BarthPaleologue/CosmosJourneyer,393,fd4c810c1346d971d8dde302ab43931775d0bdc6,Merge pull request #595 from BarthPaleologue/migrate-audio-engine-v2,0.0,0,0.5882352941176471,0.6875,0
25,0.5,1,1.0,2,nan,nan,kaimingyi@163.com,nan,nan,nan,nan,0,nan,nan,nan,nan,8,1.0,272,0.5,1,0,0,0,0,0.0,0,0,0.0,70.0,2,2,0,2.0,0.5,1,2,1,2,1,2025-08-04T00:32:36+00:00,nan,1,1.0,0.0,1,0,25,0.08,4,25.0,0.08,0.08,4.0,1.0,42,0,0,0,0,0,1,0,0,0,0,0,7,0.0,0,,,,1,0.88,22,2,0,0,0,0,0,gameknife/gkNextEngine,272,15a960f783d351c5d5c8c8678b7805c3e69d665b,Merge pull request #172 from gameknife/dev,0.0,0,0.0,0.0,0
81,0.5,1,1.0,2,1.0,1.0,kaimingyi@163.com,1.0,1.0,1.0,1.0,1,1.0,1.0,1.0,1.0,9,1.0,318,0.010526315789473684,1,0,0,0,0,0.047619047619047616,0,0,0.047619047619047616,79.0,21,13,0,22.0,0.5454545454545454,12,22,10,95,1,2025-09-18T01:57:52+00:00,45,3,1.0,0.0,1,0,81,0.2716049382716049,17,81.0,0.2716049382716049,0.16049382716049382,17.0,6.442105263157894,42,0,0,0,0,0,1,0,0,0,0,0,7,0.0,0,,,,0,0.0,0,2,1,0,2,0,1,gameknife/gkNextEngine,318,b9b183f04e995cde07fb8eb51bc5a3ea4e167692,Merge pull request #173 from gameknife/dev,0.0,0,1.0,1.0,3
156,0.5,1,1.0,2,nan,nan,kaimingyi@163.com,nan,nan,nan,nan,3,nan,nan,nan,nan,10,1.0,330,0.3333333333333333,2,0,0,0,4,1.0,0,0,0.0,16.333333333333332,6,2,0,3.0,0.5,3,6,3,6,1,2025-09-30T03:51:10+00:00,nan,3,1.0,0.0,1,0,133,0.08695652173913043,22,78.0,0.05851585485452762,0.22441974501471068,12.0,2.1666666666666665,42,0,0,0,0,0,1,0,0,0,0,0,7,0.0,0,,,,0,0.0,0,2,0,0,0,0,0,gameknife/gkNextEngine,330,3ff433e1bf4279a2c53c5d550195e88eec36b161,Merge pull request #175 from gameknife/dev,0.0,0,0.0,0.0,1
57,0.0,43,0.0,0,nan,nan,16685186+ahjephson@users.noreply.github.com,nan,nan,nan,nan,17,nan,nan,nan,nan,0,0.0,0,0.5,1,0,0,0,2,0.0,0,0,0.4375,118.875,16,2,0,19.0,0.7368421052631579,14,19,5,2,42,2025-05-01T17:55:19+00:00,nan,1,1.0,0.0,0,0,57,0.3333333333333333,3,57.0,0.3333333333333333,0.03508771929824561,3.0,3.0,74,0,0,1,0,0,1,0,0,0,0,0,7,1.0,1,feature,perfective,Human,0,0.0,0,1,0,0,0,0,0,MudBlazor/MudBlazor,179,dbb903687c7adc38ed34d27d30d5cd18c005dc7d,DataGridExtensions: Support GridStateVirtualize and sort comparer (#11270),0.0,0,0.0,0.0,3
319,0.9883720930232558,1,0.1796116504854369,37,1.0,1.0,148913404+versile2@users.noreply.github.com,1.0,1.0,1.0,1.0,19,1.0,1.0,1.0,1.0,42,0.18666666666666668,173,1.0,2,0,0,9,4,0.4,0,0,0.0,70.33333333333333,15,2,0,8.5,0.5882352941176471,10,17,7,2,43,2025-05-02T19:10:36+00:00,5,2,1.0,1.0,0,0,270,0.05555555555555555,76,159.5,0.048185941043083894,0.45895691609977324,45.0,3.5,47,0,0,0,0,0,1,0,0,0,0,0,7,0.0,0,feature,perfective,Human,1,0.20376175548589343,65,1,1,41,102,2,5,MudBlazor/MudBlazor,180,bbb7333a186d31b18606b81a258e92e60f60cb50,"Popover: Initial Show When Open=""true"" (#11277)",0.0,0,1.0,1.0,4
1668,0.0,43,0.0,0,0.0,0.0,richard.hauer@ping-works.com.au,0.0,0.0,0.0,0.0,17,0.0,0.0,0.0,0.0,0,0.0,0,0.6666666666666666,2,0,0,13,3,0.31788079470198677,0,0,0.006622516556291391,57.88741721854305,151,77,0,85.0,1.0,170,170,0,3,42,2025-05-07T17:43:22+00:00,89,1,0.7470588235294118,0.0,0,0,1447,0.08085694540428473,48,834.0,0.06305290709128264,0.2891080625541376,32.5,3.6666666666666665,77,0,0,1,0,0,1,0,0,0,0,0,10,0.0,0,feature,perfective,Human,8,0.2709832134292566,452,1,1,0,39,0,1,MudBlazor/MudBlazor,185,92c45f85b2c26b627fe1c7be72f319af0ffb7e7e,"MudTabPanel: Implement Sorting by Text, SortKey, or Custom IComparer (#10803)",0.0,0,1.0,1.0,2
372,0.0,43,0.0,0,0.0,0.0,78308169+mckaragoz@users.noreply.github.com,0.0,0.0,0.0,0.0,12,0.0,0.0,0.0,0.0,0,0.0,0,0.5,2,0,28,3,5,0.08411214953271028,0,0,0.14953271028037382,59.23364485981308,107,43,0,60.5,0.8429752066115702,102,121,19,4,42,2025-05-11T12:38:33+00:00,169,1,0.19834710743801653,0.0,0,1,286,0.23255813953488372,10,186.0,0.12327207676044885,0.10021954789396649,5.0,3.5,43,0,0,1,0,0,1,0,0,0,0,0,6,0.0,0,feature,perfective,Human,1,0.06720430107526881,25,1,0,0,0,0,0,MudBlazor/MudBlazor,189,3aab9388935e2c85d6e2cd890546d3d5abbce4fc,SwipeArea: Real Time Swipe Support (#11307),0.0,0,1.0,1.0,6
279,0.8488372093023255,7,0.0213903743315508,4,0.0,0.0,mike@surcouf.je,0.0,0.0,0.0,0.0,9,0.0,0.0,0.0,0.0,4,0.017467248908296942,155,1.0,1,0,0,0,1,0.0,0,0,1.0,133.0,1,1,0,1.0,1.0,1,1,0,1,43,2025-05-16T09:59:26+00:00,47,1,1.0,0.0,0,0,279,0.0035842293906810036,1,279.0,0.0035842293906810036,0.007168458781362007,1.0,3.0,37,0,0,0,0,0,1,0,0,0,0,1,5,0.0,0,build_config_ci,management,Human,0,0.0,0,1,1,0,12,0,2,MudBlazor/MudBlazor,194,e7bb66541970434302a4893f88cb2d5f493c2cd3,Build: Ignore analyzer tests (#11345),0.0,0,1.0,1.0,4
919,0.0,44,0.0,0,0.0,0.0,igotinfected@gmail.com,0.0,0.0,0.0,0.0,10,0.0,0.0,0.0,0.0,0,0.0,0,1.0,2,0,0,7,2,0.5185185185185185,0,0,0.037037037037037035,59.629629629629626,27,0,0,14.0,0.8214285714285714,23,28,5,2,43,2025-05-16T10:05:32+00:00,22,1,1.0,0.5,0,0,725,0.030927835051546393,56,459.5,0.030636331318876643,0.36694632065410593,34.0,4.0,71,0,0,0,0,0,1,0,0,0,0,0,9,0.0,0,refactor_cleanup,preventive,Human,4,0.031556039173014146,29,1,2,6,17,1,2,MudBlazor/MudBlazor,194,af786ceb31e9b4a5fcce5115dab22d3bb51291d5,Pickers: Use `InputDefaults` for inputs in `Picker` components (#11342),0.0,0,1.0,1.0,4
3225,0.2840909090909091,20,0.005291005291005291,1,0.0,0.0,78308169+mckaragoz@users.noreply.github.com,0.0,0.0,0.0,0.0,10,0.0,0.0,0.0,0.0,1,0.004329004329004329,4,1.0,3,0,0,0,0,0.0,0,0,0.0,29.0,4,0,0,1.3333333333333333,1.0,4,4,0,3,44,2025-05-16T10:06:12+00:00,15,1,1.0,0.6666666666666666,0,0,1586,0.0025252525252525255,72,1075.0,0.0015882600025933843,0.06414607524429082,39.333333333333336,3.0,42,0,0,0,1,0,1,0,0,0,0,1,6,0.0,0,test,preventive,Human,5,0.016434108527131782,53,1,4,62,251,2,9,MudBlazor/MudBlazor,194,1ff93b4ebef640be4c22f674f28dcc2d0e1fd421,Test: Fix Culture Dependent Tests (#11335),0.0,0,0.6666666666666666,0.6666666666666666,4
1089,0.2727272727272727,21,0.005263157894736842,1,0.0,0.0,igotinfected@gmail.com,0.0,0.0,0.0,0.0,10,0.0,0.0,0.0,0.0,1,0.004310344827586207,0,1.0,5,0,0,7,2,0.19672131147540983,0,0,0.0,69.0327868852459,61,2,0,12.4,0.3709677419354839,23,62,39,5,44,2025-05-16T10:07:05+00:00,152,1,1.0,0.0,0,0,398,0.2702702702702703,44,217.8,0.09794950086907613,0.17683397822555147,20.8,3.2,58,0,0,0,0,0,1,0,0,0,0,0,5,0.0,0,feature,perfective,Human,1,0.03856749311294766,42,1,0,0,0,0,0,MudBlazor/MudBlazor,194,68ddc34eee7c2186cfe13a6dd52bf4605a76638b,"MudBooleanInput, MudRating: Improve accessibility (#11084)",0.0,0,0.6,0.6,4
2660,0.8977272727272727,5,0.04712041884816754,9,0.0,0.0,person.jon@gmail.com,0.0,0.0,0.0,0.0,12,0.0,0.0,0.0,0.0,10,0.04291845493562232,193,1.0,9,0,0,62,67,1.0,3,0,0.04918032786885246,47.778688524590166,732,3,0,81.88888888888889,0.7924016282225237,584,737,153,9,44,2025-05-16T12:02:09+00:00,46,1,1.0,0.0,0,0,684,0.5365853658536586,98,295.55555555555554,0.3285789001076204,0.3972302632909887,27.555555555555557,4.0,56,0,1,1,0,0,1,0,0,0,0,0,7,0.0,0,documentation,perfective,Human,6,0.05789473684210526,154,1,1,0,12,0,1,MudBlazor/MudBlazor,194,246804210ac0bcdb4cca4554aaa74d8767b0bc90,Docs: Add XML Documentation for MudToggleGroup- (#10925),0.0,0,0.4444444444444444,0.4444444444444444,4
293,0.9886363636363636,1,0.19791666666666666,38,1.0,1.0,148913404+versile2@users.noreply.github.com,1.0,1.0,1.0,1.0,14,1.0,1.0,1.0,1.0,43,0.18376068376068377,186,1.0,1,0,0,5,11,0.2545454545454545,0,0,0.0,51.8,55,2,0,65.0,0.676923076923077,44,65,21,1,44,2025-05-16T14:13:33+00:00,13,1,1.0,1.0,0,0,293,0.22184300341296928,78,293.0,0.22184300341296928,0.22525597269624573,78.0,3.0,42,0,0,0,0,0,1,0,0,0,0,0,4,0.0,0,feature,perfective,Human,0,0.0,0,1,1,47,108,2,5,MudBlazor/MudBlazor,194,34a2365ce517f98938cbddc4efc70a5e6791af20,PopoverProvider: Multiple Layouts (#11305),0.0,0,1.0,1.0,4
404,0.9883720930232558,1,0.2074468085106383,39,0.8,0.926829268292683,148913404+versile2@users.noreply.github.com,1.0,1.0,0.8,0.926829268292683,22,1.0,1.0,1.0,1.0,44,0.18723404255319148,188,0.5,1,0,1,0,0,0.0,0,0,0.0,92.0,1,0,0,1.0,1.0,1,1,0,2,43,2025-05-17T22:51:28+00:00,18,2,1.0,1.0,0,1,404,0.0024752475247524753,62,404.0,0.0024752475247524753,0.2871287128712871,62.0,3.5,43,0,0,0,1,0,1,0,0,0,0,0,7,0.0,0,bug_fix,corrective,Human,2,0.007425742574257425,3,1,2,5,41,1,5,MudBlazor/MudBlazor,196,7eeef660e7337145380d47823bfdf0064c01adfd,MudInput: Fix Disposal of IOS Blur (#11347),0.0,0,1.0,1.0,5
2539,0.0,44,0.0,0,nan,nan,nathan.heckenberg@quantumwave.com.au,nan,0.0,0.0,0.0,18,nan,0.0,nan,0.0,0,0.0,0,0.5,1,0,0,0,0,0.0,0,0,0.0,49.875,8,0,0,9.0,1.0,9,9,0,2,43,2025-05-18T18:53:12+00:00,nan,1,1.0,0.0,0,1,2539,0.0035447026388341868,167,2539.0,0.0035447026388341868,0.20401732965734543,167.0,3.5,50,0,0,1,0,0,1,0,0,0,0,0,6,1.0,1,feature,perfective,Human,7,0.20559275305238284,522,1,0,0,0,0,0,MudBlazor/MudBlazor,196,8ab99c57474a468944741b4aaae170238910b09f,MudTable: Add TableClass parameter #11351 (#11352),0.0,0,0.0,1.0,6
733,0.9886363636363636,1,0.21164021164021163,40,0.7142857142857143,0.5986394557823129,148913404+versile2@users.noreply.github.com,1.0,1.0,0.8,0.6209850107066381,19,1.0,1.0,0.5,0.5,45,0.189873417721519,189,1.0,2,0,3,10,7,0.25,0,0,0.0,44.392857142857146,28,0,0,15.5,0.7741935483870968,24,31,7,2,44,2025-05-18T19:05:58+00:00,19,1,1.0,1.0,0,1,381,0.07954545454545454,36,366.5,0.04370973514674302,0.1821574504891434,31.0,3.5,36,0,0,0,0,0,1,0,0,0,0,0,4,0.0,0,bug_fix,corrective,Human,0,0.0,0,1,2,152,329,1,2,MudBlazor/MudBlazor,196,13fa8ee15b47cb541a2d478944ce333fcb936a8a,MudOverlay: Check JSRuntime (#11282),0.0,0,1.0,1.0,6
296,0.6704545454545454,10,0.010526315789473684,2,0.0,0.0,78308169+mckaragoz@users.noreply.github.com,0.0,0.0,0.0,0.0,14,0.0,0.0,0.0,0.0,2,0.008403361344537815,8,1.0,2,0,0,0,1,0.375,0,0,0.0,43.125,8,2,0,4.5,0.8888888888888888,8,9,1,2,44,2025-05-19T14:49:10+00:00,75,1,1.0,0.0,0,0,151,0.046357615894039736,5,148.0,0.0300753596711578,0.20198675496688742,4.5,3.5,87,0,0,1,0,0,1,0,0,0,0,0,11,0.0,0,feature,perfective,Human,3,0.07094594594594594,21,1,1,0,6,0,1,MudBlazor/MudBlazor,197,f795d2240acdf8f9a76bd1ab1828454a0e15b38c,MudCircularProgress: Add ChildContent to Show Centered Content in the Progress (#11271),0.0,0,0.5,0.5,0
874,0.0,45,0.0,0,0.0,0.0,jimitndiaye@gmail.com,0.0,0.0,0.0,0.0,14,0.0,0.0,0.0,0.0,0,0.0,0,1.0,2,0,0,2,16,0.0979020979020979,0,1,0.0,44.44755244755245,143,2,0,80.0,0.64375,103,160,57,2,44,2025-05-19T14:49:37+00:00,3,1,0.99375,0.5,0,0,475,0.20300751879699247,27,437.0,0.18360902255639097,0.19162907268170426,20.0,3.5,79,0,0,0,1,0,1,0,0,0,0,0,8,0.0,0,bug_fix,corrective,Human,2,0.11556064073226545,101,1,1,107,107,1,1,MudBlazor/MudBlazor,197,6d458b8c076a9e3d42d9babf8efb35ec82cab4d6,MudToggleGroup: Fix MudToggleItem selection when asynchronously loaded (#11309),0.0,0,1.0,1.0,0
647,0.9444444444444444,3,0.1368421052631579,26,0.0,0.0,daniel.chalmers@outlook.com,0.0,0.0,0.0,0.0,9,0.0,0.0,0.0,0.0,33,0.1375,196,1.0,1,0,0,0,0,0.5,0,0,0.0,59.5,4,4,0,4.0,0.5,2,4,2,1,45,2025-05-20T09:41:42+00:00,171,1,1.0,0.0,0,0,647,0.0061823802163833074,71,647.0,0.0061823802163833074,0.30602782071097373,71.0,4.0,48,0,0,0,0,0,1,0,0,0,0,0,5,0.0,0,performance,perfective,Human,3,0.017001545595054096,11,1,0,0,0,0,0,MudBlazor/MudBlazor,198,dc4b22d90cd664d9b42581d63514db0001b6fa54,MudColorPicker: Reduce default throttle (#11368),0.0,0,1.0,1.0,1
166,0.9444444444444444,3,0.14136125654450263,27,nan,nan,daniel.chalmers@outlook.com,nan,nan,nan,nan,9,nan,nan,nan,nan,34,0.14107883817427386,196,1.0,1,0,0,0,0,0.0,0,0,0.0,120.0,1,0,0,1.0,1.0,1,1,0,1,45,2025-05-20T09:43:06+00:00,nan,1,1.0,0.0,0,0,166,0.006024096385542169,11,166.0,0.006024096385542169,0.1686746987951807,11.0,4.0,64,0,1,1,0,0,1,0,0,0,0,0,10,0.0,0,documentation,perfective,Human,0,0.0,0,1,0,0,0,0,0,MudBlazor/MudBlazor,198,d12bb7a450f4145137b5e0635d105daab8411416,"Docs: Add ""Segmented Buttons"" as alias for Toggle Group (#11361)",0.0,0,0.0,0.0,1
403,0.9888888888888889,1,0.21578947368421053,41,0.8333333333333334,0.9285714285714286,148913404+versile2@users.noreply.github.com,1.0,1.0,0.8333333333333334,0.9285714285714286,20,1.0,1.0,1.0,1.0,47,0.1934156378600823,191,0.5,1,0,1,0,0,0.0,0,0,1.0,140.0,1,0,0,1.0,0.0,0,1,1,2,45,2025-05-20T20:31:27+00:00,2,2,1.0,1.0,0,0,403,0.0024813895781637717,62,403.0,0.0024813895781637717,0.2878411910669975,62.0,3.5,34,0,0,0,1,0,1,0,0,0,0,0,5,0.0,0,bug_fix,corrective,Human,1,0.004962779156327543,2,1,2,6,42,2,6,MudBlazor/MudBlazor,199,9588fb1900b99305f43a58eb6c706807b471546f,MudInput: Fix Proper Blur (#11376),0.0,0,1.0,1.0,1
1175,0.9444444444444444,3,0.14659685863874344,28,0.3,0.5029585798816568,daniel.chalmers@outlook.com,1.0,1.0,0.3,0.5029585798816568,22,1.0,1.0,1.0,1.0,35,0.14344262295081966,197,1.0,1,0,0,0,0,0.0,0,0,0.0,99.0,2,0,0,2.0,0.5,1,2,1,1,45,2025-05-20T22:50:37+00:00,42,1,1.0,0.0,0,0,1175,0.001702127659574468,154,1175.0,0.001702127659574468,0.29617021276595745,154.0,4.0,63,0,0,0,1,0,1,0,0,0,0,0,8,0.0,0,bug_fix,corrective,Human,9,0.07574468085106383,89,1,2,0,85,0,3,MudBlazor/MudBlazor,199,5ecef4c47f49953518e74b5c99347126580407a1,MudAutocomplete: Fix `AutoFocus` not opening item list (#11365),0.0,0,1.0,1.0,1
3616,0.9888888888888889,1,0.22340425531914893,42,0.4,0.3970223325062035,148913404+versile2@users.noreply.github.com,1.0,1.0,0.29411764705882354,0.338,18,0.0,0.0,0.5,0.5,48,0.19591836734693877,192,0.8,4,0,19,6,26,0.1276595744680851,0,0,0.00851063829787234,54.12340425531915,235,64,0,63.0,0.6984126984126984,176,252,76,5,45,2025-05-21T18:13:07+00:00,24,1,0.8928571428571429,0.5,0,0,2330,0.2564102564102564,244,904.0,0.1277509068620787,0.1483213745981665,81.25,3.8,74,0,0,0,1,0,1,0,0,0,0,0,7,0.0,0,bug_fix,corrective,Human,10,0.05724557522123894,207,1,4,233,395,2,6,MudBlazor/MudBlazor,199,45f503196a12a8303566081f26473e8a9d38e6d7,DataGrid: GroupingByOrder / Style Fix / Expansion StateHasChanged (#11302),0.0,0,0.5,0.5,2
988,0.9444444444444444,3,0.14814814814814814,28,0.125,0.016574585635359115,curtis.mayers@gmail.com,0.5,0.5,0.125,0.016574585635359115,19,0.5,0.5,0.0,0.0,36,0.14634146341463414,199,1.0,2,0,0,1,0,0.0,0,0,0.03571428571428571,58.82142857142857,28,42,0,16.5,0.9393939393939394,31,33,2,2,45,2025-05-21T19:01:39+00:00,47,1,1.0,0.0,0,0,624,0.041666666666666664,24,494.0,0.030448717948717948,0.05711996336996337,21.0,4.0,50,0,0,0,1,0,1,0,0,0,0,0,9,0.0,0,bug_fix,corrective,Human,2,0.0465587044534413,46,1,4,0,291,0,5,MudBlazor/MudBlazor,199,9dc076cc4289b1b7986f83c8e2e6baae059d46f6,Line chart: Fix index out of bounds error (#11381),0.0,0,1.0,1.0,2
664,0.9555555555555556,2,0.15263157894736842,29,0.0,0.0,daniel.chalmers@outlook.com,0.0,0.0,0.0,0.0,8,0.0,0.0,0.0,0.0,36,0.145748987854251,198,0.4,4,0,28,7,21,0.3235294117647059,0,0,0.012605042016806723,47.21008403361345,238,0,0,65.75,0.623574144486692,164,263,99,10,45,2025-05-22T08:50:11+00:00,29,2,0.5475285171102662,0.25,0,0,470,0.8205128205128205,19,166.0,0.32919919247990626,0.07106233391408409,5.5,3.2,37,0,1,0,0,0,1,0,0,1,0,0,4,0.0,0,documentation,perfective,Human,2,0.009036144578313253,6,1,1,28,28,1,1,MudBlazor/MudBlazor,200,38bb390fe715a5c1fa7bc022cb271726d1183fd5,Docs: LayoutService refactor (#11382),0.0,0,0.25,0.25,3
206,0.0,46,0.0,0,nan,nan,raf@silentio.it,nan,nan,nan,nan,22,nan,nan,nan,nan,0,0.0,0,1.0,1,0,0,0,0,0.0,0,0,0.25,99.25,4,0,0,4.0,0.5,2,4,2,1,45,2025-05-22T22:04:36+00:00,nan,1,1.0,0.0,0,0,206,0.019417475728155338,16,206.0,0.019417475728155338,0.39805825242718446,16.0,4.0,61,0,0,1,0,0,1,0,0,0,0,0,7,0.0,0,feature,perfective,Human,1,0.05825242718446602,12,1,0,0,0,0,0,MudBlazor/MudBlazor,201,18ab6ae026e1761b71c6d025ab14a07215e59cca,MudTablePager: Add thousands separator for all_items (#11371),0.0,0,0.0,0.0,3
194,0.967391304347826,2,0.15873015873015872,30,nan,nan,daniel.chalmers@outlook.com,nan,nan,nan,nan,4,nan,nan,nan,nan,37,0.14859437751004015,199,1.0,1,0,0,0,0,0.0,0,0,0.0,56.5,2,0,0,2.0,1.0,2,2,0,1,46,2025-05-23T04:45:27+00:00,nan,1,1.0,0.0,0,0,194,0.010309278350515464,23,194.0,0.010309278350515464,0.030927835051546393,23.0,3.0,46,0,1,0,0,0,1,0,0,0,0,0,7,0.0,0,documentation,perfective,Human,1,0.020618556701030927,4,1,0,0,0,0,0,MudBlazor/MudBlazor,201,975cd20e47c83faac5e9f7ba611a3bc907b7813e,Docs: Show snackbar when copying code (#11360),0.0,0,0.0,0.0,4
1447,0.0,47,0.0,0,0.0,0.0,liamunderhill02@gmail.com,0.0,0.0,0.0,0.0,22,0.0,0.0,0.0,0.0,0,0.0,0,0.5,1,0,0,12,0,0.0,0,0,0.0,77.48275862068965,58,94,0,58.0,0.5,29,58,29,2,46,2025-05-25T22:33:29+00:00,18,1,0.5517241379310345,1.0,0,1,1447,0.0221147201105736,48,1447.0,0.0221147201105736,0.08500345542501728,48.0,3.5,66,0,0,0,1,0,1,0,0,0,0,0,9,0.0,0,bug_fix,corrective,Human,9,0.4561161022805805,660,1,1,117,117,1,1,MudBlazor/MudBlazor,204,137180cee67ebab5916e07cdeab334fe1292adc8,MudTabs: Fix slider misalignment when component is scaled (#11405),0.0,0,1.0,1.0,6
41,0.9680851063829787,2,0.16666666666666666,31,1.0,1.0,daniel.chalmers@outlook.com,1.0,1.0,1.0,1.0,2,1.0,1.0,1.0,1.0,38,0.15079365079365079,202,0.5,1,0,0,0,0,0.0,0,0,0.0,48.0,12,1,0,13.0,0.3076923076923077,4,13,9,2,47,2025-05-26T02:31:00+00:00,156,1,0.38461538461538464,0.0,0,0,41,0.12195121951219512,1,41.0,0.12195121951219512,0.0,1.0,3.0,35,0,1,0,0,0,1,0,0,0,0,0,5,0.0,0,documentation,perfective,Human,0,0.0,0,1,0,0,0,0,0,MudBlazor/MudBlazor,204,ca28ebbe651515632afefea407149b7c58ce05b8,Docs: Remove tooltip delay (#11400),0.0,0,1.0,1.0,0
471,0.9680851063829787,2,0.1711229946524064,32,0.3333333333333333,0.125,daniel.chalmers@outlook.com,1.0,1.0,0.3333333333333333,0.125,17,1.0,1.0,0.0,0.0,39,0.1541501976284585,203,0.3333333333333333,1,0,0,0,1,0.5,0,0,0.16666666666666666,54.333333333333336,6,2,0,8.0,1.0,8,8,0,3,47,2025-05-26T17:33:28+00:00,4,1,0.125,1.0,0,0,471,0.0021231422505307855,3,471.0,0.0021231422505307855,0.03397027600849257,3.0,3.6666666666666665,44,0,0,1,0,0,1,0,0,0,0,0,5,0.0,0,feature,perfective,Human,1,0.010615711252653927,5,1,2,8,36,1,2,MudBlazor/MudBlazor,204,92a9292a0bc886aa582df12556523f66f06e517b,Palette: Add BorderOpacity property (#11394),0.0,0,1.0,1.0,0
1560,0.7021276595744681,10,0.010638297872340425,2,0.0,0.0,igotinfected@gmail.com,0.0,0.0,0.0,0.0,17,0.0,0.0,0.0,0.0,2,0.007874015748031496,10,1.0,2,0,15,11,5,0.07518796992481203,0,0,0.007518796992481203,45.3609022556391,133,7,0,71.5,0.9300699300699301,133,143,10,2,47,2025-05-26T17:43:04+00:00,171,1,1.0,0.0,0,0,1062,0.10451977401129943,67,780.0,0.08438840106187462,0.1195232909037279,42.0,3.5,72,0,0,0,1,0,1,0,0,0,0,0,10,0.0,0,bug_fix,corrective,Human,1,0.021794871794871794,34,1,0,0,0,0,0,MudBlazor/MudBlazor,204,673f6f721f63e560393a016992cba6d940a2eccb,MudMask: Fix `⌘` shortcuts on MacOS & `cut` shortcut in general (#11366),0.0,0,1.0,1.0,0
20,0.9893617021276596,1,0.2275132275132275,43,nan,nan,148913404+versile2@users.noreply.github.com,nan,1.0,1.0,1.0,22,nan,1.0,nan,1.0,49,0.19215686274509805,197,1.0,1,0,0,1,1,0.29411764705882354,0,0,0.0,55.0,17,0,0,17.0,0.8235294117647058,14,17,3,1,47,2025-05-26T22:45:32+00:00,nan,1,1.0,0.0,0,0,20,0.85,2,20.0,0.85,0.25,2.0,3.0,36,0,0,0,1,0,1,0,0,0,0,0,5,0.0,0,bug_fix,corrective,Human,0,0.0,0,1,0,0,0,0,0,MudBlazor/MudBlazor,205,eee07f9b59e7b9d3c93aca0cc557df5adb4c79d3,MudPopover: Fix Event Order (#11389),0.0,0,0.0,1.0,0
956,0.9893617021276596,1,0.23157894736842105,44,0.2857142857142857,0.49730700179533216,148913404+versile2@users.noreply.github.com,1.0,1.0,0.2857142857142857,0.49730700179533216,22,0.0,0.0,0.5,0.5,50,0.1953125,197,1.0,2,0,0,7,12,0.26136363636363635,0,0,0.03409090909090909,66.0,88,6,0,49.0,0.9183673469387755,90,98,8,2,47,2025-05-26T22:46:07+00:00,7,1,1.0,1.0,0,0,543,0.1252302025782689,35,478.0,0.09893471387993347,0.20197628634748216,25.5,3.5,43,0,0,0,0,0,1,0,0,0,0,0,4,0.0,0,feature,perfective,Human,2,0.030334728033472803,29,1,2,266,266,2,2,MudBlazor/MudBlazor,205,84e47eabbf379e1ad6626fb53de5e711c3a686ea,MudToggleGroup: Selection Tracking (#11395),0.0,0,1.0,1.0,0
1185,0.8191489361702128,8,0.015706806282722512,3,0.0,0.0,igotinfected@gmail.com,0.0,0.0,0.0,0.0,15,0.0,0.0,0.0,0.0,3,0.011673151750972763,11,1.0,1,0,0,0,1,0.6666666666666666,0,0,0.0,33.77777777777778,9,0,0,10.0,1.0,10,10,0,1,47,2025-05-27T15:30:28+00:00,6,1,1.0,1.0,0,0,1185,0.008438818565400843,155,1185.0,0.008438818565400843,0.29873417721518986,155.0,4.0,59,0,0,0,0,0,1,0,0,0,0,0,6,0.0,0,feature,perfective,Human,9,0.07763713080168777,92,1,2,2,87,1,4,MudBlazor/MudBlazor,205,32edf83e20dccff9ab79f2c072cfc5a551d0ae87,MudAutocomplete: Allow changing `LockScroll` value (#11414),0.0,0,1.0,1.0,1
251,0.9666666666666667,2,0.1774193548387097,33,0.0,0.0,daniel.chalmers@outlook.com,0.0,0.0,0.0,0.0,20,0.0,0.0,0.0,0.0,41,0.1583011583011583,206,1.0,1,0,0,2,0,0.0,0,0,0.0,89.5,2,0,0,2.0,0.5,1,2,1,1,45,2025-05-29T20:15:08+00:00,174,1,1.0,0.0,0,0,251,0.00796812749003984,18,251.0,0.00796812749003984,0.38247011952191234,18.0,4.0,68,0,0,0,1,0,1,0,0,0,0,0,8,0.0,0,bug_fix,corrective,Human,2,0.01195219123505976,3,1,0,0,0,0,0,MudBlazor/MudBlazor,208,dc769dcfdda3e5766e1cad6b86581833adc7ab05,MudExpansionPanel: Fix `Gutters` property not taking effect (#11408),0.0,0,1.0,1.0,3
913,0.0,46,0.0,0,0.0,0.0,42088209+ecrocombe@users.noreply.github.com,0.0,0.0,0.0,0.0,16,0.0,0.0,0.0,0.0,0,0.0,0,1.0,2,0,0,0,0,1.0,0,0,0.2,110.8,5,0,0,2.5,0.6,3,5,2,2,45,2025-05-30T16:58:17+00:00,175,1,1.0,0.0,0,0,519,0.007614213197969543,70,456.5,0.005733888872587855,0.30962999911974415,58.5,4.0,67,0,0,0,1,0,1,0,0,0,0,0,7,0.0,0,bug_fix,corrective,Human,0,0.0,0,1,0,0,0,0,0,MudBlazor/MudBlazor,208,d0d7ed2f426894c20bec842a526777c254750044,MudDropZone and MudDropContainer: Fix ItemSelector xmldocs (#11427),0.0,0,1.0,1.0,4
3366,0.0,47,0.0,0,0.0,0.0,22691956+digitaldirk@users.noreply.github.com,0.0,0.0,0.0,0.0,16,0.0,0.0,0.0,0.0,1,0.0038314176245210726,5,1.0,2,0,1,4,2,0.15625,0,0,0.03125,63.65625,32,12,0,17.0,0.8235294117647058,28,34,6,2,46,2025-05-30T16:59:45+00:00,3,1,1.0,0.5,0,0,2162,0.01744186046511628,160,1683.0,0.011727405718219563,0.23988493489171156,138.5,3.5,65,0,0,0,0,0,1,0,0,0,0,0,9,0.0,0,bug_fix,corrective,Human,8,0.021687462863933454,73,1,3,12,166,2,5,MudBlazor/MudBlazor,208,6b4ae2b6df8ff88e17400ff92df8c47f94ce6cf3,MudAutocomplete: Scroll to selected item when not strict (#11049),0.0,0,1.0,1.0,4
3024,0.6914893617021277,11,0.010638297872340425,2,0.0,0.0,peterthorpe81@gmail.com,0.0,0.0,0.0,0.0,14,0.0,0.0,0.0,0.0,2,0.0076045627376425855,134,0.6666666666666666,2,0,6,0,1,0.2830188679245283,0,0,0.07547169811320754,58.79245283018868,53,1,0,31.0,0.9838709677419355,61,62,1,3,47,2025-06-02T14:49:22+00:00,11,1,0.8870967741935484,1.0,0,0,2341,0.06442166910688141,245,1512.0,0.034560257876806784,0.21628141294374958,132.5,3.6666666666666665,56,0,0,0,0,0,1,0,0,0,0,0,7,0.0,0,feature,perfective,Human,5,0.031746031746031744,96,1,3,195,548,1,6,MudBlazor/MudBlazor,211,70986241afc86653a04736366298ba5b7c8e0805,MudDataGrid Default GroupTemplate At Grid Level (#11237),0.0,0,1.0,1.0,0
1483,0.9893617021276596,1,0.23243243243243245,43,0.25,0.25333333333333335,148913404+versile2@users.noreply.github.com,1.0,1.0,0.25,0.25333333333333335,16,0.5,0.5,0.0,0.0,51,0.19318181818181818,205,0.6666666666666666,2,0,0,0,1,0.25,0,0,0.0,55.25,12,2,0,6.5,0.9230769230769231,12,13,1,3,47,2025-06-04T16:05:32+00:00,45,2,1.0,0.0,0,0,819,0.016566265060240965,78,741.5,0.009504133751121704,0.2462101151860188,47.0,3.3333333333333335,47,0,0,0,0,0,1,0,0,0,0,0,7,0.0,0,bug_fix,corrective,Human,4,0.7451112609575186,1105,1,3,0,393,0,6,MudBlazor/MudBlazor,213,f364ba7ac1fbb1db99867c0e4bed279c57b41c4b,MudMenu: Position At Cursor Flip Logic (#11437),0.0,0,1.0,1.0,2
2942,0.9893617021276596,1,0.23655913978494625,44,0.4,0.711864406779661,148913404+versile2@users.noreply.github.com,1.0,1.0,0.3684210526315789,0.41206896551724137,8,1.0,0.5,1.0,0.5,52,0.19622641509433963,207,1.0,2,0,0,0,5,0.08108108108108109,0,0,0.0,40.16216216216216,37,2,0,19.0,0.9210526315789473,35,38,3,2,47,2025-06-06T08:00:34+00:00,15,1,1.0,0.5,0,0,2356,0.03583617747440273,247,1471.0,0.021525898584400006,0.19843026591028934,154.0,4.0,79,0,0,0,0,0,1,0,0,0,0,0,11,0.5,1,bug_fix,corrective,Human,17,0.12372535690006799,364,1,3,10,52,1,4,MudBlazor/MudBlazor,215,62c97d6d21fd79abd9f4f69cefa34ea8513d44bc,MudDataGrid: Filters and Options Popover changed to Position At Cursor (#11452),0.0,0,0.5,1.0,4
10895,0.9680851063829787,2,0.18181818181818182,34,0.05263157894736842,0.036070242050308496,daniel.chalmers@outlook.com,0.25,0.25,0.05263157894736842,0.036070242050308496,14,0.125,0.125,0.125,0.125,42,0.15789473684210525,214,0.8888888888888888,8,0,0,0,0,0.0,0,0,0.0,73.14814814814815,27,0,0,3.375,0.48148148148148145,13,27,14,9,47,2025-06-06T14:43:11+00:00,17,1,0.8518518518518519,0.375,0,0,4916,0.011527377521613832,122,1361.875,0.003503732147938845,0.1543641437058982,68.25,3.4444444444444446,65,0,0,0,0,0,1,0,0,0,0,0,8,0.0,0,resource,perfective,Human,26,0.22101881597062872,2408,1,8,7,1047,2,14,MudBlazor/MudBlazor,215,1c75e64bb07b695073ac826a65fd9a5898127092,Improve accessibility labels and localize picker buttons (#11456),0.0,0,1.0,1.0,4
3073,0.9893617021276596,1,0.24193548387096775,45,0.6666666666666666,0.7755102040816326,148913404+versile2@users.noreply.github.com,1.0,1.0,0.4375,0.5050651230101303,15,0.5,0.5,1.0,0.5,53,0.19776119402985073,210,1.0,2,0,0,11,9,0.25925925925925924,0,0,0.05555555555555555,67.16666666666667,54,10,0,30.0,0.7833333333333333,47,60,13,2,47,2025-06-09T15:18:13+00:00,3,1,1.0,1.0,0,0,2360,0.05329593267882188,251,1536.5,0.031308983288563484,0.2182132075023177,138.5,3.5,37,0,0,0,0,0,1,0,0,0,0,0,4,0.0,0,feature,perfective,Human,19,0.12137975919297103,373,1,2,196,196,3,3,MudBlazor/MudBlazor,218,a92b2d10686c9ad79119d7fe2b5f0468bd5cdcd6,MudDataGrid: Groupable Logic (#11383),0.0,0,1.0,1.0,0
2762,0.0,48,0.0,0,0.0,0.0,47334312+sirdx@users.noreply.github.com,0.0,0.0,0.0,0.0,19,0.0,0.0,0.0,0.0,0,0.0,0,1.0,2,1,0,2,2,0.15151515151515152,0,0,0.09090909090909091,61.78787878787879,33,6,0,17.5,0.7428571428571429,26,35,9,2,47,2025-06-09T19:33:43+00:00,17,1,1.0,1.0,0,0,2556,0.05825242718446602,167,1381.0,0.033625431119619555,0.3013374204232949,90.5,3.5,68,0,0,0,1,0,1,0,0,0,0,0,8,0.0,0,bug_fix,corrective,Human,7,0.18718320057929036,517,1,2,13,13,2,2,MudBlazor/MudBlazor,219,774ed5d52e251f72cbf67d6d71d20481650ef76e,MudTablePager: Fix InfoFormat ignoring custom text (#11466) (#11468),0.0,0,1.0,1.0,0
7775,0.96875,2,0.18617021276595744,35,0.3488372093023256,0.16767676767676767,daniel.chalmers@outlook.com,0.7,0.75,0.2857142857142857,0.10505050505050505,1,0.3,0.3,0.45,0.45,43,0.15925925925925927,217,0.6470588235294118,22,0,0,27,18,1.0,0,0,0.0196078431372549,64.3529411764706,102,0,0,4.636363636363637,0.5,51,102,51,34,48,2025-06-10T01:20:13+00:00,0,1,0.8431372549019608,0.2727272727272727,0,0,2360,0.11659192825112108,251,353.40909090909093,0.021964968626665998,0.3911925362650414,31.454545454545453,4.0,40,0,1,0,0,0,1,0,0,0,0,0,7,0.0,0,documentation,perfective,Human,29,0.08308681672025724,646,1,8,185,238,7,11,MudBlazor/MudBlazor,219,63e2cda814ab597a21660a15023e19c1de792f7a,Make some XML docs more concise (#11470),0.0,0,0.9090909090909091,0.9090909090909091,1
1005,0.0,49,0.0,0,0.0,0.0,oxayotl@users.noreply.github.com,0.0,0.0,0.0,0.0,20,0.0,0.0,0.0,0.0,0,0.0,0,1.0,2,0,0,2,0,1.0,0,0,0.0,73.5,4,0,0,2.0,0.5,2,4,2,2,48,2025-06-10T20:39:01+00:00,66,1,1.0,0.0,0,0,793,0.009433962264150943,82,502.5,0.005978015179994765,0.42593804277998526,51.0,3.5,71,0,1,0,0,0,1,0,0,0,0,0,8,0.0,0,dependency_update,adaptive,Human,8,0.08159203980099503,82,1,1,0,4,0,1,MudBlazor/MudBlazor,220,275d3a20490ea625d42e4dd6eda4748508c870fd,Update OnAdornmentClick documentation to match actual behavior (#11474),0.0,0,0.5,0.5,1
1473,0.9897959183673469,1,0.24598930481283424,46,0.0,0.0,148913404+versile2@users.noreply.github.com,0.0,0.0,0.0,0.0,17,0.0,0.0,0.0,0.0,54,0.19852941176470587,212,0.5,1,0,1,1,2,0.17142857142857143,0,1,0.0,41.98571428571429,70,12,0,82.0,0.9512195121951219,78,82,4,2,49,2025-06-11T17:05:03+00:00,16,1,0.3170731707317073,1.0,0,0,1473,0.017651052274270197,48,1473.0,0.017651052274270197,0.0855397148676171,48.0,3.5,49,0,0,1,0,0,1,0,0,0,0,0,7,0.0,0,feature,perfective,Human,10,0.526816021724372,776,1,2,32,149,1,2,MudBlazor/MudBlazor,220,9607c1f11956242dde4b6fcce04786495d47a731,MudTabs: Add Drag and Drop functionality (#11267),0.0,0,1.0,1.0,2
1520,0.9693877551020408,2,0.19148936170212766,36,0.6333333333333333,0.7216624685138538,daniel.chalmers@outlook.com,1.0,1.0,0.6333333333333333,0.7216624685138538,18,0.0,0.0,1.0,1.0,44,0.16117216117216118,219,1.0,2,0,22,11,34,0.5027322404371585,5,1,0.01092896174863388,52.10382513661202,183,15,0,103.0,0.5776699029126213,119,206,87,2,49,2025-06-11T18:58:59+00:00,7,1,1.0,1.0,0,0,772,0.21256684491978609,100,760.0,0.13672383696766507,0.26170651963093294,56.5,3.5,42,0,0,0,0,0,1,0,0,1,1,0,5,0.0,0,refactor_cleanup,preventive,Human,6,0.6263157894736842,952,1,3,13,373,1,6,MudBlazor/MudBlazor,220,51e30a6a2e21548d569e2de4a40c2e50365cf3c0,MudMenu: Revert previous refactor (#11484),0.0,0,1.0,1.0,2
4062,0.0,50,0.0,0,0.0,0.0,mariahwerber@gmail.com,0.0,0.0,0.0,0.0,19,0.0,0.0,0.0,0.0,0,0.0,0,0.8,4,0,0,0,0,0.6538461538461539,0,0,0.19230769230769232,74.0,26,0,0,6.75,0.6666666666666666,18,27,9,5,49,2025-06-11T19:46:15+00:00,0,1,0.5185185185185185,0.75,0,0,1389,0.005759539236861051,172,1015.5,0.003216865384408322,0.3338355764490921,122.0,3.8,80,0,0,1,0,0,1,0,0,0,0,0,9,0.0,0,feature,perfective,Human,18,0.1829148202855736,743,1,6,229,482,7,16,MudBlazor/MudBlazor,221,6c145219e930e887d1c366bf60bf9c43f3e189e5,MudGlobal: Add PopoverDefaults.ModalOverlay to control Modal parameters (#11486),0.0,0,1.0,1.0,2
1205,0.9693877551020408,2,0.19786096256684493,37,0.3076923076923077,0.45549738219895286,daniel.chalmers@outlook.com,1.0,1.0,0.3076923076923077,0.45549738219895286,16,0.0,0.0,0.0,0.0,45,0.16363636363636364,220,1.0,1,0,2,0,0,0.0,0,0,0.0,42.0,2,0,0,3.0,0.6666666666666666,2,3,1,1,49,2025-06-12T16:55:50+00:00,0,1,1.0,1.0,0,0,1205,0.0024896265560165973,160,1205.0,0.0024896265560165973,0.2954356846473029,160.0,4.0,88,0,0,0,1,0,1,0,0,0,0,0,11,0.0,0,bug_fix,corrective,Human,8,0.09211618257261411,111,1,5,35,120,4,7,MudBlazor/MudBlazor,221,16bba75342d1c7a610e8ba6ec0283cba8b92ab94,MudAutocomplete: Fix item selection stealing focus back after handler completes (#11482),0.0,0,1.0,1.0,3
1129,0.9489795918367347,3,0.13297872340425532,25,0.0,0.0,curtis.mayers@gmail.com,0.0,0.0,0.0,0.0,17,0.0,0.0,0.0,0.0,37,0.13405797101449277,221,0.5,2,0,4,7,9,0.075,0,1,0.05,43.3625,80,3,0,49.0,0.8367346938775511,82,98,16,4,49,2025-06-12T17:35:59+00:00,155,1,1.0,0.0,0,0,806,0.29721362229102166,126,564.5,0.14984750593459273,0.2624607241355469,78.5,3.25,48,0,0,1,0,0,1,0,0,0,0,0,6,0.0,0,feature,perfective,Human,9,0.29229406554472986,330,1,0,0,0,0,0,MudBlazor/MudBlazor,221,8cd4ca82c2b8b61d6d4f421c29380202ac951bf2,MudFileUpload: Add file size validation (#11476),0.0,0,0.5,0.5,3
1543,0.32653061224489793,18,0.005291005291005291,1,0.0,0.0,47334312+sirdx@users.noreply.github.com,0.0,0.0,0.0,0.0,17,0.0,0.0,0.0,0.0,1,0.0036101083032490976,2,0.75,3,0,0,8,0,0.0,0,0,0.0,79.5223880597015,67,123,0,23.666666666666668,0.704225352112676,50,71,21,4,49,2025-06-12T17:45:24+00:00,1,1,0.7746478873239436,0.3333333333333333,0,0,1473,0.44,48,514.3333333333334,0.26921701742475673,0.045179904955872374,16.0,3.25,46,0,0,0,1,0,1,0,0,0,0,0,6,0.0,0,bug_fix,corrective,Human,9,0.4860661049902787,750,1,3,58,175,2,3,MudBlazor/MudBlazor,221,eeb04855dc5b5293ea34a720950ffea0c42de87a,MudTabs: Fix MudTabSlider not showing (#11467),0.0,0,0.3333333333333333,0.3333333333333333,3
516,0.7142857142857143,11,0.010526315789473684,2,0.0,0.0,103250605+timmac-qmc@users.noreply.github.com,0.0,0.0,0.0,0.0,17,0.0,0.0,0.0,0.0,3,0.01079136690647482,217,1.0,1,0,1,0,0,0.0,0,0,0.0,92.0,2,0,0,2.0,0.5,1,2,1,1,49,2025-06-12T17:48:09+00:00,2,1,1.0,1.0,0,0,516,0.003875968992248062,83,516.0,0.003875968992248062,0.25193798449612403,83.0,4.0,42,0,0,0,1,0,1,0,0,0,0,0,6,0.0,0,bug_fix,corrective,Human,4,0.12209302325581395,63,1,1,2,2,1,1,MudBlazor/MudBlazor,221,5df9ab121762ba1e1465c6340507f2ec8d0b2f4d,MudDrawer: Fix stall when loading (#11009),0.0,0,1.0,1.0,3
414,0.9693877551020408,2,0.19786096256684493,37,0.2,0.038348082595870206,daniel.chalmers@outlook.com,1.0,1.0,0.2,0.038348082595870206,19,0.0,0.0,0.0,0.0,46,0.16487455197132617,222,1.0,1,0,0,0,0,0.0,0,0,0.0,76.0,3,0,0,3.0,0.6666666666666666,2,3,1,1,49,2025-06-14T19:56:45+00:00,18,1,1.0,1.0,0,1,414,0.007246376811594203,35,414.0,0.007246376811594203,0.30193236714975846,35.0,4.0,69,0,0,1,0,0,1,0,0,1,0,0,8,0.0,0,refactor_cleanup,preventive,Human,2,0.15217391304347827,63,1,3,218,218,3,3,MudBlazor/MudBlazor,224,da92af3b34e6aef71d02c2335da5483ea4a4d471,"MudToggleGroup: Refactor borders, Add border opacity support (#11496)",0.0,0,1.0,1.0,5
476,0.9897959183673469,1,0.25,47,0.8888888888888888,0.9433962264150944,148913404+versile2@users.noreply.github.com,1.0,1.0,0.8888888888888888,0.9433962264150944,20,1.0,1.0,1.0,1.0,55,0.19642857142857142,216,1.0,2,0,2,0,0,0.0,0,0,0.0,96.33333333333333,3,0,0,1.5,0.6666666666666666,2,3,1,2,49,2025-06-14T20:17:13+00:00,24,1,1.0,0.5,0,1,403,0.0136986301369863,62,238.0,0.009330704646656921,0.1507699106019919,33.0,3.5,55,0,0,0,0,0,1,0,0,0,0,0,8,0.0,0,bug_fix,corrective,Human,1,0.012605042016806723,6,1,2,2,25,2,6,MudBlazor/MudBlazor,224,81189b2ad613fd2c4c2b6455163de1bf1c58d71e,MudInput: Dispose iOS Blur With Error Handling (#11436),0.0,0,1.0,1.0,5
237,0.9693877551020408,2,0.20105820105820105,38,0.0,0.0,daniel.chalmers@outlook.com,0.0,0.0,0.0,0.0,21,0.0,0.0,0.0,0.0,47,0.16725978647686832,222,1.0,2,0,2,6,6,0.2,1,0,0.02857142857142857,66.57142857142857,35,7,0,18.0,0.5277777777777778,19,36,17,2,49,2025-06-14T21:15:08+00:00,29,1,1.0,0.5,0,1,166,0.20481927710843373,14,118.5,0.11649414559647038,0.2078737485151875,9.0,4.0,55,0,0,0,0,0,1,0,0,0,0,0,6,0.0,0,bug_fix,corrective,Human,3,0.05485232067510549,13,1,2,58,60,1,2,MudBlazor/MudBlazor,224,3f1f88433410b07cd93dc3417b283b8553736f1c,MudToggleItem: Enforce direct parent hierarchy (#11498),0.0,0,1.0,1.0,5
684,0.9693877551020408,2,0.1797752808988764,32,0.0,0.0,daniel.chalmers@outlook.com,0.0,0.0,0.0,0.0,0,0.0,0.0,0.0,0.0,48,0.1702127659574468,224,1.0,1,0,0,1,1,1.0,0,0,0.5,115.5,2,0,0,2.0,0.5,1,2,1,1,49,2025-06-17T00:55:41+00:00,31,1,1.0,0.0,0,0,684,0.0029239766081871343,71,684.0,0.0029239766081871343,0.33187134502923976,71.0,4.0,44,0,1,0,0,0,1,0,0,0,0,0,7,0.0,0,documentation,perfective,Human,3,0.023391812865497075,16,1,1,0,159,0,1,MudBlazor/MudBlazor,226,90a68122e5d78cb7abea6fa8b8558a82fdd90fcb,Docs: Revise Tree View page wording (#11501),0.0,0,1.0,1.0,1
1684,0.9479166666666666,3,0.1411764705882353,24,0.0,0.0,curtis.mayers@gmail.com,0.0,0.0,0.0,0.0,14,0.0,0.0,0.0,0.0,38,0.13427561837455831,232,1.0,2,0,4,1,3,0.1724137931034483,0,1,0.0,59.241379310344826,29,6,0,20.5,1.0,41,41,0,2,48,2025-06-23T14:23:43+00:00,94,1,1.0,0.0,0,0,1391,0.026599568655643422,37,842.0,0.02012572289437461,0.26230545952404904,31.0,3.5,51,0,0,0,1,0,1,0,0,0,0,0,7,0.0,0,bug_fix,corrective,Human,10,0.26365795724465557,444,1,0,0,0,0,0,MudBlazor/MudBlazor,232,17e0e56ee7549cfcc4f70fade1e04e9f52c29869,MudDialog: Fix Inline Dialog Title Refresh (#11504),0.0,0,1.0,1.0,0
371,0.9479166666666666,3,0.14619883040935672,25,0.0,0.0,curtis.mayers@gmail.com,0.0,0.0,0.0,0.0,14,0.0,0.0,0.0,0.0,39,0.13732394366197184,232,0.5,1,0,8,3,4,0.0,0,0,0.0,34.4,25,1,0,26.0,0.8846153846153846,23,26,3,2,48,2025-06-23T14:30:55+00:00,153,1,1.0,0.0,0,0,371,0.07008086253369272,35,371.0,0.07008086253369272,0.15633423180592992,35.0,3.5,75,0,0,0,1,0,1,0,0,0,0,0,9,0.0,0,bug_fix,corrective,Human,2,0.016172506738544475,6,1,0,0,0,0,0,MudBlazor/MudBlazor,232,6027cf964268548e05ba61aa2edfd3ce2d03937b,MudDialog: Fix CloseOnEscapeKey Not Triggered After Backdrop Click (#11475),0.0,0,1.0,1.0,0
595,0.9479166666666666,3,0.1511627906976744,26,nan,nan,curtis.mayers@gmail.com,nan,nan,nan,nan,18,nan,nan,nan,nan,40,0.14035087719298245,232,0.3333333333333333,1,0,0,11,3,0.029605263157894735,0,0,0.049342105263157895,61.24342105263158,304,13,0,358.0,0.9888268156424581,354,358,4,3,48,2025-06-23T18:00:27+00:00,nan,1,0.9441340782122905,0.0,0,0,595,0.5680672268907563,14,595.0,0.5680672268907563,0.07058823529411765,14.0,3.6666666666666665,58,0,0,0,1,0,1,0,0,0,0,0,7,0.0,0,bug_fix,corrective,Human,4,0.5882352941176471,350,1,0,0,0,0,0,MudBlazor/MudBlazor,232,e9baca051c49ba0550224658b742738bab1a918e,MudHighlighter: Fix Highlighted Markup Render Bug (#11543),0.0,0,0.0,0.0,0
1594,0.9479166666666666,3,0.15606936416184972,27,0.0,0.0,curtis.mayers@gmail.com,0.0,0.0,0.0,0.0,19,0.0,0.0,0.0,0.0,41,0.14285714285714285,234,1.0,2,0,4,0,1,0.15384615384615385,0,0,0.0,40.5,26,7,0,17.0,1.0,34,34,0,2,48,2025-06-24T19:41:53+00:00,29,1,1.0,1.0,0,0,1085,0.021611001964636542,68,797.0,0.021404579323332097,0.11879894615809439,42.5,3.5,50,0,0,0,0,0,1,0,0,0,0,0,7,0.5,1,bug_fix,corrective,Human,12,0.9623588456712673,1534,1,1,143,143,1,1,MudBlazor/MudBlazor,234,9d32b4e5b08bc68a076bec54c74ab606fad1d2ba,MudMask: Update value an browser autofill (#11547),0.0,0,1.0,1.0,1
7275,0.0,49,0.0,0,0.0,0.0,raimana.lowgreen@gmail.com,0.0,0.0,0.0,0.0,19,0.0,0.0,0.0,0.0,0,0.0,0,0.75,6,0,7,9,14,0.15364583333333334,0,0,0.0234375,46.658854166666664,384,74,0,73.0,0.9771689497716894,428,438,10,8,48,2025-06-24T19:44:42+00:00,1,1,0.8493150684931506,0.3333333333333333,0,0,5201,0.18716577540106952,83,1212.5,0.10097460947433683,0.07644023922017332,36.333333333333336,3.625,42,0,0,1,0,0,1,0,0,0,0,0,5,0.0,0,feature,perfective,Human,28,0.32920962199312714,2395,1,4,41,722,2,6,MudBlazor/MudBlazor,234,7475162330905f3278195d12d6de90f12da14fda,Datagrid: Support Dateonly filter (#11535),0.0,0,0.3333333333333333,0.3333333333333333,1
3382,0.3469387755102041,16,0.005747126436781609,1,0.13333333333333333,0.13076923076923078,22691956+digitaldirk@users.noreply.github.com,1.0,1.0,0.13333333333333333,0.13076923076923078,21,0.5,0.5,0.0,0.0,2,0.006920415224913495,31,1.0,2,0,0,0,4,0.09523809523809523,0,0,0.0,52.285714285714285,21,8,0,11.5,0.8260869565217391,19,23,4,2,49,2025-06-25T21:27:49+00:00,13,1,1.0,1.0,0,0,2162,0.01721311475409836,164,1691.0,0.009069092067150938,0.2387657148056596,140.5,3.5,52,0,0,0,1,0,1,0,0,0,0,0,6,0.0,0,bug_fix,corrective,Human,14,0.06031933767001774,204,1,5,49,187,4,7,MudBlazor/MudBlazor,235,cc2f914815a480bd480578f032c87500df992c81,MudAutocomplete: Fix Strict mode regression (#11533),0.0,0,1.0,1.0,2
8214,0.0,49,0.0,0,0.0,0.0,chris.nielsen1226@gmail.com,0.0,0.0,0.0,0.0,23,0.0,0.0,0.0,0.0,0,0.0,0,1.0,3,0,7,6,2,0.09375,0,0,0.03125,64.53125,64,26,0,24.333333333333332,0.958904109589041,70,73,3,3,48,2025-06-27T23:12:14+00:00,3,1,1.0,1.0,0,0,5257,0.013605442176870748,253,2738.0,0.00935232563238174,0.16910500343325804,132.33333333333334,3.6666666666666665,48,0,0,1,0,0,1,0,0,0,0,0,5,0.0,0,feature,perfective,Human,30,0.2734355977599221,2246,1,4,353,1084,5,10,MudBlazor/MudBlazor,237,8c428f7888556f319aeb29d4dceb1d64f1073975,MudDataGrid: Add AllowUnsorted property (#11443),0.0,0,1.0,1.0,4
168,0.9693877551020408,2,0.16279069767441862,28,0.0,0.0,curtis.mayers@gmail.com,0.0,0.0,0.0,0.0,22,0.0,0.0,0.0,0.0,42,0.14383561643835616,238,0.5,1,0,0,0,0,0.0,0,0,0.0,43.0,13,5,0,17.0,1.0,17,17,0,2,49,2025-06-28T22:34:18+00:00,18,1,1.0,1.0,0,1,168,0.10119047619047619,5,168.0,0.10119047619047619,0.3630952380952381,5.0,3.5,75,0,0,0,0,0,1,0,0,0,0,0,10,0.0,0,bug_fix,corrective,Human,3,0.05357142857142857,9,1,2,2,9,1,2,MudBlazor/MudBlazor,238,76c1e5251c515f03283d3f2031f4a3e856e3561f,MudProgressCircular: Calculate view box size based on stroke width (#11557),0.0,0,1.0,1.0,5
3022,0.0,50,0.0,0,0.0,0.0,riley@nielsen.tech,0.0,0.0,0.0,0.0,20,0.0,0.0,0.0,0.0,0,0.0,0,1.0,2,0,2,1,0,0.11538461538461539,0,0,0.038461538461538464,55.46153846153846,26,2,0,16.0,0.9375,30,32,2,2,49,2025-07-01T20:44:52+00:00,20,1,1.0,0.5,0,0,1624,0.011699507389162561,172,1511.0,0.010499252979273697,0.20111683122264742,131.0,3.5,73,0,0,0,0,0,1,0,0,0,0,0,8,0.0,0,bug_fix,corrective,Human,23,0.5754467240238252,1739,1,1,8,8,1,1,MudBlazor/MudBlazor,241,994aa57f6fdbb0b2661462b8178267ec16728e80,MudSelect: Always call `FieldChanged` when `MultiSelection=true` (#11553),0.0,0,1.0,1.0,1
1581,0.95,3,0.14534883720930233,25,0.0,0.0,daniel.chalmers@outlook.com,0.0,0.0,0.0,0.0,1,0.0,0.0,0.0,0.0,50,0.17006802721088435,240,1.0,2,0,8,4,4,0.234375,0,0,0.0,60.078125,64,2,0,33.0,0.06060606060606061,4,66,62,2,50,2025-07-03T01:19:00+00:00,8,1,1.0,0.5,0,0,1416,0.043785310734463276,42,790.5,0.03401386748844376,0.08798151001540831,22.5,3.0,49,0,1,0,0,0,1,0,0,0,0,1,7,0.0,0,style_formatting,preventive,Human,7,0.23908918406072105,378,1,3,39,49,2,3,MudBlazor/MudBlazor,242,5363dbf0858a1e46af29e7b13a500642657bee10,"Docs, Tests: Reduce Style property usage (#11588)",0.0,0,1.0,1.0,3
788,0.95,3,0.15028901734104047,26,0.0,0.0,daniel.chalmers@outlook.com,0.0,0.0,0.0,0.0,1,0.0,0.0,0.0,0.0,51,0.17288135593220338,240,1.0,2,0,0,0,0,0.46153846153846156,0,0,0.0,34.07692307692308,13,0,0,7.0,0.14285714285714285,2,14,12,2,50,2025-07-03T01:42:55+00:00,109,1,1.0,0.0,0,0,554,0.018050541516245487,63,394.0,0.01757227930513129,0.35267981116356567,40.0,4.0,46,0,0,0,0,0,1,0,0,0,0,0,5,0.0,0,refactor_cleanup,preventive,Human,4,0.2893401015228426,228,1,0,0,0,0,0,MudBlazor/MudBlazor,242,e8fead30e2993d0e4f59600493606d67a512c1cb,MudStepper: Remove StepStyle property (#11589),0.0,0,1.0,1.0,3
7151,0.336734693877551,17,0.005780346820809248,1,0.04,0.17272727272727273,raimana.lowgreen@gmail.com,0.5,0.5,0.04,0.17272727272727273,22,0.0,0.0,0.0,0.0,1,0.0033783783783783786,11,1.0,3,0,25,0,7,0.012522361359570662,0,0,0.005366726296958855,81.4186046511628,559,367,0,198.66666666666666,0.610738255033557,364,596,232,3,49,2025-07-05T22:41:03+00:00,4,1,1.0,0.6666666666666666,0,1,5369,0.18471337579617833,90,2383.6666666666665,0.09691625471221714,0.09164713209709431,62.666666666666664,3.3333333333333335,90,0,0,1,0,0,1,0,0,0,0,0,11,0.0,0,feature,perfective,Human,34,0.37812893301636136,2704,1,6,364,972,4,7,MudBlazor/MudBlazor,245,7c89c6851af931c60a64f2b676a4094f44227c2e,DataGrid: Extend DateOnly filtering support for Simple and ColumnFilterMenu modes (#11599),0.0,0,0.6666666666666666,0.6666666666666666,5
110,0.9479166666666666,3,0.15060240963855423,25,1.0,1.0,daniel.chalmers@outlook.com,1.0,1.0,1.0,1.0,17,1.0,1.0,1.0,1.0,52,0.1750841750841751,248,1.0,1,0,0,0,0,0.0,0,0,0.0,37.75,8,2,0,8.0,0.5,4,8,4,1,48,2025-07-10T17:43:33+00:00,173,1,1.0,0.0,0,0,110,0.07272727272727272,4,110.0,0.07272727272727272,0.0,4.0,4.0,75,1,1,0,0,0,1,0,0,0,0,0,10,0.0,0,documentation,perfective,Human,0,0.0,0,1,0,0,0,0,0,MudBlazor/MudBlazor,249,54bcadfc707f85269c3638587dccc0efd762b0f8,Docs: Replace version announcements with links to migration guides (#11604),0.0,0,1.0,1.0,3
56,0.9479166666666666,3,0.15757575757575756,26,nan,nan,daniel.chalmers@outlook.com,nan,nan,nan,nan,19,nan,nan,nan,nan,56,0.18604651162790697,250,1.0,1,0,10,9,10,0.2807017543859649,0,0,0.0,53.64912280701754,57,0,0,60.0,0.65,39,60,21,1,48,2025-07-12T19:56:33+00:00,nan,1,1.0,0.0,0,1,56,1.0714285714285714,15,56.0,1.0714285714285714,0.23214285714285715,15.0,2.0,41,0,0,0,0,0,1,0,0,0,0,0,8,0.0,0,build_config_ci,management,Human,3,1.1964285714285714,67,1,0,0,0,0,0,MudBlazor/MudBlazor,252,d117db35e87c33ddc545a93d5659ddeb82a34290,Build: Use AI to apply PR labels (#11642),0.0,0,0.0,0.0,5
163,0.9479166666666666,3,0.16265060240963855,27,nan,nan,daniel.chalmers@outlook.com,nan,1.0,1.0,1.0,18,nan,1.0,nan,1.0,57,0.18874172185430463,251,1.0,2,0,17,14,17,0.2222222222222222,0,0,0.0,44.452991452991455,117,2,0,61.5,0.6991869918699187,86,123,37,2,48,2025-07-13T18:07:56+00:00,nan,1,1.0,0.0,0,1,116,0.8362068965517241,24,81.5,0.6946991929567131,0.12444974321349964,17.0,2.0,75,0,0,0,0,0,1,0,0,0,0,0,9,0.5,1,build_config_ci,management,Human,14,2.098159509202454,342,1,0,0,0,0,0,MudBlazor/MudBlazor,252,2e0a70082a9bb5c786ddef0f7757588d4f3b39a2,Build: Automatically triage backlog issues & include more metadata (#11648),0.0,0,0.0,1.0,6
108,0.9583333333333334,2,0.16766467065868262,28,nan,nan,daniel.chalmers@outlook.com,nan,nan,nan,nan,21,nan,nan,nan,nan,58,0.19141914191419143,251,1.0,1,0,0,0,0,0.0,0,0,0.0,33.5,2,0,0,2.0,0.5,1,2,1,1,48,2025-07-13T21:38:06+00:00,nan,1,1.0,0.0,0,1,108,0.018518518518518517,28,108.0,0.018518518518518517,0.14814814814814814,28.0,2.0,53,0,0,0,0,0,0,0,0,0,0,0,8,0.0,0,build_config_ci,management,Human,1,0.6851851851851852,74,1,0,0,0,0,0,MudBlazor/MudBlazor,253,928bf0bc21c569cebe381c155eece91d62584bef,Build: Work through backlog starting from most recent,0.0,0,0.0,0.0,6
313,0.96875,2,0.17261904761904762,29,1.0,1.0,daniel.chalmers@outlook.com,1.0,1.0,1.0,1.0,3,1.0,1.0,1.0,1.0,59,0.19407894736842105,251,1.5,3,0,21,7,19,0.1452991452991453,9,0,0.03418803418803419,49.085470085470085,117,10,0,45.0,0.28888888888888886,39,135,96,2,48,2025-07-14T03:26:57+00:00,0,1,1.0,0.6666666666666666,0,0,143,0.6236559139784946,30,104.33333333333333,0.3933664901406837,0.107122268412591,19.666666666666668,2.0,41,0,0,0,0,0,1,0,0,0,0,0,5,0.0,0,build_config_ci,management,Human,4,1.1437699680511182,358,1,1,62,62,2,2,MudBlazor/MudBlazor,253,9c12be44b5fd2860955c56f02ce6adc138b97ef5,Build: Update automatic triaging (#11652),0.0,0,0.6666666666666666,1.0,0
190,0.32978723404255317,17,0.005952380952380952,1,nan,nan,60509445+jhabjanmxp@users.noreply.github.com,nan,nan,nan,nan,17,nan,nan,nan,nan,1,0.003278688524590164,90,1.0,1,0,0,0,1,0.0,0,0,0.0,31.333333333333332,3,0,0,3.0,1.0,3,3,0,1,47,2025-07-14T17:52:59+00:00,nan,1,1.0,0.0,0,0,190,0.015789473684210527,14,190.0,0.015789473684210527,0.13157894736842105,14.0,4.0,64,0,0,0,0,0,1,0,0,0,0,0,7,0.0,0,bug_fix,corrective,Human,1,0.021052631578947368,4,1,0,0,0,0,0,MudBlazor/MudBlazor,253,ec211d9550bf327a21836cc6e9d94c626ac038a2,MudFocusTrap: Prevent JSException on Disposed Component (#11586),0.0,0,0.0,0.0,0
1784,0.9893617021276596,1,0.23668639053254437,40,0.14285714285714285,0.104,148913404+versile2@users.noreply.github.com,0.5,0.5,0.14285714285714285,0.104,17,0.0,0.0,0.0,0.0,56,0.1830065359477124,245,0.6666666666666666,2,0,4,13,3,0.26153846153846155,0,0,0.015384615384615385,55.176923076923075,130,41,0,71.0,0.8873239436619719,126,142,16,3,47,2025-07-14T17:56:36+00:00,32,1,0.8028169014084507,0.0,0,0,1563,0.07165706973768395,62,892.0,0.040353421746670025,0.29523077502077166,39.5,3.6666666666666665,85,0,0,0,0,0,1,0,0,0,0,0,13,0.0,0,feature,perfective,AI,12,0.5347533632286996,954,1,4,0,211,0,4,MudBlazor/MudBlazor,253,22813416f95413b257d68b0bc818f25e856a2e8e,MudTabs: Update ActiveIndex On Render and Refresh when Drag and Drop Enabled (#11568),0.0,0,1.0,1.0,0
5969,0.9893617021276596,1,0.2411764705882353,41,0.4230769230769231,0.24634655532359082,148913404+versile2@users.noreply.github.com,1.0,1.0,0.4230769230769231,0.24634655532359082,18,0.0,0.0,0.5,0.5,57,0.18566775244299674,246,1.0,2,0,12,0,3,0.01818181818181818,0,0,0.0,56.03636363636364,55,4,0,29.0,0.603448275862069,35,58,23,2,47,2025-07-14T18:21:30+00:00,8,1,1.0,1.0,0,0,5388,0.04647160068846816,84,2984.5,0.026112563521665407,0.09552799169953757,71.0,3.5,59,0,0,0,1,0,1,0,0,0,0,0,8,0.0,0,bug_fix,corrective,Human,21,0.25783213268554195,1539,1,5,915,1562,3,9,MudBlazor/MudBlazor,253,3b01d3dbd307dde85ee46f3bcbceaa933b3fbbe5,MudDataGrid: Fix Position At Cursor Filter Options (#11654),0.0,0,1.0,1.0,0
2371,0.9893617021276596,1,0.24561403508771928,42,0.5,0.78,148913404+versile2@users.noreply.github.com,1.0,1.0,0.5833333333333334,0.4886128364389234,0,0.0,0.0,1.0,0.0,58,0.18831168831168832,246,1.0,1,0,0,3,0,0.75,0,0,0.375,108.625,8,0,0,8.0,0.625,5,8,3,1,47,2025-07-15T00:31:00+00:00,17,1,1.0,1.0,0,0,2371,0.003374103753690426,252,2371.0,0.003374103753690426,0.31632222690847744,252.0,4.0,52,0,0,0,0,0,1,0,0,0,0,0,5,0.0,0,bug_fix,corrective,Human,14,0.13622943905525095,323,1,3,9,50,1,4,MudBlazor/MudBlazor,254,4edc8ac73d25ab29aef46bd919926e8625f446a2,MudDataGrid: AllowUnsorted Default Behavior (#11655),0.0,0,1.0,1.0,1
224,0.9680851063829787,2,0.1744186046511628,30,1.0,1.0,daniel.chalmers@outlook.com,1.0,1.0,1.0,1.0,1,1.0,1.0,1.0,1.0,60,0.1941747572815534,252,4.0,4,0,1,4,6,0.024390243902439025,0,0,0.04878048780487805,58.853658536585364,41,5,0,10.75,0.7674418604651163,33,43,10,1,47,2025-07-15T01:12:00+00:00,0,1,1.0,0.75,0,0,79,0.673469387755102,14,56.0,0.21369345137489854,0.12720413695584598,10.0,2.0,40,0,0,0,0,0,0,0,0,0,0,0,6,0.0,0,build_config_ci,management,Human,5,2.7723214285714284,621,1,1,147,147,3,3,MudBlazor/MudBlazor,254,a3f35fe6e0eaece2d932448656061a40de1361c8,Build: Allow AutoTriage to remove labels,0.0,0,0.75,1.0,1
225,0.9680851063829787,2,0.1791907514450867,31,1.0,1.0,daniel.chalmers@outlook.com,1.0,1.0,1.0,1.0,5,1.0,1.0,1.0,1.0,61,0.1967741935483871,252,4.0,4,0,1,4,7,0.11627906976744186,2,0,0.0,43.604651162790695,43,3,0,12.25,0.24489795918367346,12,49,37,1,47,2025-07-15T05:56:27+00:00,0,1,1.0,0.75,0,0,74,0.4827586206896552,16,56.25,0.22196494547209433,0.11972752658202616,10.5,2.0,33,0,0,0,0,0,1,0,0,0,0,0,4,0.0,0,build_config_ci,management,Human,3,1.5422222222222222,347,1,1,161,161,3,3,MudBlazor/MudBlazor,254,a3727bfddfee018e8af5518b64ea9f9f8da5aeac,Build: Update AutoTriage (#11658),0.0,0,0.75,1.0,1
310,0.9680851063829787,2,0.1839080459770115,32,1.0,1.0,daniel.chalmers@outlook.com,1.0,1.0,1.0,1.0,20,1.0,1.0,1.0,1.0,62,0.19935691318327975,253,0.5,1,0,30,29,34,0.17316017316017315,11,0,0.017316017316017316,48.666666666666664,231,10,0,253.0,0.5335968379446641,135,253,118,2,47,2025-07-15T20:21:49+00:00,0,1,1.0,1.0,0,0,310,0.8161290322580645,62,310.0,0.8161290322580645,0.06774193548387097,62.0,2.0,33,0,0,0,0,0,1,0,0,0,0,0,4,0.0,0,build_config_ci,management,Human,0,0.0,0,1,1,29,29,2,2,MudBlazor/MudBlazor,255,4880046bc42e0b5f0daa4500511845b89fc68cf9,Build: Update AutoTriage (#11663),0.0,0,1.0,1.0,1
157,0.9680851063829787,2,0.18857142857142858,33,1.0,1.0,daniel.chalmers@outlook.com,1.0,1.0,1.0,1.0,20,1.0,1.0,1.0,1.0,63,0.20192307692307693,253,3.0,3,0,4,7,7,0.14893617021276595,4,0,0.06382978723404255,53.361702127659576,47,4,0,16.333333333333332,0.4897959183673469,24,49,25,1,47,2025-07-15T20:42:00+00:00,0,1,1.0,0.3333333333333333,0,0,105,0.36363636363636365,26,52.333333333333336,0.30866856720515257,0.1611375074789709,13.333333333333334,2.0,32,0,0,0,0,0,0,0,0,0,0,0,4,0.0,0,build_config_ci,management,Human,9,5.0,785,1,1,41,41,2,2,MudBlazor/MudBlazor,255,f94cb6281f69d800bd4a71a4130936dcf1243ae9,Build: Update AutoTriage logging,0.0,0,0.3333333333333333,1.0,1
82,0.9680851063829787,2,0.19186046511627908,33,1.0,1.0,daniel.chalmers@outlook.com,1.0,1.0,1.0,1.0,22,1.0,1.0,1.0,1.0,65,0.2070063694267516,256,2.0,2,0,0,7,4,0.14285714285714285,0,0,0.14285714285714285,98.0,14,0,0,7.5,0.6,9,15,6,1,47,2025-07-18T22:03:49+00:00,3,1,0.8,0.5,0,0,69,0.46153846153846156,6,41.0,0.274247491638796,0.05295429208472687,5.5,2.0,20,0,0,0,0,0,0,0,0,0,0,0,3,0.0,0,build_config_ci,management,Human,1,4.048780487804878,332,1,1,14,14,3,3,MudBlazor/MudBlazor,258,51cbb7c67656a3830b0dddf100bd8b56cc8d38c2,Update AutoTriage.js,0.0,0,0.5,1.0,4
266,0.9680851063829787,2,0.19653179190751446,34,1.0,1.0,daniel.chalmers@outlook.com,1.0,1.0,1.0,1.0,18,1.0,1.0,1.0,1.0,66,0.2082018927444795,257,1.0,1,0,31,37,56,0.17405063291139242,15,0,0.0189873417721519,46.56645569620253,316,15,0,332.0,0.4367469879518072,145,332,187,1,47,2025-07-19T18:35:32+00:00,0,1,1.0,1.0,0,1,266,1.2481203007518797,46,266.0,1.2481203007518797,0.10902255639097744,46.0,2.0,33,0,0,0,0,0,1,0,0,0,0,0,4,0.0,0,build_config_ci,management,Human,0,0.0,0,1,1,20,20,4,4,MudBlazor/MudBlazor,258,346b218661028f52e3356063245f36e8ab39ec2e,Build: Update AutoTriage (#11684),0.0,0,1.0,1.0,5
1583,0.3191489361702128,18,0.005747126436781609,1,0.16666666666666666,0.35454545454545455,richard.hauer@ping-works.com.au,1.0,1.0,0.16666666666666666,0.35454545454545455,18,0.0,0.0,0.0,0.0,1,0.0031446540880503146,73,0.5,1,0,0,17,2,0.5128205128205128,0,0,0.05128205128205128,74.82051282051282,39,9,0,40.0,0.75,30,40,10,2,47,2025-07-19T18:51:45+00:00,5,1,0.8,1.0,0,1,1583,0.02021478205938092,66,1583.0,0.02021478205938092,0.0998104864181933,66.0,3.5,76,0,0,0,0,0,1,0,0,0,0,0,9,0.0,0,bug_fix,corrective,Human,12,0.5546430827542641,878,1,4,112,313,1,5,MudBlazor/MudBlazor,258,750d6049446079a4c73d483b5cfff45abb23999e,MudTabs: Ensure Custom Sorting Works Without Explicit SortDirection (#11656),0.0,0,1.0,1.0,5
282,0.9680851063829787,2,0.2023121387283237,35,1.0,1.0,daniel.chalmers@outlook.com,1.0,1.0,1.0,1.0,4,1.0,1.0,1.0,1.0,67,0.21003134796238246,257,1.0,1,0,20,27,29,0.2100456621004566,4,0,0.0136986301369863,46.93150684931507,219,16,0,240.0,0.4791666666666667,115,240,125,1,47,2025-07-20T04:41:16+00:00,4,1,1.0,1.0,0,1,282,0.851063829787234,48,282.0,0.851063829787234,0.16312056737588654,48.0,2.0,33,0,0,0,0,0,1,0,0,0,0,0,4,0.0,0,build_config_ci,management,Human,8,1.9326241134751774,545,1,1,4,4,1,1,MudBlazor/MudBlazor,259,19f9e66a3da692748ed12f868ba35fd656c784cb,Build: Update AutoTriage (#11685),0.0,0,1.0,1.0,6
208,0.9680851063829787,2,0.20930232558139536,36,1.0,1.0,daniel.chalmers@outlook.com,1.0,1.0,1.0,1.0,19,1.0,1.0,1.0,1.0,68,0.2125,258,4.0,4,0,4,7,6,0.20833333333333334,6,0,0.020833333333333332,55.479166666666664,48,6,0,12.25,0.5510204081632653,27,49,22,1,47,2025-07-20T19:43:00+00:00,0,1,1.0,0.25,0,1,73,0.2857142857142857,13,52.0,0.24802338743716665,0.20979480833429262,7.5,2.0,33,0,0,0,0,0,1,0,0,0,0,0,4,0.0,0,build_config_ci,management,Human,12,3.0865384615384617,642,1,1,244,244,2,2,MudBlazor/MudBlazor,260,f1a72c2c07a087c3fb41b55bddcc81d51de15b4f,Build: Update AutoTriage (#11687),0.0,0,0.25,1.0,6
52,0.9680851063829787,2,0.2138728323699422,37,nan,nan,daniel.chalmers@outlook.com,nan,1.0,1.0,1.0,19,nan,1.0,nan,1.0,69,0.21495327102803738,258,1.0,1,0,0,0,0,0.0,0,0,0.0,39.42857142857143,7,0,0,7.0,0.2857142857142857,2,7,5,1,47,2025-07-20T19:46:41+00:00,nan,1,1.0,0.0,0,1,52,0.1346153846153846,6,52.0,0.1346153846153846,0.11538461538461539,6.0,2.0,20,0,0,0,0,0,0,0,0,0,0,0,3,0.0,0,build_config_ci,management,Human,16,3.7884615384615383,197,1,0,0,0,0,0,MudBlazor/MudBlazor,260,7ec6b8419ffde1b52ea1cddf5d7ce3d7b7fb3a15,Update AutoTriage.js,0.0,0,0.0,1.0,6
204,0.967391304347826,2,0.22093023255813954,38,1.0,1.0,daniel.chalmers@outlook.com,1.0,1.0,1.0,1.0,20,1.0,1.0,1.0,1.0,70,0.21739130434782608,258,4.0,4,0,0,7,1,0.0,1,0,0.09090909090909091,57.93939393939394,33,10,0,9.75,0.4358974358974359,17,39,22,1,46,2025-07-20T20:26:47+00:00,0,1,1.0,0.75,0,1,73,0.5454545454545454,13,51.0,0.2600375471680446,0.21224059526150368,7.75,2.0,33,0,0,0,0,0,1,0,0,0,0,0,4,0.0,0,build_config_ci,management,Human,6,0.3235294117647059,66,1,1,47,47,1,1,MudBlazor/MudBlazor,260,4717cbf928a973c47c9c22c41eb7575f2e511fd0,Build: Update AutoTriage (#11688),0.0,0,0.75,1.0,6
93,0.967391304347826,2,0.2254335260115607,39,1.0,1.0,daniel.chalmers@outlook.com,1.0,1.0,1.0,1.0,20,1.0,1.0,1.0,1.0,71,0.21981424148606812,258,2.0,2,0,0,0,0,0.0,0,0,0.5,76.0,4,2,0,2.0,0.5,2,4,2,1,46,2025-07-20T20:31:37+00:00,0,1,1.0,1.0,0,1,50,0.046511627906976744,6,46.5,0.043255813953488376,0.18790697674418605,5.5,2.0,20,0,0,0,0,0,0,0,0,0,0,0,3,0.0,0,build_config_ci,management,Human,15,2.096774193548387,195,1,1,43,43,3,3,MudBlazor/MudBlazor,260,560c57bd546bafbe84e16020672e6ea1a3c66ffc,Update AutoTriage.js,0.0,0,1.0,1.0,6
2678,0.0,46,0.0,0,0.0,0.0,1659796+vernou@users.noreply.github.com,0.0,0.0,0.0,0.0,19,0.0,0.0,0.0,0.0,4,0.012307692307692308,254,1.0,1,0,0,5,0,0.30851063829787234,0,0,0.0,55.59574468085106,94,21,0,122.0,1.0,122,122,0,1,45,2025-07-24T19:25:53+00:00,44,1,1.0,0.0,0,0,2678,0.04555638536221061,172,2678.0,0.04555638536221061,0.20612397311426436,172.0,3.0,72,0,0,0,0,0,1,0,0,0,0,0,11,0.0,0,bug_fix,corrective,Human,18,0.6366691560866318,1705,1,2,0,32,0,2,MudBlazor/MudBlazor,263,86f0de2eb688c0e3d4bccd62c5ca4ad717e96b17,MudTable: Maintains group row state when group list is modified (#11681),0.0,0,1.0,1.0,3
445,0.9666666666666667,2,0.22424242424242424,37,1.0,1.0,daniel.chalmers@outlook.com,1.0,1.0,1.0,1.0,23,1.0,1.0,1.0,1.0,72,0.22085889570552147,263,1.0,1,0,27,40,46,0.1607717041800643,2,1,0.03215434083601286,44.4983922829582,311,41,0,350.0,0.7314285714285714,256,350,94,1,45,2025-07-25T23:14:47+00:00,5,1,1.0,1.0,0,0,445,0.7865168539325843,81,445.0,0.7865168539325843,0.11235955056179775,81.0,2.0,65,0,0,0,0,0,1,0,0,0,0,0,8,0.0,0,build_config_ci,management,Human,6,0.4337078651685393,193,1,1,246,246,3,3,MudBlazor/MudBlazor,265,b98825c89f3394faaac8145df3d427d1540fad51,Build: Major update to AutoTriage & Consolidate triaging (#11709),0.0,0,1.0,1.0,4
310,0.9666666666666667,2,0.2289156626506024,38,1.0,1.0,daniel.chalmers@outlook.com,1.0,1.0,1.0,1.0,3,1.0,1.0,1.0,1.0,73,0.22324159021406728,263,2.0,2,0,58,28,46,0.17355371900826447,7,2,0.03305785123966942,49.74104683195592,363,36,0,197.5,0.34430379746835443,136,395,259,1,45,2025-07-26T03:23:28+00:00,0,1,1.0,0.5,0,1,175,1.2962962962962963,48,155.0,1.2767195767195767,0.0707936507936508,38.0,2.0,49,0,0,0,0,0,1,0,0,1,0,0,7,0.0,0,build_config_ci,management,Human,6,0.13870967741935483,43,1,1,596,596,4,4,MudBlazor/MudBlazor,265,ce56dd855b99b008b0516a467a8849ed5713d4ba,Build: Refactor and fine-tune AutoTriage (#11711),0.0,0,0.5,1.0,5
622,0.9444444444444444,3,0.1377245508982036,23,1.0,1.0,curtis.mayers@gmail.com,1.0,1.0,1.0,1.0,12,1.0,1.0,1.0,1.0,43,0.13109756097560976,265,1.0,1,0,0,11,1,0.015,0,0,0.035,74.365,200,4,0,217.0,0.5622119815668203,122,217,95,1,45,2025-07-26T12:32:33+00:00,32,1,1.0,0.0,0,1,622,0.34887459807073956,12,622.0,0.34887459807073956,0.06270096463022508,12.0,3.0,68,0,0,0,0,0,1,0,0,0,0,0,8,0.0,0,style_formatting,preventive,Human,5,0.2765273311897106,172,1,1,0,338,0,1,MudBlazor/MudBlazor,265,0414900ffd871d05561d4d152888ddd70b6e3ce1,MudHighlighter: Maintain markup formatting when Markup=true (#11705),0.0,0,1.0,1.0,5
159,0.9666666666666667,2,0.23214285714285715,39,1.0,1.0,daniel.chalmers@outlook.com,1.0,1.0,1.0,1.0,18,1.0,1.0,1.0,1.0,74,0.22492401215805471,264,5.0,5,0,5,2,4,0.08333333333333333,3,0,0.041666666666666664,58.625,24,3,0,5.2,0.8846153846153846,23,26,3,1,45,2025-07-26T18:41:12+00:00,13,1,1.0,0.2,0,1,61,0.26229508196721313,10,31.8,0.17187447836704414,0.07157082358759828,6.2,2.0,79,0,0,1,0,0,1,0,0,0,0,0,11,0.0,0,build_config_ci,management,Human,18,1.7421383647798743,277,1,1,97,97,1,1,MudBlazor/MudBlazor,265,056ddccbadf2ca7c2fbbe131b03c61ca81f5078a,"Build: Run AutoTriage more often, Add Discord pings, Other refinements (#11716)",0.0,0,0.2,1.0,5
793,0.0,46,0.0,0,0.0,0.0,52840109+georgekarlinzer@users.noreply.github.com,0.0,0.0,0.0,0.0,19,0.0,0.0,0.0,0.0,0,0.0,0,1.0,1,0,2,0,0,0.0,0,0,0.0,54.0,2,0,0,4.0,0.5,2,4,2,1,45,2025-07-27T19:35:12+00:00,46,1,1.0,0.0,0,1,793,0.005044136191677175,82,793.0,0.005044136191677175,0.3707440100882724,82.0,3.0,72,0,0,0,1,0,1,0,0,0,0,0,8,0.0,0,bug_fix,corrective,Human,14,0.26229508196721313,208,1,1,0,2,0,1,MudBlazor/MudBlazor,267,6f0475ad99ee0742671e0c1ab08f7f1cc09673b5,MudBaseInput: Fix expired ParameterView in inherited components (#11715),0.0,0,1.0,1.0,6
119,0.9782608695652174,1,0.23529411764705882,40,1.0,1.0,daniel.chalmers@outlook.com,1.0,1.0,1.0,1.0,20,1.0,1.0,1.0,1.0,75,0.22658610271903323,265,3.0,3,0,0,0,4,0.06666666666666667,0,0,0.0,53.266666666666666,15,5,0,5.333333333333333,0.625,10,16,6,1,46,2025-07-27T20:25:45+00:00,1,1,1.0,0.6666666666666666,0,1,63,0.38461538461538464,11,39.666666666666664,0.19132805179316806,0.03137689184200812,6.333333333333333,2.0,33,0,0,0,0,0,1,0,0,0,0,0,4,0.0,0,build_config_ci,management,Human,11,0.8235294117647058,98,1,1,117,117,2,2,MudBlazor/MudBlazor,267,24758450aa5cfdbbfd5af63f9cfec2345b0e2cf8,Build: Update AutoTriage (#11720),0.0,0,0.6666666666666666,1.0,6
210,0.9891304347826086,1,0.23976608187134502,41,1.0,1.0,daniel.chalmers@outlook.com,1.0,1.0,1.0,1.0,19,1.0,1.0,1.0,1.0,76,0.2289156626506024,266,3.0,3,0,4,17,13,0.21568627450980393,0,0,0.11764705882352941,61.78431372549019,51,7,0,18.666666666666668,0.25,14,56,42,1,46,2025-07-28T19:50:41+00:00,2,1,1.0,0.6666666666666666,0,0,104,0.4,22,70.0,0.30667735042735045,0.0,15.333333333333334,2.0,33,0,0,0,0,0,1,0,0,0,0,0,4,0.0,0,build_config_ci,management,Human,2,0.41904761904761906,88,1,1,222,222,2,2,MudBlazor/MudBlazor,268,9cd08f961ae73a7fd8aa0b61778ee7af8987c271,Build: Update AutoTriage (#11731),0.0,0,0.6666666666666666,1.0,0
255,0.9891304347826086,1,0.2485207100591716,42,1.0,1.0,daniel.chalmers@outlook.com,1.0,1.0,1.0,1.0,3,1.0,1.0,1.0,1.0,77,0.23123123123123124,267,5.0,5,0,22,6,12,0.1794871794871795,0,0,0.02564102564102564,61.243589743589745,78,31,0,16.6,0.43373493975903615,36,83,47,1,46,2025-07-30T03:27:13+00:00,3,1,1.0,0.8,0,0,117,0.4838709677419355,28,51.0,0.33766488180749643,0.04343229869545659,11.8,2.0,33,0,0,0,0,0,1,0,0,0,0,0,4,0.0,0,build_config_ci,management,Human,23,1.4588235294117646,372,1,1,803,803,9,9,MudBlazor/MudBlazor,269,b8207289bda089a792e9644ac917cc5439a4a67f,Build: Update AutoTriage (#11737),0.0,0,0.8,1.0,2
1024,0.967391304347826,2,0.21764705882352942,37,0.25,0.6551724137931034,148913404+versile2@users.noreply.github.com,1.0,1.0,0.25,0.6551724137931034,4,0.0,0.0,1.0,1.0,62,0.18562874251497005,261,0.6666666666666666,2,0,4,3,2,0.0,0,0,0.0,32.642857142857146,14,0,0,8.0,0.5,8,16,8,3,46,2025-07-30T04:09:10+00:00,2,2,1.0,0.5,0,0,785,0.03347280334728033,80,512.0,0.02183194307491405,0.3190603096767316,51.0,3.3333333333333335,52,0,0,0,1,0,1,0,0,0,0,0,6,0.0,0,bug_fix,corrective,AI,19,0.2548828125,261,1,2,4,6,1,2,MudBlazor/MudBlazor,269,8dca392eb52939498bd443b50e3c188c791d7ef8,MudTextField: Fix Focus by ElementReference (#11733),0.0,0,0.5,0.5,2
239,0.967391304347826,2,0.2235294117647059,38,0.0,0.0,148913404+versile2@users.noreply.github.com,0.0,0.0,0.0,0.0,19,0.0,0.0,0.0,0.0,63,0.1880597014925373,262,0.5,1,0,0,7,3,0.6296296296296297,0,0,0.14814814814814814,54.81481481481482,27,0,0,29.0,0.9655172413793104,28,29,1,2,46,2025-07-30T19:16:50+00:00,49,1,1.0,0.0,0,0,239,0.12133891213389121,28,239.0,0.12133891213389121,0.497907949790795,28.0,3.5,48,0,0,0,0,0,1,0,0,0,0,0,5,0.0,0,feature,perfective,Human,1,0.07531380753138076,18,1,1,0,2,0,1,MudBlazor/MudBlazor,269,78a9abface934e296bb740d643f35098c231a854,MudField: AdornmentAria and ShrinkLabel (#11669),0.0,0,1.0,1.0,2
7998,0.967391304347826,2,0.22807017543859648,39,0.45,0.2337874659400545,148913404+versile2@users.noreply.github.com,1.0,1.0,0.48148148148148145,0.2731297034085879,19,1.0,1.0,0.5,0.0,64,0.19047619047619047,262,0.6,3,0,5,11,21,0.09859154929577464,1,0,0.0,51.61971830985915,213,38,0,87.33333333333333,0.7480916030534351,196,262,66,5,46,2025-07-30T19:24:32+00:00,15,1,0.9045801526717557,0.6666666666666666,0,0,5463,0.044207941056078594,269,2666.0,0.029731457169722055,0.15621923990154646,121.33333333333333,3.6,62,0,0,0,1,0,1,0,0,0,0,0,7,0.0,0,bug_fix,corrective,Human,36,0.3847211802950738,3077,1,4,605,1000,3,9,MudBlazor/MudBlazor,269,a0adf4104772701bfa4ea7f51fd72c3e0fe567d7,MudDataGrid: Fix HierarchyColumn Expansion with Funcs (#11292),0.0,0,0.6666666666666666,0.6666666666666666,2
6995,0.9891304347826086,1,0.25,43,0.08695652173913043,0.004016064257028112,daniel.chalmers@outlook.com,1.0,1.0,0.08695652173913043,0.004016064257028112,23,0.5,0.5,0.0,0.0,78,0.2314540059347181,268,1.0,2,0,18,4,6,0.27586206896551724,0,0,0.0,56.689655172413794,116,48,0,74.0,0.31756756756756754,47,148,101,2,46,2025-07-30T23:27:43+00:00,0,1,1.0,0.5,0,0,5404,0.025721687638786083,94,3497.5,0.015689253624547032,0.09387109253056958,83.5,3.0,46,0,0,0,1,0,1,0,0,0,0,1,8,0.0,0,test,preventive,Human,40,0.5688348820586133,3979,1,5,724,1074,3,7,MudBlazor/MudBlazor,270,6d3c3e875a630bfe2c90c9fad1c501830228a930,Tests: Attempt to fix two flaky tests (#11744),0.0,0,1.0,1.0,2
55,0.9891304347826086,1,0.2543352601156069,44,1.0,1.0,daniel.chalmers@outlook.com,1.0,1.0,1.0,1.0,23,1.0,1.0,1.0,1.0,79,0.23372781065088757,268,2.0,2,0,0,6,7,0.22727272727272727,0,0,0.0,52.40909090909091,22,6,0,12.5,0.24,6,25,19,1,46,2025-07-30T23:56:28+00:00,0,1,1.0,0.5,0,0,36,1.2105263157894737,9,27.5,0.6330409356725146,0.12207602339181287,7.0,2.0,33,0,0,0,0,0,1,0,0,0,0,0,4,0.0,0,build_config_ci,management,Human,3,1.9272727272727272,106,1,1,11,11,2,2,MudBlazor/MudBlazor,270,2471bfeebc0558a2ffb9e05dfd1fb0c8e692ffc2,Build: Update AutoTriage (#11746),0.0,0,0.5,1.0,2
1812,0.0,47,0.0,0,0.0,0.0,152199075+alex-delaet@users.noreply.github.com,0.0,0.0,0.0,0.0,20,0.0,0.0,0.0,0.0,0,0.0,0,1.0,3,0,4,9,3,0.28104575163398693,0,0,0.0196078431372549,46.16339869281046,153,19,0,55.333333333333336,0.9518072289156626,158,166,8,3,46,2025-08-01T20:06:10+00:00,29,1,1.0,0.6666666666666666,0,0,949,0.1781818181818182,65,604.0,0.10954698269766765,0.262685700904879,31.0,3.6666666666666665,47,0,0,1,0,0,1,0,0,0,0,0,6,0.0,0,feature,perfective,Human,12,0.3018763796909492,547,1,1,14,14,1,1,MudBlazor/MudBlazor,272,f73a3a125614274ea002948d97486e5131a00eac,MudStepper: Add Skipped State (#11739) (#11742),0.0,0,1.0,1.0,4
1707,0.0,48,0.0,0,0.0,0.0,66722530+nccadman19@users.noreply.github.com,0.0,0.0,0.0,0.0,21,0.0,0.0,0.0,0.0,1,0.0029411764705882353,35,0.3333333333333333,1,0,56,7,27,0.18106995884773663,0,0,0.00823045267489712,45.96296296296296,243,22,0,281.0,0.9893238434163701,278,281,3,3,47,2025-08-02T21:42:30+00:00,14,1,0.4626334519572954,1.0,0,1,1707,0.07615700058582309,71,1707.0,0.07615700058582309,0.10017574692442882,71.0,3.6666666666666665,39,0,0,0,0,0,1,0,0,0,0,0,4,0.0,0,bug_fix,corrective,Human,14,0.5090802577621558,869,1,4,144,345,2,6,MudBlazor/MudBlazor,273,950a5131ae003ce9ed38c5673e81185d4d569927,MudTabs: Improve accessibility (#11581),0.0,0,1.0,1.0,5
3495,0.3229166666666667,18,0.005747126436781609,1,0.2,0.7349397590361446,1659796+vernou@users.noreply.github.com,0.5,0.5,0.125,0.4899598393574297,21,0.5,0.5,0.5,0.5,5,0.01466275659824047,263,1.0,2,0,0,0,1,0.3870967741935484,0,1,0.0,43.38709677419355,31,12,0,20.5,0.926829268292683,38,41,3,2,48,2025-08-02T21:45:08+00:00,9,1,1.0,0.5,0,1,2709,0.020356234096692113,172,1747.5,0.014792365848641369,0.34100566672020605,121.0,3.5,76,0,0,0,1,0,1,0,0,0,0,0,11,0.0,0,bug_fix,corrective,Human,21,0.4949928469241774,1730,1,4,122,156,1,4,MudBlazor/MudBlazor,273,5397f2bb858e864d927da9549bdddecd7146df55,MudTable : Fix bug where CurrentPage is reset at the initialization (#11745),0.0,0,1.0,1.0,5
38,0.9895833333333334,1,0.2571428571428571,45,1.0,1.0,daniel.chalmers@outlook.com,1.0,1.0,1.0,1.0,3,1.0,1.0,1.0,1.0,80,0.23391812865497075,271,2.0,2,0,0,0,11,0.0,0,0,0.07692307692307693,78.23076923076923,13,2,0,6.5,0.9230769230769231,12,13,1,1,48,2025-08-03T03:14:29+00:00,3,1,1.0,0.5,0,1,32,0.375,22,19.0,0.2708333333333333,0.0,12.5,2.0,33,0,0,0,0,0,1,0,0,0,0,0,4,0.0,0,build_config_ci,management,Human,6,9.263157894736842,352,1,1,15,15,1,1,MudBlazor/MudBlazor,273,b6d2f5a32dcf50b9f2af6e9c0b5d06286a393307,Build: Update AutoTriage (#11756),0.0,0,0.5,1.0,6
23,0.9895833333333334,1,0.26136363636363635,46,1.0,1.0,daniel.chalmers@outlook.com,1.0,1.0,1.0,1.0,12,1.0,1.0,1.0,1.0,81,0.23615160349854228,271,1.0,1,0,4,0,0,0.0,0,0,0.0,92.5,6,2,0,6.0,0.5,3,6,3,1,48,2025-08-03T12:21:52+00:00,4,1,1.0,1.0,0,1,23,0.2608695652173913,5,23.0,0.2608695652173913,0.0,5.0,2.0,56,0,0,0,0,0,0,0,0,0,0,0,9,0.0,0,build_config_ci,management,Human,13,8.0,184,1,1,14,14,3,3,MudBlazor/MudBlazor,273,b015a7776396d24726559c005cc9d4b9970fd455,Build: Use org member list instead of repo collaborators,0.0,0,1.0,1.0,6
23,0.9895833333333334,1,0.2655367231638418,47,1.0,1.0,daniel.chalmers@outlook.com,1.0,1.0,1.0,1.0,12,1.0,1.0,1.0,1.0,82,0.23837209302325582,271,1.0,1,0,2,0,0,0.0,0,0,0.0,83.75,4,2,0,4.0,0.5,2,4,2,1,48,2025-08-03T12:34:36+00:00,0,1,1.0,1.0,0,1,23,0.17391304347826086,5,23.0,0.17391304347826086,0.0,5.0,2.0,20,0,0,0,0,0,0,0,0,0,0,0,3,0.0,0,build_config_ci,management,Human,12,7.826086956521739,180,1,1,20,20,4,4,MudBlazor/MudBlazor,273,3ffc9e6ebc7b77f50b7c8c055e577366a0a91213,Update AutoTriage.js,0.0,0,1.0,1.0,6
23,0.9895833333333334,1,0.2696629213483146,48,1.0,1.0,daniel.chalmers@outlook.com,1.0,1.0,1.0,1.0,13,1.0,1.0,1.0,1.0,83,0.24057971014492754,271,1.0,1,0,2,0,0,0.0,0,0,0.25,90.0,4,2,0,4.0,0.5,2,4,2,1,48,2025-08-03T13:06:18+00:00,0,1,1.0,1.0,0,1,23,0.17391304347826086,5,23.0,0.17391304347826086,0.0,5.0,2.0,24,0,0,0,0,0,0,0,0,0,0,0,3,0.0,0,build_config_ci,management,Human,11,7.6521739130434785,176,1,1,24,24,5,5,MudBlazor/MudBlazor,273,890d4b68a58d2bb15df8a3762a4f58683081d2d2,Build: Update AutoTriage,0.0,0,1.0,1.0,6
7926,0.32222222222222224,17,0.005813953488372093,1,0.0,0.0,52840109+georgekarlinzer@users.noreply.github.com,0.0,0.0,0.0,0.0,21,0.0,0.0,0.0,0.0,1,0.002881844380403458,11,0.6666666666666666,2,0,14,1,0,0.04225352112676056,0,0,0.0,56.88732394366197,71,9,0,42.5,0.9647058823529412,82,85,3,3,45,2025-08-07T21:03:21+00:00,7,1,1.0,1.0,0,0,5457,0.012960712839206157,270,3963.0,0.011336504486306395,0.20519477251842583,182.0,3.6666666666666665,64,0,0,1,0,0,1,0,0,0,0,0,7,0.0,0,feature,perfective,Human,35,0.36172091849608884,2867,1,4,413,1374,4,11,MudBlazor/MudBlazor,278,a5243fe67d42a3c451547481f92fdc0af804caaa,MudDataGrid: Add hierarchy visibility toggled parameter (#11706),0.0,0,1.0,1.0,3
9,0.9888888888888889,1,0.2832369942196532,49,nan,nan,daniel.chalmers@outlook.com,nan,1.0,1.0,1.0,21,nan,1.0,nan,1.0,84,0.2413793103448276,276,1.0,1,0,0,1,1,0.0,0,0,0.0,27.0,3,0,0,3.0,1.0,3,3,0,1,45,2025-08-07T21:07:09+00:00,nan,1,1.0,0.0,0,0,9,0.3333333333333333,2,9.0,0.3333333333333333,0.0,2.0,2.0,29,0,0,0,0,0,0,0,0,0,0,0,4,0.0,0,build_config_ci,management,Human,0,0.0,0,1,0,0,0,0,0,MudBlazor/MudBlazor,278,adcaaa5ad67d28c41250f40e128054fc7a4614d5,Build: Handle empty artifacts,0.0,0,0.0,1.0,3
237,0.9886363636363636,1,0.28901734104046245,50,1.0,1.0,daniel.chalmers@outlook.com,1.0,1.0,1.0,1.0,23,1.0,1.0,1.0,1.0,85,0.24285714285714285,278,8.0,8,0,19,13,15,0.07692307692307693,4,2,0.03418803418803419,58.401709401709404,117,23,0,15.75,0.5317460317460317,67,126,59,1,44,2025-08-09T23:47:11+00:00,9,1,1.0,0.75,0,1,76,0.881578947368421,17,29.625,0.3970706275725376,0.03242798719772404,6.125,2.0,33,0,0,0,0,0,1,0,0,0,0,0,4,0.125,1,build_config_ci,management,Human,10,0.9535864978902954,226,1,1,894,894,10,10,MudBlazor/MudBlazor,280,56b5b8290bfdab1169db75a1b78cbe279c9dae30,Build: Update automation (#11778),0.0,0,0.75,1.0,5
411,0.9886363636363636,1,0.29310344827586204,51,1.0,1.0,daniel.chalmers@outlook.com,1.0,1.0,1.0,1.0,3,1.0,1.0,1.0,1.0,86,0.245014245014245,278,3.0,3,0,68,15,45,0.04437869822485207,18,0,0.023668639053254437,47.53550295857988,338,41,0,118.66666666666667,0.6685393258426966,238,356,118,1,44,2025-08-10T03:44:19+00:00,0,1,1.0,1.0,0,1,276,1.065217391304348,52,137.0,0.6735006480499588,0.012371862849063274,30.0,2.0,65,0,0,0,0,0,1,0,0,1,0,0,10,0.3333333333333333,1,build_config_ci,management,Human,2,0.058394160583941604,24,1,1,60,60,4,4,MudBlazor/MudBlazor,280,c52296d7a3b65cd84a3e544060e9b95ab10f82a9,Build: Refactor AutoTriage to run one instance per batch (#11779),0.0,0,1.0,1.0,6
99,0.9886363636363636,1,0.29714285714285715,52,1.0,1.0,daniel.chalmers@outlook.com,1.0,1.0,1.0,1.0,4,1.0,1.0,1.0,1.0,87,0.2471590909090909,278,2.0,2,0,0,0,0,0.0,0,0,0.0,65.4,15,1,0,8.5,0.35294117647058826,6,17,11,1,44,2025-08-10T04:33:02+00:00,13,1,1.0,0.5,0,1,73,0.2692307692307692,14,49.5,0.2031085353003161,0.06585879873551106,10.0,2.0,20,0,0,0,0,0,0,0,0,0,0,0,3,0.0,0,build_config_ci,management,Human,9,1.02020202020202,101,1,1,103,103,3,3,MudBlazor/MudBlazor,280,44116428b7f06a06ef18f82de1503a2bbd35da49,Update AutoTriage.js,0.0,0,0.5,1.0,6
67,0.9886363636363636,1,0.30113636363636365,53,1.0,1.0,daniel.chalmers@outlook.com,1.0,1.0,1.0,1.0,4,1.0,1.0,1.0,1.0,88,0.24929178470254956,278,3.0,3,0,0,0,0,0.0,0,0,0.0,55.833333333333336,6,0,0,2.0,0.5,3,6,3,1,44,2025-08-10T04:58:30+00:00,0,1,1.0,0.6666666666666666,0,1,34,0.2857142857142857,6,22.333333333333332,0.14048696401637578,0.04524886877828055,3.6666666666666665,2.0,20,0,0,0,0,0,0,0,0,0,0,0,3,0.0,0,build_config_ci,management,Human,10,2.4477611940298507,164,1,1,142,142,7,7,MudBlazor/MudBlazor,280,14103a9543865609a9330cd78c3ffd2efd89b668,Update AutoTriage.js,0.0,0,0.6666666666666666,1.0,6
244,0.9883720930232558,1,0.3103448275862069,54,1.0,1.0,daniel.chalmers@outlook.com,1.0,1.0,1.0,1.0,14,1.0,1.0,1.0,1.0,89,0.2514124293785311,282,6.0,6,0,11,10,5,0.0625,0,0,0.0625,72.625,32,3,0,5.666666666666667,0.5588235294117647,19,34,15,1,43,2025-08-13T14:29:24+00:00,3,1,1.0,1.0,0,0,75,0.5,23,40.666666666666664,0.21209150326797385,0.02225787284610814,11.333333333333334,2.0,24,0,0,0,0,0,0,0,0,0,0,0,3,0.0,0,build_config_ci,management,Human,15,1.4057377049180328,343,1,1,254,254,15,15,MudBlazor/MudBlazor,283,dec5f77264898b0632d26c83df7d6f7cd3664dec,Build: Update automation,0.0,0,1.0,1.0,2
167,0.9883720930232558,1,0.3142857142857143,55,1.0,1.0,daniel.chalmers@outlook.com,1.0,1.0,1.0,1.0,15,1.0,1.0,1.0,1.0,90,0.2535211267605634,282,4.0,4,0,5,9,9,0.13513513513513514,1,0,0.0,53.054054054054056,37,6,0,9.25,0.5405405405405406,20,37,17,1,43,2025-08-13T15:15:46+00:00,0,1,1.0,1.0,0,0,79,0.8275862068965517,16,41.75,0.3147783850806548,0.04332798912131081,8.5,2.0,24,0,0,0,0,0,0,0,0,0,0,0,3,0.0,0,build_config_ci,management,Human,11,1.3353293413173652,223,1,1,175,175,12,12,MudBlazor/MudBlazor,283,d2e71242a3a8e8a37ea26ff7ce4171c1aa56aed8,Build: Update automation,0.0,0,1.0,1.0,2
268,0.9883720930232558,1,0.3181818181818182,56,1.0,1.0,daniel.chalmers@outlook.com,1.0,1.0,1.0,1.0,17,1.0,1.0,1.0,1.0,91,0.2556179775280899,282,5.0,5,0,10,9,34,0.1724137931034483,0,0,0.13793103448275862,75.27586206896552,87,8,0,18.4,0.43478260869565216,40,92,52,1,43,2025-08-13T17:08:13+00:00,0,1,1.0,1.0,0,0,125,0.8181818181818182,36,53.6,0.34219932148812604,0.04763719165085389,14.2,2.0,26,0,0,0,0,0,0,0,1,0,0,0,3,0.0,0,build_config_ci,management,Human,11,0.6940298507462687,186,1,1,292,292,16,16,MudBlazor/MudBlazor,283,c8189a6e336f97cc5746b8a83a1debac0e385994,Build: Optimize automation,0.0,0,1.0,1.0,2
3318,0.0,44,0.0,0,0.0,0.0,212669791+m4ntax@users.noreply.github.com,0.0,0.0,0.0,0.0,17,0.0,0.0,0.0,0.0,0,0.0,0,0.5,3,0,2,4,1,0.14473684210526316,0,0,0.039473684210526314,63.5921052631579,76,0,0,28.0,0.8809523809523809,74,84,10,6,43,2025-08-13T17:46:36+00:00,5,1,0.9285714285714286,0.3333333333333333,0,0,2500,0.03648648648648649,275,1106.0,0.027242504042504043,0.16629688149688152,101.33333333333333,3.6666666666666665,81,0,0,0,1,0,1,0,0,0,0,0,10,0.0,0,bug_fix,corrective,Human,27,0.2218203737191079,736,1,5,148,435,3,9,MudBlazor/MudBlazor,283,06ded7671a9045ad2523fdf834bd4cfce6a33918,MudDataGrid: Fix nested group expansion for multilevel grouping (#11725) (#11729),0.0,0,1.0,1.0,2
116,0.9883720930232558,1,0.32571428571428573,57,1.0,1.0,daniel.chalmers@outlook.com,1.0,1.0,1.0,1.0,19,1.0,1.0,1.0,1.0,92,0.2569832402234637,286,3.0,3,0,0,7,5,0.0,0,0,0.08333333333333333,83.83333333333333,12,2,0,4.333333333333333,0.5384615384615384,7,13,6,1,43,2025-08-17T19:04:44+00:00,4,1,1.0,1.0,0,1,53,0.14285714285714285,11,38.666666666666664,0.11716082659478887,0.04200359389038635,9.333333333333334,2.0,24,0,0,0,0,0,0,0,0,0,0,0,3,0.0,0,build_config_ci,management,Human,9,1.2672413793103448,147,1,1,449,546,15,16,MudBlazor/MudBlazor,287,c92fa9e8af65764af3dd6ce500cb97bb9929d40f,Build: Update automation,0.0,0,1.0,1.0,6
30,0.9883720930232558,1,0.32954545454545453,58,1.0,1.0,daniel.chalmers@outlook.com,1.0,1.0,1.0,1.0,20,1.0,1.0,1.0,1.0,93,0.2590529247910863,286,1.0,1,0,0,0,0,0.0,0,0,0.0,56.0,1,0,0,2.0,1.0,2,2,0,1,43,2025-08-17T20:54:46+00:00,0,1,1.0,1.0,0,1,30,0.06666666666666667,8,30.0,0.06666666666666667,0.1,8.0,2.0,24,0,0,0,0,0,0,0,0,0,0,0,3,0.0,0,build_config_ci,management,Human,3,0.7,21,1,1,63,160,8,9,MudBlazor/MudBlazor,288,efcb3b4a0cc754bb9c70c3316bfe8a30ea2f1b73,Build: Update automation,0.0,0,1.0,1.0,6
135,0.9883720930232558,1,0.3333333333333333,59,1.0,1.0,daniel.chalmers@outlook.com,1.0,1.0,1.0,1.0,21,1.0,1.0,1.0,1.0,94,0.2611111111111111,286,3.0,3,0,2,13,6,0.1,0,0,0.03333333333333333,72.76666666666667,30,7,0,11.333333333333334,0.7058823529411765,24,34,10,1,43,2025-08-17T21:30:08+00:00,0,1,1.0,1.0,0,1,52,0.43478260869565216,16,45.0,0.2684549097592576,0.042446292446292444,10.333333333333334,2.0,24,0,0,0,0,0,0,0,0,0,0,0,3,0.0,0,build_config_ci,management,Human,7,0.8222222222222222,111,1,1,464,561,17,18,MudBlazor/MudBlazor,288,dbdd02d767beaeddcda1fb728732d62dc7e17a3f,Build: Update automation,0.0,0,1.0,1.0,6
35,0.9883720930232558,1,0.33707865168539325,60,1.0,1.0,daniel.chalmers@outlook.com,1.0,1.0,1.0,1.0,16,1.0,1.0,1.0,1.0,95,0.2631578947368421,287,1.0,1,0,0,4,0,0.0,0,0,0.0,78.8,5,2,0,6.0,0.3333333333333333,2,6,4,1,43,2025-08-18T16:34:10+00:00,0,1,1.0,1.0,0,0,35,0.17142857142857143,16,35.0,0.17142857142857143,0.11428571428571428,16.0,2.0,24,0,0,0,0,0,0,0,0,0,0,0,3,0.0,0,build_config_ci,management,Human,1,0.05714285714285714,2,1,1,78,175,10,11,MudBlazor/MudBlazor,288,844b1c6d449da6f8e4588b3111a7e935458d20ff,Build: Update automation,0.0,0,1.0,1.0,0
1916,0.9883720930232558,1,0.3407821229050279,61,0.0,0.0,daniel.chalmers@outlook.com,0.0,0.0,0.0,0.0,6,0.0,0.0,0.0,0.0,96,0.26519337016574585,287,0.7142857142857143,5,0,0,0,0,0.0,0,0,0.0,54.36842105263158,38,7,0,9.0,0.9111111111111111,41,45,4,7,43,2025-08-19T06:24:05+00:00,89,1,1.0,0.0,1,0,652,0.046012269938650305,59,383.2,0.022526059833698174,0.12597584411896073,26.2,4.571428571428571,69,0,0,0,0,0,0,0,0,0,0,0,11,0.0,0,,,,5,0.19102296450939457,366,2,1,0,33,0,1,MudBlazor/MudBlazor,289,9da74e5de1131120d51f66b6a928441d803e4dfc,Merge branch 'dev' of https://github.com/MudBlazor/MudBlazor into dev,0.0,0,0.8,0.8,1
7,0.9883720930232558,1,0.3463687150837989,62,1.0,1.0,daniel.chalmers@outlook.com,1.0,1.0,1.0,1.0,18,1.0,1.0,1.0,1.0,97,0.26721763085399447,288,1.0,1,0,0,0,0,0.0,0,0,0.0,43.5,2,2,0,2.0,0.5,1,2,1,1,43,2025-08-19T18:00:12+00:00,9,1,1.0,1.0,0,0,7,0.2857142857142857,0,7.0,0.2857142857142857,0.14285714285714285,0.0,2.0,38,0,0,0,0,0,0,0,0,0,0,0,7,0.0,0,build_config_ci,management,Human,2,0.5714285714285714,4,1,1,779,783,6,7,MudBlazor/MudBlazor,289,4ca69afe8d296b6241db3c0e0abadadd2ed5bc87,Build: Switch from flash-lite to flash,0.0,0,1.0,1.0,1
71,0.9883720930232558,1,0.35,63,1.0,1.0,daniel.chalmers@outlook.com,1.0,1.0,1.0,1.0,18,1.0,1.0,1.0,1.0,98,0.2692307692307692,288,1.0,1,0,0,2,4,0.0,0,0,0.09090909090909091,56.93939393939394,33,8,0,33.0,0.7878787878787878,26,33,7,1,43,2025-08-19T18:17:46+00:00,1,1,1.0,1.0,0,0,71,0.4647887323943662,9,71.0,0.4647887323943662,0.014084507042253521,9.0,2.0,40,0,0,0,0,0,0,0,0,0,0,0,5,0.0,0,build_config_ci,management,Human,5,0.9859154929577465,70,1,1,101,101,11,11,MudBlazor/MudBlazor,289,71d4f656a0d2dc952799b99e61a99c1002d5fd1d,Build: Update AutoTriage response schema,0.0,0,1.0,1.0,1
67,0.9883720930232558,1,0.35359116022099446,64,1.0,1.0,daniel.chalmers@outlook.com,1.0,1.0,1.0,1.0,18,1.0,1.0,1.0,1.0,99,0.27123287671232876,288,2.0,2,0,1,6,8,0.0,5,0,0.11363636363636363,58.06818181818182,44,10,0,22.0,0.38636363636363635,17,44,27,1,43,2025-08-19T18:32:06+00:00,0,1,1.0,1.0,0,0,55,0.6909090909090909,12,33.5,0.5954545454545455,0.00909090909090909,8.0,2.0,24,0,0,0,0,0,0,0,0,0,0,0,3,0.0,0,build_config_ci,management,Human,4,0.47761194029850745,32,1,1,138,138,13,13,MudBlazor/MudBlazor,289,964a4c58c35d18e4d3a05866b5adda31e5152b0f,Build: Update AutoTriage,0.0,0,1.0,1.0,1
1752,0.7209302325581395,8,0.01098901098901099,2,0.0,0.0,1659796+vernou@users.noreply.github.com,0.0,0.0,0.0,0.0,19,0.0,0.0,0.0,0.0,6,0.01639344262295082,280,1.0,2,0,0,2,2,0.5161290322580645,0,0,0.03225806451612903,51.516129032258064,31,1,0,23.5,0.9574468085106383,45,47,2,2,43,2025-08-19T19:54:27+00:00,47,1,1.0,0.0,0,0,1459,0.029472241261137764,43,876.0,0.021562059197121782,0.26177872075642067,34.5,3.5,69,0,0,0,1,0,1,0,0,0,0,0,12,0.0,0,bug_fix,corrective,Human,12,0.24029680365296804,421,1,3,0,105,0,3,MudBlazor/MudBlazor,290,8d329a8e45e3a7fcb5906a5f78c59876ce6fb1ed,"MudDialog: Fix when a dialog is canceled, it can be reopened (#11804)",0.0,0,1.0,1.0,1
93,0.9883720930232558,1,0.3551912568306011,65,1.0,1.0,daniel.chalmers@outlook.com,1.0,1.0,1.0,1.0,20,1.0,1.0,1.0,1.0,100,0.2724795640326976,288,3.0,3,0,0,2,1,0.0,0,0,0.08333333333333333,49.208333333333336,24,4,0,10.0,0.7666666666666667,23,30,7,1,43,2025-08-19T20:25:17+00:00,0,1,1.0,1.0,0,0,55,0.8333333333333334,12,31.0,0.4148989898989899,0.006060606060606061,5.333333333333333,2.0,41,0,0,0,0,0,0,0,0,0,0,0,5,0.0,0,build_config_ci,management,Human,4,0.4946236559139785,46,1,1,193,193,15,15,MudBlazor/MudBlazor,290,de7424aec870f983c3868e05a7d12c814204cc7c,Build: Make AutoTriage more deterministic,0.0,0,1.0,1.0,1
36,0.9883720930232558,1,0.3626373626373626,66,1.0,1.0,daniel.chalmers@outlook.com,1.0,1.0,1.0,1.0,17,1.0,1.0,1.0,1.0,101,0.27445652173913043,290,1.0,1,0,0,0,18,0.45,0,0,0.1,82.4,20,2,0,20.0,0.5,10,20,10,1,43,2025-08-21T17:47:46+00:00,8,1,1.0,1.0,0,0,36,0.5555555555555556,22,36.0,0.5555555555555556,0.1111111111111111,22.0,2.0,24,0,0,0,0,0,0,0,0,0,0,0,3,0.0,0,build_config_ci,management,Human,1,0.2777777777777778,10,1,1,31,31,3,3,MudBlazor/MudBlazor,291,be7b610f8eb4eb8a89ea6409f8402062257be064,Build: Update AutoTriage,0.0,0,1.0,1.0,3
36,0.9883720930232558,1,0.366120218579235,67,1.0,1.0,daniel.chalmers@outlook.com,1.0,1.0,1.0,1.0,21,1.0,1.0,1.0,1.0,102,0.2764227642276423,290,1.0,1,0,0,0,8,0.4,0,0,0.0,64.4,10,2,0,10.0,0.5,5,10,5,1,43,2025-08-21T21:37:04+00:00,0,1,1.0,1.0,0,0,36,0.2777777777777778,22,36.0,0.2777777777777778,0.0,22.0,2.0,32,0,0,0,0,0,0,0,0,0,0,0,4,0.0,0,build_config_ci,management,Human,0,0.0,0,1,1,51,51,4,4,MudBlazor/MudBlazor,292,cead945edb8fee53ca822972895ca0f8a25b7c2d,Build: Rewrite AutoTriage prompt,0.0,0,1.0,1.0,3
91,0.9883720930232558,1,0.3695652173913043,68,1.0,1.0,daniel.chalmers@outlook.com,1.0,1.0,1.0,1.0,22,1.0,1.0,1.0,1.0,103,0.27837837837837837,290,3.0,3,0,0,7,14,0.0,0,0,0.06666666666666667,64.53333333333333,45,10,0,17.0,0.5490196078431373,28,51,23,1,43,2025-08-21T22:05:20+00:00,2,1,1.0,0.6666666666666666,0,0,55,1.2758620689655173,12,30.333333333333332,0.5932527242872071,0.05367965367965368,8.0,2.0,52,0,0,0,1,0,0,0,0,0,0,0,7,0.0,0,build_config_ci,management,Human,3,0.43956043956043955,40,1,1,704,959,16,21,MudBlazor/MudBlazor,292,52819252942cb26626830468445a4cc7ce9b9835,Build: Fix overly subjective AutoTriage output rules,0.0,0,0.6666666666666666,1.0,3
7,0.9883720930232558,1,0.372972972972973,69,1.0,1.0,daniel.chalmers@outlook.com,1.0,1.0,1.0,1.0,22,1.0,1.0,1.0,1.0,104,0.2803234501347709,290,1.0,1,0,0,0,0,0.0,0,0,0.0,43.5,2,2,0,2.0,0.5,1,2,1,1,43,2025-08-21T22:10:49+00:00,0,1,1.0,1.0,0,0,7,0.2857142857142857,0,7.0,0.2857142857142857,0.14285714285714285,0.0,2.0,55,0,0,0,0,0,0,0,0,0,1,0,10,0.0,0,build_config_ci,management,Human,0,0.0,0,1,1,541,787,6,9,MudBlazor/MudBlazor,292,9e4acc3e59f7702cc5cb56082dbf51d090e5c507,Build: Revert AutoTriage model back to gemini-2.5-flash,0.0,0,1.0,1.0,3
118,0.9883720930232558,1,0.3763440860215054,70,1.0,1.0,daniel.chalmers@outlook.com,1.0,1.0,1.0,1.0,20,1.0,1.0,1.0,1.0,105,0.28225806451612906,291,4.0,4,0,4,18,13,0.0,0,0,0.07317073170731707,71.60975609756098,41,2,0,11.5,0.5,23,46,23,1,43,2025-08-22T20:04:30+00:00,0,1,1.0,1.0,0,0,37,0.8333333333333334,16,29.5,0.4510667956959517,0.02702702702702703,12.0,2.0,35,0,0,0,0,0,0,0,0,0,0,0,4,0.0,0,build_config_ci,management,Human,1,0.025423728813559324,3,1,1,353,480,20,25,MudBlazor/MudBlazor,293,21db38512f60765a78d730d4b13ef48d173f0333,Build: Streamline AutoTriage prompt,0.0,0,1.0,1.0,4
60,0.9883720930232558,1,0.37967914438502676,71,1.0,1.0,daniel.chalmers@outlook.com,1.0,1.0,1.0,1.0,20,1.0,1.0,1.0,1.0,106,0.28418230563002683,291,2.0,2,0,0,0,0,0.0,0,0,0.0,63.75,4,4,0,2.0,0.25,1,4,3,1,43,2025-08-22T20:49:43+00:00,0,1,1.0,0.5,0,0,54,0.16666666666666666,12,30.0,0.1111111111111111,0.009259259259259259,11.0,2.0,44,0,0,0,0,0,0,0,0,0,0,0,5,0.0,0,build_config_ci,management,Human,0,0.0,0,1,1,192,201,14,16,MudBlazor/MudBlazor,293,e1138252c61cd4e6b300bef74756678a4b8e4a31,Build: Improve AutoTriage rule clarification,0.0,0,0.5,1.0,4
306,0.9880952380952381,1,0.3850267379679144,72,1.0,1.0,daniel.chalmers@outlook.com,1.0,1.0,1.0,1.0,2,1.0,1.0,1.0,1.0,107,0.28609625668449196,292,6.0,6,0,9,39,40,0.10218978102189781,5,0,0.0948905109489051,61.956204379562045,137,26,0,24.833333333333332,0.4228187919463087,63,149,86,1,42,2025-08-24T02:42:45+00:00,4,1,1.0,0.5,0,1,109,0.7798165137614679,25,51.0,0.4216532778854829,0.027385442776141924,12.833333333333334,2.0,24,0,0,0,0,0,0,0,0,0,0,0,3,0.0,0,build_config_ci,management,Human,0,0.0,0,1,1,83,83,9,9,MudBlazor/MudBlazor,294,002d07490c6648864388cb1e22243fd60b55c3fc,Build: Update automation,0.0,0,0.5,1.0,6
8000,0.8571428571428571,5,0.015957446808510637,3,0.0,0.0,1659796+vernou@users.noreply.github.com,0.0,0.0,0.0,0.0,14,0.0,0.0,0.0,0.0,7,0.018666666666666668,285,1.0,2,0,0,0,10,0.4489795918367347,0,0,0.04081632653061224,54.183673469387756,49,9,0,30.5,0.8524590163934426,52,61,9,2,42,2025-08-25T14:53:07+00:00,11,1,1.0,1.0,0,0,5496,0.00878594249201278,275,4000.0,0.007941006180504206,0.2051773930270519,184.5,3.5,52,0,0,0,0,0,1,0,0,0,0,0,6,0.0,0,bug_fix,corrective,Human,37,0.360625,2885,1,6,508,1508,4,13,MudBlazor/MudBlazor,295,09c6376c55f24df481ad40f6020f61d0876d21c9,MudDataGrid : Refresh on collection changed (#11822),0.0,0,1.0,1.0,0
2505,0.9642857142857143,2,0.20105820105820105,38,0.4444444444444444,0.5762081784386617,148913404+versile2@users.noreply.github.com,1.0,1.0,0.5,0.494949494949495,22,0.0,0.0,1.0,0.0,67,0.17771883289124668,288,0.5,1,0,0,0,0,0.0,0,0,0.0,51.0,1,0,0,1.0,1.0,1,1,0,2,42,2025-08-25T22:20:47+00:00,0,1,1.0,1.0,0,0,2505,0.0003992015968063872,275,2505.0,0.0003992015968063872,0.30379241516966066,275.0,4.0,51,0,0,0,0,0,1,0,0,1,0,0,7,0.0,0,refactor_cleanup,preventive,Human,16,0.17884231536926148,448,1,6,211,269,4,9,MudBlazor/MudBlazor,296,60d0d268bde49fecdc2883c21dc5ed5580a1ca36,"MudDataGrid: SCSS, Clean Up Sticky Columns (#11800)",0.0,0,1.0,1.0,0
3414,0.2976190476190476,18,0.005263157894736842,1,0.0,0.0,riley@nielsen.tech,0.0,0.0,0.0,0.0,14,0.0,0.0,0.0,0.0,1,0.0026455026455026454,56,1.0,2,0,2,9,0,0.08333333333333333,0,1,0.1388888888888889,71.97222222222223,36,5,0,20.5,0.9024390243902439,37,41,4,2,42,2025-08-27T14:25:06+00:00,62,1,0.975609756097561,0.0,0,0,2183,0.015434606011372868,165,1707.0,0.01252719764608955,0.23761058143329689,141.0,3.5,88,0,0,0,1,0,1,0,0,0,0,0,11,0.5,1,bug_fix,corrective,Human,40,0.6332747510251904,2162,1,3,0,47,0,4,MudBlazor/MudBlazor,297,97abdd83e5de5f8c9f641d242a2f958d6dd03599,MudAutocomplete: Fix `Strict=false` when using a `Converter` with `CoerceValue` (#11826),0.0,0,0.5,1.0,2
4331,0.0,41,0.0,0,0.0,0.0,enderlook@gmail.com,0.0,0.0,0.0,0.0,18,0.0,0.0,0.0,0.0,0,0.0,0,1.0,3,0,0,14,17,0.6363636363636364,0,0,0.05454545454545454,66.81818181818181,55,13,0,21.333333333333332,0.9375,60,64,4,3,40,2025-09-03T18:51:47+00:00,31,1,1.0,0.0,0,0,2736,0.0297029702970297,173,1443.6666666666667,0.015981152385284674,0.3253224591557887,114.33333333333333,3.6666666666666665,57,0,0,1,0,0,1,0,0,0,0,0,6,0.0,0,feature,perfective,Human,26,0.4193027014546294,1816,1,3,0,188,0,4,MudBlazor/MudBlazor,304,4abaffee0de21c07303f83b955422a39c0ac6469,MudTable: Add LoadingContentBody render fragment (#11718),0.0,0,0.6666666666666666,0.6666666666666666,2
684,0.9358974358974359,3,0.07784431137724551,13,0.0,0.0,curtis.mayers@gmail.com,0.0,0.0,0.0,0.0,12,0.0,0.0,0.0,0.0,44,0.11578947368421053,318,1.0,2,0,5,1,3,0.2909090909090909,0,0,0.01818181818181818,46.25454545454546,55,1,0,31.0,1.0,62,62,0,2,39,2025-09-17T12:46:47+00:00,124,1,1.0,0.0,0,0,440,0.09545454545454546,47,342.0,0.08871087928464977,0.21045081967213114,35.5,3.5,56,0,0,0,1,0,1,0,0,0,0,0,7,0.0,0,bug_fix,corrective,Human,18,0.945906432748538,647,1,0,0,0,0,0,MudBlazor/MudBlazor,318,730f967f96f0141b3ec3062c32d80287d5fda38c,MudCheckbox: Fix Tri-State required validation  (#11886),0.0,0,0.5,0.5,2
669,0.0,40,0.0,0,0.0,0.0,rainer.gaertig@web.de,0.0,0.0,0.0,0.0,15,0.0,0.0,0.0,0.0,0,0.0,0,1.0,2,0,5,0,1,0.3333333333333333,0,0,0.0,45.625,24,6,0,15.5,0.9032258064516129,28,31,3,2,39,2025-09-18T15:02:32+00:00,130,1,1.0,0.0,0,0,358,0.08038585209003216,36,334.5,0.0485728143131725,0.2686728699994611,23.5,3.5,58,0,0,1,1,0,1,0,0,0,0,0,10,0.0,0,bug_fix,corrective,Human,12,0.32884902840059793,220,1,0,0,0,0,0,MudBlazor/MudBlazor,319,85448715e61f0ac648f30c6ac332eaf024927403,MudCarousel: Fix UI update of bullets on item add (#11873),0.0,0,0.5,1.0,3
3516,0.9375,3,0.07784431137724551,13,0.0,0.0,curtis.mayers@gmail.com,0.0,0.0,0.0,0.0,18,0.0,0.0,0.0,0.0,45,0.11780104712041885,319,0.5,4,0,16,2,6,0.14606741573033707,0,5,0.1348314606741573,61.146067415730336,267,67,0,80.5,0.9968944099378882,321,322,1,8,40,2025-09-18T18:36:36+00:00,14,2,1.0,0.25,0,0,3039,0.1566265060240964,175,879.0,0.08701532955041061,0.3966036178587754,55.25,3.5,45,0,0,0,0,0,1,0,0,0,0,0,7,0.25,1,feature,perfective,Human,25,0.43629124004550623,1534,1,2,36,183,1,3,MudBlazor/MudBlazor,319,8ead39362efc85ecc35b31db71aead28749be7e7,MudTable: Scroll to row & focus cell (#11569),0.0,0,0.5,0.5,3
1272,0.0,41,0.0,0,0.0,0.0,138960498+franco-diaz-licham@users.noreply.github.com,0.0,0.0,0.0,0.0,22,0.0,0.0,0.0,0.0,0,0.0,0,0.5,2,0,6,2,2,0.3,0,0,0.0,43.38,50,6,0,30.0,1.0,60,60,0,4,40,2025-09-22T22:20:35+00:00,174,1,0.85,0.0,0,0,853,0.05861664712778429,20,636.0,0.030501640986326514,0.19450934089147665,13.5,3.5,48,0,0,1,0,0,1,0,0,0,0,0,6,0.0,0,feature,perfective,Human,18,0.20676100628930819,263,1,0,0,0,0,0,MudBlazor/MudBlazor,324,9387d3d20673610b9277739c9dc16009831da468,MudSnackbar: Add global HideIcon option (#11900),0.0,0,0.5,0.5,0
6094,0.9634146341463414,2,0.17857142857142858,30,0.45,0.24126376256582097,148913404+versile2@users.noreply.github.com,1.0,1.0,0.45,0.24126376256582097,23,0.5,0.5,0.5,0.5,68,0.17708333333333334,316,1.0,2,0,0,0,0,0.0,0,0,0.0,58.64705882352941,17,5,0,9.5,0.9473684210526315,18,19,1,2,41,2025-09-22T23:14:14+00:00,28,1,1.0,0.5,0,0,5513,0.0034423407917383822,94,3047.0,0.0032629806625116727,0.09522508681560998,76.0,3.5,78,0,0,0,0,0,1,0,0,0,0,0,10,0.0,0,bug_fix,corrective,Human,39,0.4491302920905809,2737,1,6,39,1331,1,8,MudBlazor/MudBlazor,324,d5407cc80bc954042323e3fc89f28c7605f6732e,MudDataGrid: Hierarchy ExpandAll/CollapseAll when one item is present (#11904),0.0,0,1.0,1.0,0
8074,0.0,41,0.0,0,0.0,0.0,73967932+cyrilartfx@users.noreply.github.com,0.0,0.0,0.0,0.0,23,0.0,0.0,0.0,0.0,0,0.0,0,1.0,2,0,0,2,0,0.2857142857142857,0,0,0.16666666666666666,65.4047619047619,42,0,0,28.0,1.0,56,56,0,2,40,2025-09-24T23:23:26+00:00,2,1,1.0,1.0,0,0,5551,0.007134363852556481,277,4037.0,0.006989988627773466,0.20555954574784616,185.5,3.5,53,0,0,1,0,0,1,0,0,0,0,0,7,0.0,0,feature,perfective,AI,41,0.36487490710923953,2946,1,7,79,1257,3,11,MudBlazor/MudBlazor,326,229735fbd1209eb0b9cf9d271050b232e26f4e64,MudDataGrid: Add parameters for filter icons (#11864),0.0,0,1.0,1.0,2
1412,0.9324324324324325,3,0.08176100628930817,13,0.4,0.5072463768115942,curtis.mayers@gmail.com,0.3333333333333333,0.3333333333333333,0.4,0.5072463768115942,15,0.0,0.0,0.3333333333333333,0.3333333333333333,46,0.11917098445595854,331,0.75,3,0,0,0,0,0.0,0,1,0.0,40.0,18,0,0,6.0,0.7222222222222222,13,18,5,4,37,2025-09-30T15:18:32+00:00,42,1,0.9444444444444444,0.0,0,0,655,0.016793893129770993,59,470.6666666666667,0.01148901496024792,0.08099864357778636,33.0,4.5,46,0,0,0,1,0,1,0,0,0,0,0,5,0.0,0,bug_fix,corrective,Human,4,0.2471671388101983,349,1,1,0,34,0,1,MudBlazor/MudBlazor,331,80eb480f6a8f9e49e7afea51dccb79e23d0744ed,MudChart: Fix YAxisFormat regression  (#11923),0.0,0,1.0,1.0,1
1705,0.9594594594594594,2,0.16981132075471697,27,0.2857142857142857,0.2905263157894737,148913404+versile2@users.noreply.github.com,1.0,1.0,0.2857142857142857,0.2905263157894737,21,0.0,0.0,0.0,0.0,69,0.17829457364341086,325,0.5,1,0,0,0,2,0.05263157894736842,0,0,0.0,52.68421052631579,19,13,0,22.0,0.5909090909090909,13,22,9,2,37,2025-10-01T21:05:56+00:00,59,1,0.7272727272727273,0.0,0,0,1705,0.0093841642228739,71,1705.0,0.0093841642228739,0.10029325513196481,71.0,3.5,38,0,0,0,0,0,1,0,0,0,0,0,5,0.0,0,bug_fix,corrective,Human,18,0.5829912023460411,994,1,3,0,274,0,3,MudBlazor/MudBlazor,333,804b5c89666d6febf49144ff3d10e28a29db4caa,MudTabs: Guard for ScrollPrev (#11924),0.0,0,1.0,1.0,2
741,0.0,38,0.0,0,0.0,0.0,32034793+benditorok@users.noreply.github.com,0.0,0.0,0.0,0.0,12,0.0,0.0,0.0,0.0,0,0.0,0,1.0,1,0,0,0,0,0.6666666666666666,0,0,0.0,51.666666666666664,3,0,0,3.0,0.6666666666666666,2,3,1,1,37,2025-10-03T12:28:27+00:00,50,1,1.0,0.0,0,0,741,0.004048582995951417,26,741.0,0.004048582995951417,0.11740890688259109,26.0,3.0,87,0,0,0,1,0,1,0,0,0,0,0,11,0.0,0,bug_fix,corrective,Human,8,0.32118758434547906,238,1,1,0,27,0,1,MudBlazor/MudBlazor,334,f286d0177b2a7d9fdd5d92cd3e8e36a5f4d2355b,MudDataGrid: Fix generated EditTemplates not inheriting their column's culture (#11931),0.0,0,1.0,1.0,4
476,0.9868421052631579,1,0.4339622641509434,69,0.6666666666666666,0.24324324324324326,daniel.chalmers@outlook.com,1.0,1.0,0.6666666666666666,0.24324324324324326,0,1.0,1.0,0.0,0.0,109,0.2802056555269923,336,0.5,1,0,0,0,0,0.0,0,0,0.0,69.21428571428571,14,15,0,14.0,1.0,14,14,0,2,38,2025-10-07T00:03:48+00:00,133,1,0.35714285714285715,0.0,0,0,476,0.01050420168067227,3,476.0,0.01050420168067227,0.03361344537815126,3.0,3.5,80,0,0,0,0,0,1,0,0,0,0,0,12,0.0,0,bug_fix,corrective,Human,11,0.6491596638655462,309,1,0,0,0,0,0,MudBlazor/MudBlazor,338,28002828601c7161ab59a91cfce6c5590e571fd8,CSS: Improve browser compatibility by replacing `from ... r g b` syntax (#11939),0.0,0,1.0,1.0,1
654,0.9868421052631579,1,0.44025157232704404,70,1.0,1.0,daniel.chalmers@outlook.com,1.0,1.0,1.0,1.0,2,1.0,1.0,1.0,1.0,111,0.28388746803069054,340,0.5,1,0,0,0,1,0.05660377358490566,0,0,0.0,46.0377358490566,53,7,0,62.0,0.9516129032258065,59,62,3,2,38,2025-10-11T02:13:12+00:00,126,1,0.11290322580645161,0.0,0,1,654,0.010703363914373088,72,654.0,0.010703363914373088,0.3073394495412844,72.0,3.5,62,0,0,1,0,0,1,0,0,0,0,0,9,0.0,0,feature,perfective,Human,17,0.9113149847094801,596,1,0,0,0,0,0,MudBlazor/MudBlazor,342,8c0002bcc351348a6a86e64587a30aba80921639,MudColorPicker: Add opt-out tooltips for icon buttons (#11953),0.0,0,1.0,1.0,5
412,0.0,37,0.0,0,nan,nan,9191057+91378246@users.noreply.github.com,nan,nan,nan,nan,21,nan,nan,nan,nan,0,0.0,0,1.0,2,0,0,0,0,0.0,0,0,0.0,76.6,5,0,0,2.5,0.8,4,5,1,2,36,2025-10-19T21:14:55+00:00,201,1,1.0,0.0,0,1,362,0.04,25,206.0,0.02414364640883978,0.06906077348066299,13.0,3.5,32,0,1,1,0,0,1,0,0,0,0,0,5,0.0,0,documentation,perfective,Human,12,0.49514563106796117,204,1,0,0,0,0,0,MudBlazor/MudBlazor,351,6aa12a2c1188362570be2bdd81628ceb5604b1a4,Docs: Add Services page (#11967),0.0,0,0.0,0.0,6
540,0.33783783783783783,13,0.00641025641025641,1,1.0,1.0,9191057+91378246@users.noreply.github.com,1.0,1.0,1.0,1.0,21,1.0,1.0,1.0,1.0,1,0.0025380710659898475,0,0.16666666666666666,2,0,7,2,9,0.2624113475177305,2,0,0.02127659574468085,41.673758865248224,141,33,0,78.5,0.8598726114649682,135,157,22,12,37,2025-10-19T21:15:44+00:00,0,1,0.9299363057324841,0.5,0,1,363,0.8192090395480226,25,270.0,0.4109819302423309,0.21293832002614746,16.5,4.5,55,0,0,1,0,0,1,0,0,0,0,0,7,0.5,1,feature,perfective,Human,10,0.387037037037037,209,1,1,3,3,1,1,MudBlazor/MudBlazor,351,f97e1a3b1d697ea90bf75fe2b6984dc7e87e0873,SankeyChart: Add chart for displaying dataflow (#11919),0.0,0,0.5,0.5,6
2028,0.0,37,0.0,0,0.0,0.0,87638116+arfitap@users.noreply.github.com,0.0,0.0,0.0,0.0,18,0.0,0.0,0.0,0.0,0,0.0,0,1.0,2,0,2,1,0,0.19444444444444445,0,0,0.0,41.833333333333336,36,3,0,21.0,1.0,42,42,0,2,36,2025-10-20T18:54:54+00:00,130,1,1.0,0.0,0,0,1215,0.02880658436213992,126,1014.0,0.018708335231500464,0.21250512505125052,89.5,3.0,68,0,0,0,0,0,1,0,0,0,0,0,7,0.0,0,bug_fix,corrective,Human,41,1.081360946745562,2193,1,0,0,0,0,0,MudBlazor/MudBlazor,351,41fef94977811aa794b3c9c5e4e2f43e27a15a75,MudFormComponent: Clear converter errors on ResetValidation (#11971),0.0,0,0.5,0.5,0
8844,0.3194444444444444,14,0.0064516129032258064,1,0.0,0.0,66722530+nccadman19@users.noreply.github.com,0.0,0.0,0.0,0.0,23,0.0,0.0,0.0,0.0,2,0.005012531328320802,119,1.0,5,0,166,42,66,0.14575866188769415,4,2,0.009557945041816009,47.216248506571084,837,94,0,194.0,0.9515463917525773,923,970,47,5,36,2025-10-24T23:03:27+00:00,21,1,1.0,0.4,0,0,5561,0.4075907590759076,196,1768.8,0.18032363462727447,0.20368293013016917,71.0,3.4,69,0,0,0,0,0,1,0,0,0,0,0,8,0.0,0,feature,perfective,Human,59,0.45239710538218003,4001,1,7,41,443,2,8,MudBlazor/MudBlazor,356,d590522923eb70f96ddc89e077593fbaa5c25ade,MudMenu: Enhance keyboard accessibility and focus management (#11762),0.0,0,0.8,0.8,4
1721,0.9571428571428572,2,0.14473684210526316,22,0.375,0.3136456211812627,148913404+versile2@users.noreply.github.com,1.0,1.0,0.375,0.3136456211812627,22,1.0,1.0,0.0,0.0,73,0.1825,352,1.0,1,0,0,2,0,0.05333333333333334,0,0,0.0,60.88,75,1,0,76.0,0.6052631578947368,46,76,30,1,35,2025-10-28T22:12:53+00:00,27,1,1.0,1.0,0,0,1721,0.044160371876815804,73,1721.0,0.044160371876815804,0.10168506682161534,73.0,3.0,78,0,0,0,1,0,1,0,0,0,0,0,11,0.0,0,bug_fix,corrective,Human,18,0.5438698431144683,936,1,2,16,146,1,2,MudBlazor/MudBlazor,360,c82ba5ac359d9f793a53c916e427808a761d8471,MudTabs: Fix TabWrapperContent and Tooltip display with Drag and Drop (#12009),0.0,0,1.0,1.0,1
3106,0.0,36,0.0,0,0.0,0.0,108881280+rasmus-carlsson@users.noreply.github.com,0.0,0.0,0.0,0.0,23,0.0,0.0,0.0,0.0,0,0.0,0,1.0,2,0,0,9,15,0.21621621621621623,4,0,0.0,48.81981981981982,111,6,0,64.5,0.8217054263565892,106,129,23,2,35,2025-10-28T23:23:03+00:00,115,1,1.0,0.0,0,0,1723,0.056877539175856064,163,1553.0,0.0396462894722375,0.2051735924452004,128.0,3.5,52,0,0,0,0,0,1,0,0,0,0,0,7,0.0,0,bug_fix,corrective,Human,51,1.349967804249839,4193,1,0,0,0,0,0,MudBlazor/MudBlazor,360,cebe2e56b34af65b6134894bdb86b4a58e832b5c,MudSelect: Display selected value when null (#12001),0.0,0,1.0,1.0,1
1421,0.0,37,0.0,0,nan,nan,artem.melnikov@live.com,nan,nan,nan,nan,21,nan,nan,nan,nan,29,0.07213930348258707,359,0.6363636363636364,7,0,13,6,8,0.14201183431952663,0,2,0.047337278106508875,58.710059171597635,169,11,0,25.285714285714285,0.7853107344632768,139,177,38,11,36,2025-10-30T21:47:56+00:00,333,1,0.8531073446327684,0.0,0,0,425,0.25925925925925924,14,203.0,0.12238712320401886,0.3081983512332683,6.428571428571429,3.272727272727273,61,0,0,1,0,0,1,0,0,0,0,0,8,0.0,0,feature,perfective,Human,10,0.13652357494722026,194,1,0,0,0,0,0,MudBlazor/MudBlazor,362,08eaa85f02b66989da67e206287a4d34b95e6348,ParameterState: Add Snapshot to avoid race condition (#12023),0.0,0,0.0,0.0,3
2727,0.3108108108108108,15,0.006493506493506494,1,0.0,0.0,oxayotl@users.noreply.github.com,0.0,0.0,0.0,0.0,15,0.0,0.0,0.0,0.0,1,0.0024813895781637717,143,1.0,3,0,0,14,10,0.0,0,0,0.14666666666666667,77.26666666666667,75,32,0,26.0,0.7307692307692307,57,78,21,3,37,2025-11-01T15:40:38+00:00,93,1,1.0,0.0,0,1,1606,0.11294765840220386,82,909.0,0.050437126732483524,0.142351482837523,72.33333333333333,3.6666666666666665,82,0,0,0,1,0,1,0,0,0,0,0,10,0.0,0,bug_fix,corrective,Human,34,1.0465713237990466,2854,1,0,0,0,0,0,MudBlazor/MudBlazor,363,76ebc6f203c58e93ee2e9e8eb368b12e8dd065aa,"MudDatePicker: Fix FixedDay, FixMonth, FixYear for non-Gregorian calendar (#11992)",0.0,0,0.6666666666666666,0.6666666666666666,5
3448,0.7162162162162162,7,0.012903225806451613,2,0.25,0.42424242424242425,22691956+digitaldirk@users.noreply.github.com,0.5,1.0,0.4,0.5,16,0.0,0.0,0.5,0.5,3,0.007425742574257425,159,1.0,2,0,4,2,1,0.12903225806451613,0,4,0.03225806451612903,50.32258064516129,31,4,0,19.0,1.0,38,38,0,2,37,2025-11-01T16:13:32+00:00,66,1,0.8947368421052632,0.0,0,1,2215,0.014446952595936794,166,1724.0,0.008034506306078697,0.2369560560873935,142.5,3.5,66,0,0,0,1,0,1,0,0,0,0,0,9,0.0,0,bug_fix,corrective,AI,48,0.6861948955916474,2366,1,1,0,40,0,1,MudBlazor/MudBlazor,363,885452a543a7ffc75857bf07d96e6820ae405ccd,MudAutocomplete: Fix input not focused on adornment click (#11970),0.0,0,1.0,1.0,5
3485,0.0,38,0.0,0,0.0,0.0,shogun.net@outlook.com,0.0,0.0,0.0,0.0,16,0.0,0.0,0.0,0.0,0,0.0,0,1.0,2,0,10,0,1,0.07692307692307693,0,0,0.10256410256410256,57.23076923076923,39,8,0,21.5,0.9302325581395349,40,43,3,2,37,2025-11-01T16:14:09+00:00,0,1,1.0,1.0,0,1,2251,0.015992892047978675,167,1742.5,0.010832750724151411,0.23578805601976288,143.0,3.5,66,0,0,0,0,0,1,0,0,0,0,0,7,0.0,0,bug_fix,corrective,Human,47,0.666571018651363,2323,1,2,34,74,1,2,MudBlazor/MudBlazor,363,20853237fc4f2f4e9c211cf5abf1c4009412f180,MudAutocomplete: OpenChanged called twice after selection (#11985),0.0,0,1.0,1.0,5
3844,0.0,39,0.0,0,0.0,0.0,136489418+dev-kingmaster@users.noreply.github.com,0.0,0.0,0.0,0.0,16,0.0,0.0,0.0,0.0,0,0.0,0,1.0,2,0,0,0,2,0.3,0,0,0.0,45.05,20,0,0,14.0,1.0,28,28,0,2,38,2025-11-01T16:15:42+00:00,43,1,1.0,0.0,0,1,3045,0.015018773466833541,175,1922.0,0.010136644533088364,0.3348726137557004,124.5,3.5,60,0,0,1,0,0,1,0,0,0,0,0,7,0.0,0,feature,perfective,Human,26,0.3959417273673257,1522,1,3,0,379,0,3,MudBlazor/MudBlazor,363,d7a7d5a8f17276a7717890c6b82101d4525743af,MudTable: Add AriaLabel parameter for accessibility (#11995),0.0,0,1.0,1.0,5
3960,0.3076923076923077,16,0.006329113924050633,1,0.0,0.0,108881280+rasmus-carlsson@users.noreply.github.com,0.0,0.0,0.0,0.0,16,0.0,0.0,0.0,0.0,1,0.002457002457002457,3,0.8,4,0,0,1,2,0.175,0,0,0.025,43.875,40,0,0,12.25,1.0,49,49,0,5,39,2025-11-01T16:16:28+00:00,0,1,0.7959183673469388,0.25,0,1,1615,0.025280898876404494,73,990.0,0.013445038109486745,0.1623835819671758,46.5,3.2,39,0,0,1,0,0,1,0,0,0,0,0,5,0.0,0,feature,perfective,Human,51,0.8583333333333333,3399,1,1,15,15,1,1,MudBlazor/MudBlazor,363,1d51895136cd930f8203b710f0747a616ee5a8e3,Pickers: Add InputId parameter (#12003),0.0,0,1.0,1.0,5
7279,0.9871794871794872,1,0.44654088050314467,71,0.4166666666666667,0.14442013129102846,daniel.chalmers@outlook.com,0.9375,0.9375,0.39473684210526316,0.125,21,0.6875,0.6875,0.6875,0.6875,112,0.27450980392156865,363,0.875,21,0,0,77,0,0.8636363636363636,0,0,0.0,61.79545454545455,88,11,0,4.190476190476191,1.0,88,88,0,24,39,2025-11-02T21:28:05+00:00,1,1,0.7954545454545454,0.09523809523809523,0,1,2525,0.04878048780487805,279,346.6190476190476,0.020068047019642606,0.44949416174447243,34.23809523809524,3.9166666666666665,48,0,0,0,0,0,1,0,0,0,0,0,5,0.0,0,refactor_cleanup,preventive,Human,59,0.20263772496222007,1475,1,8,23,149,2,8,MudBlazor/MudBlazor,365,7deeae14440c5237a4b64436c102b202d24d875f,MudGlobal: Deprecate theming properties (#11415),0.0,0,0.7619047619047619,0.7619047619047619,6
1310,0.3076923076923077,16,0.006289308176100629,1,0.0,0.0,136489418+dev-kingmaster@users.noreply.github.com,0.0,0.0,0.0,0.0,18,0.0,0.0,0.0,0.0,1,0.0024390243902439024,3,0.4,2,0,0,0,0,0.007874015748031496,0,0,0.03937007874015748,69.44094488188976,127,115,0,69.0,0.8115942028985508,112,138,26,5,39,2025-11-04T18:13:59+00:00,94,1,1.0,0.0,0,0,1034,0.13249516441005801,19,655.0,0.06805917640792755,0.20823872396490342,14.0,3.6,58,0,0,0,0,0,1,0,0,0,0,0,8,0.0,0,feature,perfective,Human,12,0.29465648854961835,386,1,0,0,0,0,0,MudBlazor/MudBlazor,366,220381d24e3909b07db5af35963c5880ffb1308c,MudStepper: Provide step context to child content (#12054),0.0,0,1.0,1.0,1
700,0.0,40,0.0,0,0.0,0.0,198982749+copilot@users.noreply.github.com,0.0,0.0,0.0,0.0,3,0.0,0.0,0.0,0.0,0,0.0,0,1.0,2,0,0,2,0,0.24324324324324326,0,0,0.0,53.270270270270274,37,0,0,23.0,1.0,46,46,0,2,39,2025-11-05T03:38:07+00:00,148,1,1.0,0.0,0,0,428,0.10514018691588785,22,350.0,0.05440832875206157,0.2754432380428807,16.0,3.5,77,0,0,0,1,0,1,0,0,0,0,0,9,0.0,0,bug_fix,corrective,AI,14,0.31,217,1,0,0,0,0,0,MudBlazor/MudBlazor,367,4ac31aee722c22980dc4d7fb635a49d2d500ac28,MudExpansionPanel: Fix Gutters property not affecting header padding (#12036),0.0,0,0.5,0.5,2
1637,0.0,41,0.0,0,0.0,0.0,55955273+khanhkhanhlele@users.noreply.github.com,0.0,0.0,0.0,0.0,3,0.0,0.0,0.0,0.0,0,0.0,0,1.0,4,0,0,0,4,0.8,0,0,0.2,78.9,10,0,0,2.5,0.5,5,10,5,4,40,2025-11-06T03:38:49+00:00,3,1,1.0,0.75,0,0,654,0.02197802197802198,72,409.25,0.008777994468124372,0.3048095651420911,51.25,4.0,45,0,1,0,1,0,1,0,0,1,0,0,8,0.0,0,refactor_cleanup,preventive,Human,32,0.7745876603543067,1268,1,2,52,52,3,3,MudBlazor/MudBlazor,368,be611355ba8ea0292a5b7496fd754e32c27c0ca3,Refactor: Fix misc typos in XML docs (#12061),0.0,0,0.75,0.75,3
4282,0.3048780487804878,17,0.006172839506172839,1,0.0,0.0,55955273+khanhkhanhlele@users.noreply.github.com,0.0,0.0,0.0,0.0,8,0.0,0.0,0.0,0.0,1,0.002421307506053269,0,1.0,6,0,0,0,6,0.875,0,0,0.0,70.9375,16,8,0,2.6666666666666665,0.5,8,16,8,6,41,2025-11-06T08:55:06+00:00,4,2,1.0,0.16666666666666666,0,0,3045,0.039603960396039604,175,713.6666666666666,0.01672323251760818,0.10017098154447751,38.666666666666664,3.1666666666666665,39,0,0,0,1,0,1,0,0,0,0,0,7,0.0,0,bug_fix,corrective,Human,29,0.45539467538533396,1950,1,3,16,350,1,3,MudBlazor/MudBlazor,368,17b7e35f340a8f92c8337a091ba6c12d668bfb9b,chore: fix typos in some files (#12062),0.0,0,0.3333333333333333,0.3333333333333333,3
1998,0.0,42,0.0,0,0.0,0.0,60714122+drastamatsargsyan@users.noreply.github.com,0.0,0.0,0.0,0.0,20,0.0,0.0,0.0,0.0,0,0.0,0,1.0,2,0,4,2,0,0.26666666666666666,0,0,0.0,45.48888888888889,45,12,0,29.0,0.9827586206896551,57,58,1,2,41,2025-11-06T20:08:43+00:00,8,1,1.0,0.5,0,0,1761,0.0759493670886076,73,999.0,0.04933186696281601,0.294007288724042,46.0,3.5,58,0,0,1,0,0,1,0,0,0,0,0,7,0.0,0,feature,perfective,Human,17,0.46296296296296297,925,1,1,76,92,1,2,MudBlazor/MudBlazor,369,306b96dc88c9b355025c03fe9d3fd812c7db338e,MudTabs: Add onmousedown and oncontextmenu events (#11966),0.0,0,1.0,1.0,3
1278,0.0,43,0.0,0,0.0,0.0,guilhermeg2004@gmail.com,0.0,0.0,0.0,0.0,20,0.0,0.0,0.0,0.0,0,0.0,0,1.0,3,0,0,2,1,0.0,0,0,0.12121212121212122,54.03030303030303,33,0,0,13.333333333333334,0.95,38,40,2,3,42,2025-11-06T20:09:49+00:00,147,1,1.0,0.0,0,0,617,0.16551724137931034,83,426.0,0.06402788265761833,0.1327619060822509,37.666666666666664,3.6666666666666665,63,0,0,0,1,0,1,0,0,0,0,0,8,0.0,0,bug_fix,corrective,AI,12,0.24726134585289514,316,1,0,0,0,0,0,MudBlazor/MudBlazor,369,4b88d78d00e08117db99377479adba663efca2d3,MudDrawer: Fix Persistent Anchor Top & Bottom (#11392) (#11695),0.0,0,0.3333333333333333,0.3333333333333333,3
1253,0.7209302325581395,8,0.012121212121212121,2,0.0,0.0,55955273+khanhkhanhlele@users.noreply.github.com,0.0,0.0,0.0,0.0,10,0.0,0.0,0.0,0.0,2,0.004807692307692308,1,1.0,1,1,0,0,0,1.0,0,0,0.0,49.5,2,0,0,2.0,0.5,1,2,1,1,43,2025-11-07T10:52:11+00:00,5,1,1.0,1.0,0,0,1253,0.0015961691939345571,41,1253.0,0.0015961691939345571,0.08140462889066241,41.0,3.0,52,0,0,0,1,0,1,0,0,0,0,1,7,0.0,0,bug_fix,corrective,Human,25,0.8715083798882681,1092,1,1,10,10,1,1,MudBlazor/MudBlazor,369,42886e8bd3eb5e407db1c69707d35607b3691da7,MudDateRangePicker: Fix typos in unit tests (#12073),0.0,0,1.0,1.0,4
49,0.8488372093023255,6,0.018072289156626505,3,nan,nan,55955273+khanhkhanhlele@users.noreply.github.com,nan,nan,nan,nan,10,nan,nan,nan,nan,4,0.009569377990430622,1,1.0,1,0,0,0,0,1.0,0,0,0.0,89.5,2,2,0,2.0,0.5,1,2,1,1,43,2025-11-07T10:53:08+00:00,188,1,1.0,0.0,0,0,49,0.04081632653061224,14,49.0,0.04081632653061224,0.673469387755102,14.0,4.0,51,0,0,0,1,0,1,0,0,0,0,0,7,0.0,0,bug_fix,corrective,Human,1,0.3673469387755102,18,1,0,0,0,0,0,MudBlazor/MudBlazor,369,213ecd00a57926f55bdb9d0f749f510226375bc5,MudPopover: Fix typos in PopoverOptions.cs (#12069),0.0,0,0.0,0.0,4
18,0.8953488372093024,4,0.023952095808383235,4,nan,nan,55955273+khanhkhanhlele@users.noreply.github.com,nan,nan,nan,nan,10,nan,nan,nan,nan,5,0.011933174224343675,1,1.0,1,0,0,0,0,1.0,0,0,0.0,73.5,2,0,0,2.0,0.5,1,2,1,1,43,2025-11-07T10:53:51+00:00,nan,1,1.0,0.0,0,0,18,0.1111111111111111,0,18.0,0.1111111111111111,0.05555555555555555,0.0,3.0,43,0,0,0,1,0,1,0,0,0,0,0,7,0.0,0,bug_fix,corrective,Human,2,0.3333333333333333,6,1,0,0,0,0,0,MudBlazor/MudBlazor,369,3cc11041c06b272f46be4d8cf8d201445148ca72,MudCard: Fix typos in CardTests.cs (#12071),0.0,0,0.0,0.0,4
5561,0.9186046511627907,4,0.02976190476190476,5,0.0,0.0,55955273+khanhkhanhlele@users.noreply.github.com,0.0,0.0,0.0,0.0,10,0.0,0.0,0.0,0.0,6,0.014285714285714285,1,1.0,1,0,0,0,0,1.0,0,0,0.0,74.0,6,0,0,6.0,0.5,3,6,3,1,43,2025-11-07T10:54:17+00:00,13,1,1.0,1.0,0,0,5561,0.001078942636216508,96,5561.0,0.001078942636216508,0.10519690703110951,96.0,3.0,40,0,0,0,1,0,1,0,0,0,0,1,6,0.0,0,bug_fix,corrective,Human,44,0.5935982736917821,3301,1,4,40,134,1,4,MudBlazor/MudBlazor,369,18575bee635044786c650f1a2f4b9d960ca91219,MudDataGrid: Fix typos in tests (#12072),0.0,0,1.0,1.0,4
723,0.7209302325581395,8,0.011904761904761904,2,1.0,1.0,9191057+91378246@users.noreply.github.com,1.0,1.0,1.0,1.0,15,1.0,1.0,1.0,1.0,2,0.004750593824228029,18,0.8,4,0,0,3,4,0.27007299270072993,2,0,0.06569343065693431,60.35766423357664,137,64,0,38.25,0.7450980392156863,114,153,39,5,43,2025-11-07T15:53:58+00:00,18,1,1.0,0.25,0,0,285,0.35398230088495575,17,180.75,0.1986747405207727,0.285733832315785,7.0,4.8,55,0,0,1,0,0,1,0,0,0,0,0,6,0.0,0,feature,perfective,Human,4,0.9571230982019364,692,1,1,145,145,1,1,MudBlazor/MudBlazor,369,e7b651b4e5a21e4ef9feb805d80293a639f3f89d,SankeyChart: Add multiple convenience features (#12064),0.0,0,0.25,0.25,4
2109,0.9651162790697675,2,0.1301775147928994,22,0.45454545454545453,0.4549019607843137,148913404+versile2@users.noreply.github.com,1.0,1.0,0.45454545454545453,0.4549019607843137,20,0.0,0.0,0.0,0.0,74,0.17535545023696683,362,0.75,3,0,96,77,99,0.15447154471544716,0,2,0.0313588850174216,52.46806039488966,861,311,0,304.0,0.5822368421052632,531,912,381,4,43,2025-11-07T20:14:38+00:00,1,1,0.24890350877192982,0.6666666666666666,0,0,1765,0.1320754716981132,75,703.0,0.09758051705368663,0.2061924390259605,34.0,3.5,70,0,0,0,1,0,1,0,0,1,0,0,10,0.0,0,refactor_cleanup,preventive,AI,17,0.3404457088667615,718,1,2,134,150,2,3,MudBlazor/MudBlazor,370,f1e62ba4b446367df88af0d1e6466153370ceb87,MudTabs: Refactor state management and fix resize/scroll bugs (#12011),0.0,0,0.6666666666666666,0.6666666666666666,4
2534,0.0,42,0.0,0,0.0,0.0,chris@chrisvandesteeg.nl,0.0,0.0,0.0,0.0,20,0.0,0.0,0.0,0.0,0,0.0,0,1.0,1,0,0,0,1,0.75,0,0,0.0,44.375,8,0,0,9.0,1.0,9,9,0,1,41,2025-11-12T20:51:16+00:00,9,1,1.0,1.0,0,0,2534,0.003551696921862668,280,2534.0,0.003551696921862668,0.30702446724546173,280.0,4.0,48,0,0,0,0,0,1,0,0,0,0,0,6,0.0,0,feature,perfective,Human,23,0.26361483820047354,668,1,4,2,43,1,4,MudBlazor/MudBlazor,375,2ab5252c06e630e687cddd41cb2600fbc8a16033,MudDataGrid: Custom Child Row Rendering (#11594),0.0,0,1.0,1.0,2
3518,0.0,43,0.0,0,0.0,0.0,54627464+nickztar@users.noreply.github.com,0.0,0.0,0.0,0.0,23,0.0,0.0,0.0,0.0,0,0.0,0,1.0,2,0,0,1,0,0.25806451612903225,0,0,0.12903225806451613,62.83870967741935,31,9,0,18.5,0.9459459459459459,35,37,2,2,42,2025-11-13T23:41:08+00:00,12,1,1.0,1.0,0,0,2284,0.014448336252189142,168,1759.0,0.008844913669044328,0.23624601554893884,143.5,3.5,64,0,0,0,0,0,1,0,0,0,0,0,9,0.0,0,bug_fix,corrective,Human,46,0.6498010233086982,2286,1,3,77,117,2,3,MudBlazor/MudBlazor,376,c4191ef7f622c24aff0754ecce3194d10060539c,MudAutocomplete: Fails to reopen when nested in MudMenu (#12021),0.0,0,1.0,1.0,3
7545,0.0,41,0.0,0,0.0,0.0,33860063+soridev@users.noreply.github.com,0.0,0.0,0.0,0.0,16,0.0,0.0,0.0,0.0,0,0.0,0,0.875,7,2,1,4,0,0.03773584905660377,0,5,0.031446540880503145,75.92138364779875,318,116,0,46.142857142857146,0.5727554179566563,185,323,138,8,40,2025-11-18T16:38:09+00:00,11,1,0.9845201238390093,0.42857142857142855,0,0,1989,0.12217194570135746,125,1077.857142857143,0.032734161609736356,0.16786148675939572,47.285714285714285,3.125,67,0,0,0,0,0,1,0,0,0,0,0,8,0.0,0,feature,perfective,Human,85,0.8339297548045063,6292,1,4,49,91,4,5,MudBlazor/MudBlazor,380,07920266ad8016b35f75669dfbf6704c63ceef7a,MudFormComponent: Make ErrorText property two-way bindable (#12119),0.0,0,0.7142857142857143,0.7142857142857143,1
781,0.3,17,0.006535947712418301,1,nan,nan,103250605+timmac-qmc@users.noreply.github.com,nan,nan,nan,nan,17,nan,nan,nan,nan,4,0.009389671361502348,376,1.0,2,0,2,5,5,0.1702127659574468,0,0,0.02127659574468085,43.8936170212766,47,2,0,27.0,0.9444444444444444,51,54,3,2,40,2025-11-19T17:12:53+00:00,184,1,1.0,0.0,0,0,423,0.09929078014184398,39,390.5,0.06640516660723483,0.18790694295864865,33.0,3.5,66,0,0,0,1,0,1,0,0,0,0,0,8,0.0,0,bug_fix,corrective,Human,7,0.0998719590268886,78,1,0,0,0,0,0,MudBlazor/MudBlazor,381,15899595c8142a2f98ccc932f3fc497d76baf00a,MudOverlay: Fix scrollable background with visible dialog (#12121),0.0,0,0.0,0.0,2
1027,0.2875,18,0.006493506493506494,1,0.0,0.0,33860063+soridev@users.noreply.github.com,0.0,0.0,0.0,0.0,21,0.0,0.0,0.0,0.0,1,0.00234192037470726,1,1.0,2,0,0,0,0,0.0,0,0,0.0,73.25,4,2,0,2.0,1.0,4,4,0,2,40,2025-11-19T21:58:43+00:00,57,1,1.0,0.0,0,0,607,0.004942339373970346,7,513.5,0.0036616458774613634,0.2200223582019299,3.5,3.0,56,0,0,0,1,0,1,0,0,0,0,0,6,0.0,0,bug_fix,corrective,Human,8,0.07205452775073028,74,1,1,0,1,0,1,MudBlazor/MudBlazor,382,b4195e21357b28dd88b409b08095b408f895c2dd,PopoverOptions: Fix missing property assignment (#12125),0.0,0,0.5,0.5,2
37453,0.28205128205128205,18,0.006622516556291391,1,0.013888888888888888,0.010144274120829576,198982749+copilot@users.noreply.github.com,0.041666666666666664,0.041666666666666664,0.013513513513513514,0.01011008762075938,20,0.041666666666666664,0.041666666666666664,0.041666666666666664,0.041666666666666664,1,0.002336448598130841,17,0.9607843137254902,49,0,735,8,6,0.002824858757062147,4,0,0.08686440677966102,78.31002824858757,1416,238,0,28.897959183673468,0.4971751412429379,704,1416,712,51,39,2025-11-22T20:56:52+00:00,3,1,0.9519774011299436,0.3673469387755102,0,1,5561,0.21052631578947367,175,764.3469387755102,0.05020358835974059,0.09814991128357729,27.959183673469386,3.0980392156862746,74,0,0,1,0,0,1,0,0,0,0,1,9,0.14285714285714285,7,test,preventive,AI,171,0.6181347288601714,23151,1,22,1192,1778,18,31,MudBlazor/MudBlazor,385,6134e187bc87063dcead2d44c0724b27017d9b3b,Tests: Add SetParametersAndRenderAsync async/await in bUnit tests (#12135),0.0,0,0.4897959183673469,0.4897959183673469,5
802,0.2692307692307692,19,0.006666666666666667,1,0.0,0.0,artem.melnikov@live.com,0.0,0.0,0.0,0.0,2,0.0,0.0,0.0,0.0,30,0.06993006993006994,382,1.0,1,0,0,1,1,0.6363636363636364,0,0,0.36363636363636365,79.27272727272727,11,0,0,11.0,1.0,11,11,0,1,39,2025-11-23T02:42:55+00:00,20,1,1.0,1.0,0,1,802,0.01371571072319202,88,802.0,0.01371571072319202,0.3827930174563591,88.0,3.0,61,0,0,0,1,0,1,0,0,0,0,0,6,0.0,0,bug_fix,corrective,Human,17,0.27680798004987534,222,1,1,6,6,1,1,MudBlazor/MudBlazor,385,3ec80a093324d8ae6ab875b74d422a17ed86ad56,MudBaseInput: Fix OnParametersSet for ParameterState (#12136),0.0,0,1.0,1.0,6
460,0.8461538461538461,6,0.019867549668874173,3,1.0,1.0,9191057+91378246@users.noreply.github.com,1.0,1.0,1.0,1.0,3,1.0,1.0,1.0,1.0,3,0.0069767441860465115,34,0.3333333333333333,2,0,0,0,0,0.0,0,0,0.0,52.0,4,0,0,2.0,0.75,3,4,1,6,39,2025-11-23T03:52:26+00:00,34,1,0.75,0.0,0,1,364,0.020833333333333332,25,230.0,0.01179029304029304,0.34993131868131866,15.0,3.6666666666666665,38,0,0,1,0,0,1,0,0,0,0,0,5,0.0,0,feature,perfective,Human,8,0.3108695652173913,143,1,1,0,4,0,2,MudBlazor/MudBlazor,385,d5acce5966407c860399e083ef57953d8390d913,MudFabMenu: Add new component (#12097),0.0,0,0.5,0.5,6
484,0.9871794871794872,1,0.4276315789473684,65,0.0,0.0,daniel.chalmers@outlook.com,0.0,0.0,0.0,0.0,3,0.0,0.0,0.0,0.0,113,0.26218097447795824,383,1.0,3,0,0,0,54,0.03125,0,0,0.53125,127.375,32,25,0,13.0,0.15384615384615385,6,39,33,3,39,2025-11-23T03:56:22+00:00,0,1,1.0,0.3333333333333333,0,1,179,0.18181818181818182,39,161.33333333333334,0.0850100424898687,0.2472195253076693,27.666666666666668,3.3333333333333335,63,0,0,0,0,0,1,0,0,0,0,0,9,0.0,0,refactor_cleanup,preventive,Human,15,0.6508264462809917,315,1,1,6,6,1,1,MudBlazor/MudBlazor,385,9121916c7f0d7f5f3c99a41d091073e312de9b84,MudSwitch: Decouple label font size from Size property (#11132),0.0,0,0.3333333333333333,0.3333333333333333,6
3399,0.0,40,0.0,0,0.0,0.0,spingee@gmail.com,0.0,0.0,0.0,0.0,3,0.0,0.0,0.0,0.0,0,0.0,0,1.0,5,0,81,14,57,0.10882956878850103,2,0,0.13963039014373715,64.84394250513347,487,101,0,110.0,0.9327272727272727,513,550,37,5,39,2025-11-23T03:58:31+00:00,0,1,1.0,0.6,0,1,1793,0.4735945485519591,112,679.8,0.2255648646759134,0.19946938898413513,57.6,3.4,47,0,0,1,0,0,1,0,0,0,0,0,5,0.0,0,feature,perfective,Human,32,0.6675492791997646,2269,1,4,203,203,4,4,MudBlazor/MudBlazor,385,29024b1f61e2f185097605ba91f781378dcf1cce,MudDatePicker: Add keyboard navigation (#12028),0.0,0,0.6,0.6,6
3531,0.2625,20,0.006493506493506494,1,0.14285714285714285,0.1184573002754821,shogun.net@outlook.com,1.0,1.0,0.125,0.11375661375661375,4,0.0,0.0,0.0,0.0,1,0.0023094688221709007,21,1.0,2,0,7,0,1,0.05,0,0,0.05,51.2,20,4,0,11.5,0.782608695652174,18,23,5,2,40,2025-11-23T04:00:52+00:00,0,1,1.0,1.0,0,1,2294,0.010509296685529508,169,1765.5,0.007434247296557256,0.23590326316093652,144.0,3.5,85,0,0,0,1,0,1,0,0,0,0,0,10,0.0,0,bug_fix,corrective,Human,44,0.5978476352308127,2111,1,5,266,306,4,5,MudBlazor/MudBlazor,385,b881fc2b628952fa555007cc345d0ca4c92f4ab9,MudAutocomplete: Fix OpenChanged being called twice after clearing selection (#12076),0.0,0,1.0,1.0,6
1257,0.9875,1,0.4258064516129032,66,0.2,0.03636363636363636,daniel.chalmers@outlook.com,0.3333333333333333,0.3333333333333333,0.2,0.03636363636363636,4,0.3333333333333333,0.3333333333333333,0.3333333333333333,0.3333333333333333,114,0.2626728110599078,383,0.8333333333333334,5,0,0,6,0,0.5,0,0,0.0,87.66666666666667,12,6,0,2.4,1.0,12,12,0,6,40,2025-11-23T04:06:47+00:00,4,1,0.8333333333333334,0.2,0,1,317,0.023668639053254437,31,251.4,0.00909253262833289,0.2687906307833067,21.8,3.8333333333333335,47,0,0,0,0,0,1,0,0,0,0,0,6,0.0,0,style_formatting,preventive,Human,19,0.36595067621320604,460,1,1,2,2,1,1,MudBlazor/MudBlazor,385,d1ed3a8d3da02237ac4c56c992db21f8331e3d28,Deprecate some public Style properties (#11407),0.0,0,0.6,0.6,6
1793,0.6625,8,0.01282051282051282,2,0.0,0.0,artem.melnikov@live.com,0.0,0.0,0.0,0.0,10,0.0,0.0,0.0,0.0,31,0.07126436781609195,382,1.0,1,0,10,0,0,0.0,0,0,0.0,73.4,20,0,0,20.0,0.5,10,20,10,1,40,2025-11-23T10:37:54+00:00,0,1,1.0,1.0,0,1,1793,0.011154489682097044,73,1793.0,0.011154489682097044,0.08087005019520357,73.0,3.0,33,0,0,0,1,0,1,0,0,0,0,0,5,0.0,0,bug_fix,corrective,Human,24,0.8204127161182376,1471,1,4,316,316,4,4,MudBlazor/MudBlazor,385,dc8e7ad4d1c0ded50f76066048783252929ac4fd,chore: Fix failing build (#12137),0.0,0,1.0,1.0,6
10684,0.825,7,0.01910828025477707,3,0.03333333333333333,0.01586042823156225,artem.melnikov@live.com,0.1111111111111111,0.1111111111111111,0.03333333333333333,0.01586042823156225,10,0.1111111111111111,0.1111111111111111,0.0,0.0,32,0.07339449541284404,382,0.9090909090909091,10,0,4,12,2,0.06666666666666667,2,1,0.022222222222222223,62.27111111111111,225,14,2,22.6,0.5398230088495575,122,226,104,11,40,2025-11-23T10:59:31+00:00,0,1,0.995575221238938,0.8,0,1,1986,0.05891238670694864,127,1068.4,0.020154670147506118,0.17248391233395727,62.2,3.1818181818181817,54,0,0,0,0,0,1,0,0,0,0,0,7,0.1,1,bug_fix,corrective,Human,95,0.7467240733807563,7978,1,10,1062,1146,9,11,MudBlazor/MudBlazor,385,37f1fe5db3925cb23e9e732a10d7d96966faa6b6,MudFormComponent: Make Error two-way bindable (#12138),0.0,0,0.9,0.9,6
999,0.8625,5,0.02531645569620253,4,0.0,0.0,artem.melnikov@live.com,0.0,0.0,0.0,0.0,12,0.0,0.0,0.0,0.0,33,0.07551487414187644,382,1.0,2,0,8,0,0,0.0,0,0,0.0,50.375,16,0,0,8.0,0.5,8,16,8,2,40,2025-11-23T12:18:41+00:00,0,1,1.0,1.0,0,1,523,0.02676864244741874,16,499.5,0.015485161559843823,0.05695968636020374,9.5,3.0,40,0,0,0,1,0,1,0,0,0,0,1,7,0.5,1,test,preventive,Human,14,0.7257257257257257,725,1,2,46,51,1,2,MudBlazor/MudBlazor,385,328ea8c8ce5695161c446462f7aaccd293c0206f,Tests: Fix CS1998 lack of async (#12139),0.0,0,1.0,1.0,6
1665,0.8875,5,0.031446540880503145,5,0.25,0.6081081081081081,artem.melnikov@live.com,1.0,1.0,0.25,0.6081081081081081,13,1.0,1.0,0.5,0.5,34,0.0776255707762557,383,1.0,2,0,1,0,0,0.35,0,0,0.0,57.75,20,0,0,10.5,0.8571428571428571,18,21,3,2,40,2025-11-23T13:33:43+00:00,0,1,1.0,1.0,0,1,863,0.0220162224797219,127,832.5,0.012254994032878407,0.32117634650338234,107.5,3.0,56,0,0,0,0,0,1,0,0,0,0,0,7,0.0,0,feature,perfective,Human,21,0.43783783783783786,729,1,3,51,58,3,4,MudBlazor/MudBlazor,385,8235ea5d010b9f758a90e638e706da8b3930aec7,MudFormComponent: Make ErrorId two-way bindable (#12140),0.0,0,1.0,1.0,6
8099,0.0,41,0.0,0,0.0,0.0,57896209+w3ori@users.noreply.github.com,0.0,0.0,0.0,0.0,15,0.0,0.0,0.0,0.0,0,0.0,0,1.0,2,0,2,0,0,0.058823529411764705,6,0,0.17647058823529413,87.05882352941177,17,0,0,9.0,0.6111111111111112,11,18,7,2,40,2025-11-23T15:13:30+00:00,0,1,1.0,1.0,0,1,5561,0.0031520882584712374,280,4049.5,0.0024751629927493753,0.20606575059987312,188.0,3.5,66,0,0,1,0,0,1,0,0,0,0,0,7,0.0,0,feature,perfective,Human,52,0.48265217928139276,3909,1,8,147,282,5,9,MudBlazor/MudBlazor,385,026e51d8976707a007f2950cea69fa87299835e4,MudDataGrid: Add CancellationToken support for ServerData (#11841),0.0,0,1.0,1.0,6
632,0.6585365853658537,9,0.012422360248447204,2,0.3333333333333333,0.2222222222222222,198982749+copilot@users.noreply.github.com,1.0,1.0,0.3333333333333333,0.2222222222222222,15,0.0,0.0,0.0,0.0,2,0.004545454545454545,18,0.6666666666666666,2,0,4,4,4,0.10526315789473684,0,0,0.10526315789473684,72.94736842105263,38,0,0,20.5,0.34146341463414637,14,41,27,3,41,2025-11-23T15:16:32+00:00,0,1,0.1951219512195122,0.5,0,1,476,0.02564102564102564,19,316.0,0.017022193492781727,0.1257810816634346,11.0,3.3333333333333335,99,0,0,0,0,0,1,0,0,0,0,0,9,0.0,0,refactor_cleanup,preventive,AI,8,0.4762658227848101,301,1,3,4,9,2,3,MudBlazor/MudBlazor,385,33579479bbd6732ae22a118d26c4492a6284dca2,Rename ObserveSystemThemeChange to ObserveSystemDarkModeChange and remove obsolete methods (#12022),0.0,0,0.5,0.5,6
3350,0.9390243902439024,3,0.06172839506172839,10,0.06666666666666667,0.031609195402298854,curtis.mayers@gmail.com,0.1,0.1,0.06666666666666667,0.031609195402298854,15,0.0,0.0,0.0,0.0,47,0.10657596371882086,385,0.13513513513513514,15,0,21,27,75,0.06050955414012739,8,1,0.06289808917197452,73.58359872611464,1256,2874,0,93.73333333333333,0.7510668563300142,1056,1406,350,111,41,2025-11-23T15:24:00+00:00,0,1,0.9907539118065434,0.5333333333333333,0,1,724,1.0425531914893618,62,223.33333333333334,0.37534677073974737,0.11457221223920601,12.466666666666667,4.954954954954955,56,0,0,0,0,0,1,0,0,0,0,0,8,0.13333333333333333,2,feature,perfective,Human,16,0.11701492537313433,392,1,3,154,314,3,6,MudBlazor/MudBlazor,385,c11169dce595c4f4cf59395a7dc2641089647034,MudChart: Chart Type Unification + 2 New Charts (#11458),0.0,0,0.6666666666666666,0.6666666666666666,6
8608,0.8,8,0.018518518518518517,3,0.0,0.0,198982749+copilot@users.noreply.github.com,0.0,0.0,0.0,0.0,16,0.0,0.0,0.0,0.0,3,0.006787330316742082,18,0.9166666666666666,22,0,0,83,12,0.6254071661237784,0,0,0.019543973941368076,55.80456026058632,307,24,0,14.5,0.1755485893416928,56,319,263,24,40,2025-11-23T16:04:57+00:00,0,1,0.6112852664576802,0.9545454545454546,0,1,2535,0.15384615384615385,278,391.27272727272725,0.05426835705152477,0.42923497478253014,39.0,3.9166666666666665,56,0,0,0,0,0,1,0,0,0,0,0,6,0.0,0,refactor_cleanup,preventive,AI,63,0.16809944237918215,1447,1,11,127,172,8,12,MudBlazor/MudBlazor,385,b329b4129a3d071ec88353593e3fe9bfa2234f7a,MudGlobal: Remove deprecated theming properties (#12141),0.0,0,0.9545454545454546,0.9545454545454546,6
8466,0.8375,6,0.024539877300613498,4,0.06896551724137931,0.009149130832570906,198982749+copilot@users.noreply.github.com,0.2857142857142857,0.2857142857142857,0.06666666666666667,0.009057971014492754,17,0.2857142857142857,0.2857142857142857,0.14285714285714285,0.14285714285714285,5,0.01126126126126126,18,0.6923076923076923,9,0,108,14,20,0.34017595307917886,1,2,0.13196480938416422,67.51612903225806,341,9,0,41.44444444444444,0.08579088471849866,32,373,341,13,40,2025-11-23T17:31:47+00:00,0,1,0.7426273458445041,0.5555555555555556,0,1,2505,0.42448979591836733,274,940.6666666666666,0.07381507634900608,0.2673703049277696,102.66666666666667,3.5384615384615383,55,0,0,0,0,0,1,0,0,0,0,0,8,0.0,0,documentation,perfective,AI,82,0.476376092605717,4033,1,9,467,508,7,10,MudBlazor/MudBlazor,385,9e2fea5b4ce52dde7f7ac1eb212c87014931b4da,v9: Remove all code marked obsolete/deprecated (#12142),0.0,0,0.7777777777777778,0.7777777777777778,6
2047,0.9,4,0.036585365853658534,6,nan,nan,artem.melnikov@live.com,nan,nan,nan,nan,18,nan,nan,nan,nan,35,0.07865168539325842,383,0.6666666666666666,2,0,0,8,7,0.31343283582089554,0,0,0.0,45.776119402985074,134,10,0,73.5,0.9387755102040817,138,147,9,3,40,2025-11-23T18:11:26+00:00,359,1,1.0,0.0,0,1,1182,0.1329479768786127,108,1023.5,0.08001036745791887,0.2458535058634821,58.5,3.0,39,0,0,1,0,0,1,0,0,0,0,0,4,0.0,0,feature,perfective,Human,5,0.03517342452369321,72,1,0,0,0,0,0,MudBlazor/MudBlazor,385,537ee72fa2d2c7bae7391b66bc18400547a339fe,MudColor: Add MudColorComparer (#12143),0.0,0,0.0,0.0,6
1136,0.0,41,0.0,0,0.0,0.0,samuel@meenzen.net,0.0,0.0,0.0,0.0,18,0.0,0.0,0.0,0.0,7,0.01569506726457399,385,1.0,2,0,2,0,0,0.09090909090909091,0,0,0.0,51.36363636363637,11,0,0,5.5,0.5454545454545454,6,11,5,2,40,2025-11-23T18:14:17+00:00,116,1,1.0,0.0,0,1,897,0.010033444816053512,122,568.0,0.009200822826436798,0.1964591408833723,72.0,4.0,47,0,0,1,0,0,1,0,0,0,0,0,5,0.0,0,feature,perfective,Human,18,0.19982394366197184,227,1,0,0,0,0,0,MudBlazor/MudBlazor,385,07ad41ed79c306b7369a04d547eb552f875ed49e,MudTimePicker: Add nullable annotation (#10120),0.0,0,1.0,1.0,6
1141,0.9878048780487805,1,0.4036144578313253,67,0.5,0.10714285714285714,daniel.chalmers@outlook.com,0.5,0.5,0.5,0.10714285714285714,18,0.5,0.5,0.5,0.5,115,0.25727069351230425,384,0.5,2,0,5,2,2,0.06818181818181818,0,0,0.0,46.77272727272727,44,12,0,27.0,0.9444444444444444,51,54,3,4,41,2025-11-23T18:37:37+00:00,61,1,0.9074074074074074,0.0,0,1,900,0.052222222222222225,42,570.5,0.030260488704472108,0.12295297372060857,31.0,3.75,75,0,0,0,0,0,1,0,0,0,0,0,9,0.0,0,bug_fix,corrective,Human,11,0.18755477651183172,214,1,1,0,50,0,1,MudBlazor/MudBlazor,385,8be4bd43a5df4402efd7582513d0585df3e1a8a3,MudSnackbar: Make snackbar require interaction when action present (#12108),0.0,0,1.0,1.0,6
1065,0.25609756097560976,21,0.005988023952095809,1,0.0,0.0,samuel@meenzen.net,0.0,0.0,0.0,0.0,19,0.0,0.0,0.0,0.0,8,0.017857142857142856,385,0.23333333333333334,7,0,16,0,0,0.25,0,0,0.5,151.59375,32,2,0,4.571428571428571,0.625,20,32,12,30,41,2025-11-23T19:24:26+00:00,151,1,0.90625,0.0,0,1,509,0.16666666666666666,84,152.14285714285714,0.06839171806695162,0.19948087443075616,24.0,3.5,52,0,0,1,0,0,1,0,0,0,0,0,6,0.14285714285714285,1,feature,perfective,Human,17,0.12206572769953052,130,1,0,0,0,0,0,MudBlazor/MudBlazor,385,86100ccb9d6fdb58b61050f02c853fd1f67c33e4,MudBlazor: Add missing nullable annotations (#12146),0.0,0,0.14285714285714285,0.14285714285714285,6
12564,0.9146341463414634,4,0.041666666666666664,7,0.20512820512820512,0.14580645161290323,artem.melnikov@live.com,0.7,0.7,0.1951219512195122,0.14440894568690096,19,0.7,0.7,0.1,0.1,36,0.0801781737193764,383,0.9230769230769231,12,0,80,2,5,0.022727272727272728,2,1,0.0,58.196969696969695,132,4,3,11.0,0.5151515151515151,68,132,64,13,41,2025-11-23T19:43:02+00:00,0,1,0.9924242424242424,0.8333333333333334,0,1,2294,0.05063291139240506,128,1047.0,0.014786761432451896,0.20168955026176158,59.416666666666664,3.3076923076923075,61,0,0,0,0,0,1,0,0,0,0,0,8,0.0,0,refactor_cleanup,preventive,Human,101,0.7219834447628144,9071,1,11,1365,1428,14,16,MudBlazor/MudBlazor,386,5c510535bea67aa3e422eaa698fd3c0843736958,"MudFormComponent: Rename methods to async, use await (#12147)",0.0,0,0.8333333333333334,0.8333333333333334,6
499,0.9878048780487805,1,0.40236686390532544,68,0.5,0.25,daniel.chalmers@outlook.com,1.0,1.0,0.5,0.25,20,0.0,0.0,0.0,0.0,117,0.25942350332594233,384,1.0,3,0,0,0,0,0.05405405405405406,0,0,0.10810810810810811,64.0,37,4,0,14.333333333333334,0.8837209302325582,38,43,5,3,41,2025-11-23T20:40:36+00:00,0,1,1.0,0.3333333333333333,0,1,185,0.1891891891891892,13,166.33333333333334,0.08187758187758189,0.23176628176628178,7.333333333333333,3.3333333333333335,47,0,0,0,0,0,1,0,0,0,0,0,6,0.0,0,feature,perfective,Human,4,0.20641282565130262,103,1,2,24,24,2,2,MudBlazor/MudBlazor,386,30d3ea3d3dec79f4071c14aacf6825436957a402,MudLink: Inherit typography by default (#12094),0.0,0,0.3333333333333333,0.3333333333333333,6
431,0.9146341463414634,4,0.047058823529411764,8,1.0,1.0,artem.melnikov@live.com,1.0,1.0,1.0,1.0,21,1.0,1.0,1.0,1.0,37,0.08185840707964602,383,0.3333333333333333,1,0,0,1,2,0.5,0,0,0.047619047619047616,48.76190476190476,42,1,0,45.0,0.7555555555555555,34,45,11,3,41,2025-11-23T21:04:55+00:00,23,1,0.2222222222222222,1.0,0,1,431,0.02320185614849188,1,431.0,0.02320185614849188,0.1345707656612529,1.0,3.0,66,0,0,1,0,0,1,0,0,0,0,0,7,0.0,0,feature,perfective,Human,4,0.19721577726218098,85,1,1,8,8,1,1,MudBlazor/MudBlazor,386,5d9f07e574eaca7125dfd486f9dcc0313e03f298,ParameterState: Add InitialValue and expose IsInitialized (#12150),0.0,0,1.0,1.0,6
2742,0.9146341463414634,4,0.05263157894736842,9,0.0,0.0,artem.melnikov@live.com,0.0,0.0,0.0,0.0,21,0.0,0.0,0.0,0.0,38,0.08388520971302428,383,1.0,4,0,0,12,16,0.075,0,0,0.0,42.925,40,0,0,11.75,0.44680851063829785,21,47,26,4,41,2025-11-23T21:49:20+00:00,0,1,1.0,0.75,0,1,1350,0.2,190,685.5,0.060231363520980144,0.37148676318578944,88.0,3.75,42,0,0,1,0,0,1,0,0,0,0,0,4,0.25,1,feature,perfective,Human,15,0.07439824945295405,204,1,5,66,70,5,6,MudBlazor/MudBlazor,386,fcaea9583264291e8fb55fc371566bfed7d9d055,MudComponentBase: Add HasRendered (#12153),0.0,0,0.75,0.75,6
2589,0.9146341463414634,4,0.05813953488372093,10,0.1111111111111111,0.6149732620320856,artem.melnikov@live.com,0.3333333333333333,0.3333333333333333,0.1111111111111111,0.6149732620320856,8,0.3333333333333333,0.3333333333333333,0.3333333333333333,0.3333333333333333,39,0.08590308370044053,383,0.8,4,0,29,33,38,0.19387755102040816,2,1,0.07959183673469387,55.71224489795918,490,83,2,132.0,0.5208333333333334,275,528,253,5,41,2025-11-24T08:05:26+00:00,0,1,0.8996212121212122,0.75,0,0,875,0.6275430359937402,109,647.25,0.188769097821871,0.29575627613166283,58.5,3.4,43,0,0,0,0,0,1,0,0,0,0,0,4,0.25,1,refactor_cleanup,preventive,Human,23,0.13480108149864814,349,1,5,172,179,5,6,MudBlazor/MudBlazor,386,01827d86347eb4c11d26dc6ad411bf0eef7c8117,MudColorPicker: Use ParameterState (#10357),0.0,0,0.75,0.75,0
665,0.8658536585365854,6,0.028901734104046242,5,0.5,0.46153846153846156,198982749+copilot@users.noreply.github.com,1.0,1.0,0.5,0.46153846153846156,15,1.0,1.0,0.0,0.0,6,0.013186813186813187,20,0.5,1,0,11,0,7,0.2186046511627907,0,1,0.013953488372093023,43.17674418604651,215,2,0,260.0,0.9461538461538461,246,260,14,2,41,2025-11-25T15:22:36+00:00,2,1,0.7269230769230769,1.0,0,0,665,0.28421052631578947,4,665.0,0.28421052631578947,0.07218045112781955,4.0,3.5,62,0,0,1,0,0,1,0,0,0,0,0,6,0.0,0,feature,perfective,AI,7,0.16842105263157894,112,1,3,8,13,3,4,MudBlazor/MudBlazor,387,a47f81a80efb384603f1296c9d512f1efd58ff48,MudThemeProvider: Add `bind-CurrentPalette` parameter (#12149),0.0,0,1.0,1.0,1
2788,0.9878048780487805,1,0.39655172413793105,69,0.5,0.038461538461538464,daniel.chalmers@outlook.com,0.5,0.5,0.5,0.038461538461538464,15,0.5,0.5,0.5,0.5,118,0.25877192982456143,386,0.6666666666666666,4,0,6,0,0,0.04,0,0,0.0,68.24,50,1,0,13.25,0.6792452830188679,36,53,17,6,41,2025-11-25T15:31:03+00:00,2,1,0.8301886792452831,0.25,0,0,1304,0.03333333333333333,98,697.0,0.02020284757967335,0.3156455699274651,60.25,3.6666666666666665,77,0,0,1,0,0,1,0,0,0,0,0,8,0.0,0,feature,perfective,AI,21,0.24031563845050216,670,1,1,50,50,1,1,MudBlazor/MudBlazor,387,1bbfb5087af019bb3abcdc7b242f09ed6bf6c724,MudTreeView: Add ITreeItemData and make Children IReadOnlyCollection (#12090),0.0,0,0.5,0.5,1
854,0.925,3,0.06395348837209303,11,0.5,0.27692307692307694,artem.melnikov@live.com,0.5,0.5,0.5,0.27692307692307694,1,0.5,0.5,0.5,0.5,40,0.087527352297593,388,0.5,2,0,2,1,7,0.28421052631578947,0,0,0.010526315789473684,47.1578947368421,95,4,0,49.0,0.7142857142857143,70,98,28,4,40,2025-11-29T01:57:42+00:00,5,1,0.35714285714285715,1.0,0,1,428,0.04672897196261682,10,427.0,0.04097011978412531,0.16035935237593785,5.0,3.0,61,0,0,0,1,0,1,0,0,0,0,0,8,0.0,0,bug_fix,corrective,Human,14,0.3091334894613583,264,1,2,65,65,4,4,MudBlazor/MudBlazor,391,4f67373d6668c1592015883657d845feb0ac5e81,"ParameterState: Fix Value edge case, fix nullability (#12179)",0.0,0,1.0,1.0,5
42,0.8205128205128205,7,0.023255813953488372,4,nan,nan,9191057+91378246@users.noreply.github.com,nan,nan,nan,nan,17,nan,nan,nan,nan,4,0.008733624454148471,41,1.0,2,0,4,0,1,0.0,0,0,0.0,37.13333333333333,15,0,0,9.0,0.2222222222222222,4,18,14,2,39,2025-11-30T17:44:59+00:00,nan,1,1.0,0.0,0,1,23,0.5263157894736842,1,21.0,0.43707093821510296,0.0,1.0,5.0,77,0,1,1,0,0,1,0,0,1,0,0,11,0.0,0,documentation,perfective,Human,0,0.0,0,1,0,0,0,0,0,MudBlazor/MudBlazor,392,b19a927759255ce96cba44334d34d06829f1cac1,"Docs: Change table style, Add white background to sponsors, Refactor (#12178)",0.0,0,0.0,0.0,6
211,0.0,7,0.0,0,0.0,0.0,9055337+chadsr@users.noreply.github.com,0.0,0.0,0.0,0.0,16,0.0,0.0,0.0,0.0,0,0.0,0,1.0,2,0,0,0,0,0.0,0,0,0.0,15.0,8,4,0,4.0,0.5,4,8,4,2,6,2025-05-19T16:29:27+00:00,69,1,1.0,0.0,0,0,149,0.06451612903225806,7,105.5,0.04568088330807534,0.10278198744316952,3.5,5.0,71,0,0,0,0,0,1,0,0,0,0,0,10,0.0,0,documentation,perfective,Human,0,0.0,0,1,2,0,4,0,2,skeletonlabs/skeleton,195,334962e21bbf74496f5874e84fef562eeb6effe4,Segment/Pagination: move default border padding to padding prop (#3554),0.0,0,0.5,0.5,0
290,0.0,8,0.0,0,0.0,0.0,114364202+natejsweet@users.noreply.github.com,0.0,0.0,0.0,0.0,17,0.0,0.0,0.0,0.0,0,0.0,0,0.7142857142857143,5,2,0,2,6,0.02843601895734597,0,0,0.0,41.74881516587678,211,166,0,43.2,0.9120370370370371,197,216,19,7,7,2025-05-30T17:04:09+00:00,85,1,0.19444444444444445,0.0,0,0,93,0.53125,12,58.0,0.16429036814288317,0.20786233369783122,8.6,5.714285714285714,38,0,0,0,0,0,1,0,0,0,0,0,5,0.0,0,feature,perfective,Human,3,0.08620689655172414,25,1,1,0,1,0,1,skeletonlabs/skeleton,206,a4f5c5f42c5cac47955372ae824ce7d7a05c3cf7,Chore/setings colors interface (#3561),0.0,0,0.2,0.2,4
594,0.0,9,0.0,0,0.0,0.0,bartosz@ilikepython.com,0.0,0.0,0.0,0.0,17,0.0,0.0,0.0,0.0,0,0.0,0,1.0,6,0,2,2,4,0.5714285714285714,0,0,0.0,58.92857142857143,14,0,2,2.3333333333333335,0.5,7,14,7,6,8,2025-07-13T17:35:09+00:00,44,2,1.0,0.0,0,1,277,0.0625,12,99.0,0.03281115014251935,0.16959171262667025,7.166666666666667,5.5,28,0,0,0,1,0,1,0,0,0,0,0,6,0.0,0,bug_fix,corrective,Human,3,0.030303030303030304,18,1,1,0,5,0,1,skeletonlabs/skeleton,250,22610297b77ddcd8e69e4aa13aaa0c2cbd6829ee,Fix a bunch of typos (#3604),0.16666666666666666,1,0.5,0.5,6
78,0.9444444444444444,1,0.5957446808510638,28,1.0,1.0,63101006+hugos68@users.noreply.github.com,1.0,1.0,1.0,1.0,18,1.0,1.0,1.0,1.0,48,0.5333333333333333,209,0.3333333333333333,1,0,0,0,0,0.0,0,0,0.0,63.5,2,0,0,2.0,0.5,1,2,1,3,9,2025-07-17T18:10:42+00:00,104,2,1.0,0.0,0,0,78,0.02564102564102564,1,78.0,0.02564102564102564,0.0,1.0,2.6666666666666665,16,1,0,0,0,0,1,0,0,0,0,0,3,0.0,0,dependency_update,adaptive,Human,9,0.8589743589743589,67,1,0,0,0,0,0,skeletonlabs/skeleton,254,1b97a7e2f38b450f259ff991f423bad4c2d576ee,dep bump (#3612),0.0,0,1.0,1.0,3
392,0.0,9,0.0,0,0.0,0.0,13340217+jamesn-dev@users.noreply.github.com,0.0,0.0,0.0,0.0,17,0.0,0.0,0.0,0.0,0,0.0,0,0.6666666666666666,4,0,0,0,4,0.15384615384615385,0,0,0.07692307692307693,55.07692307692308,26,4,0,6.5,0.8461538461538461,22,26,4,6,8,2025-08-09T17:14:15+00:00,122,2,0.6923076923076923,0.0,0,1,184,0.1,5,98.0,0.05365081388924306,0.029640151515151515,2.0,5.333333333333333,72,0,0,1,0,0,1,0,0,0,0,0,12,0.0,0,feature,perfective,Human,0,0.0,0,1,0,0,0,0,0,skeletonlabs/skeleton,277,df1eef4c92b08f4fb1b307e653c91ba8f0aba819,feat: add title and aria-label attributes to btn-icon components (#3619),0.0,0,0.25,0.25,5
135,0.0,9,0.0,0,0.0,0.0,36290709+moulichan99@users.noreply.github.com,0.0,0.0,0.0,0.0,15,0.0,0.0,0.0,0.0,0,0.0,0,0.3333333333333333,2,16,0,2,6,0.017543859649122806,0,0,0.0,38.55263157894737,114,6,0,59.5,0.5294117647058824,63,119,56,6,8,2025-08-13T15:05:19+00:00,155,2,0.9495798319327731,0.0,0,0,72,1.4166666666666667,3,67.5,0.7956349206349207,0.047619047619047616,2.5,5.333333333333333,20,0,0,0,0,0,1,0,0,0,0,0,3,0.0,0,bug_fix,corrective,Human,0,0.0,0,1,0,0,0,0,0,skeletonlabs/skeleton,281,0d44e8c3b57e5a2698523c7e9d90df2ee93a217e,Avatar Issue (#3627),0.16666666666666666,1,1.0,1.0,2
108,0.9375,1,0.5757575757575758,19,1.0,1.0,63101006+hugos68@users.noreply.github.com,1.0,1.0,1.0,1.0,16,1.0,1.0,1.0,1.0,49,0.5268817204301075,242,0.057692307692307696,3,0,0,0,0,0.0,0,0,0.0,34.22222222222222,18,2,0,6.333333333333333,0.8421052631578947,16,19,3,52,8,2025-08-19T16:14:22+00:00,32,3,0.8947368421052632,0.0,0,0,90,0.3,1,36.0,0.22777777777777777,0.03333333333333333,0.3333333333333333,5.576923076923077,40,0,0,1,0,0,1,0,0,0,0,0,5,0.3333333333333333,1,feature,perfective,Human,9,0.5462962962962963,59,1,1,0,2,0,1,skeletonlabs/skeleton,287,2d63df3e64d48dffff737105a2df3a3783ea709b,feat: experimental component API (#3491),0.11538461538461539,6,0.3333333333333333,0.3333333333333333,1
311,0.9375,1,0.5333333333333333,16,nan,nan,63101006+hugos68@users.noreply.github.com,nan,nan,nan,nan,16,nan,nan,nan,nan,50,0.5263157894736842,250,0.4117647058823529,7,0,0,0,1,0.0,0,5,0.03333333333333333,49.166666666666664,30,7,0,4.285714285714286,0.4,12,30,18,17,8,2025-08-27T16:59:48+00:00,nan,2,1.0,0.0,0,0,165,0.23809523809523808,25,44.42857142857143,0.15261004168567194,0.007792207792207792,4.285714285714286,5.176470588235294,55,0,0,0,0,0,1,0,0,0,0,0,8,0.0,0,dependency_update,adaptive,Human,6,0.33440514469453375,104,1,0,0,0,0,0,skeletonlabs/skeleton,295,c1500695043cd19107a81b69f06dbc646c1352b8,chore: move common classes into skeleton-common (#3656),0.0,0,0.0,0.0,2
30,0.9375,1,0.5357142857142857,15,nan,nan,63101006+hugos68@users.noreply.github.com,nan,nan,nan,nan,16,nan,nan,nan,nan,51,0.53125,252,0.007874015748031496,2,0,0,0,0,0.0,0,0,0.0,35.5,4,0,0,2.0,0.5,2,4,2,254,8,2025-08-29T16:47:43+00:00,nan,2,1.0,0.0,0,0,17,0.15384615384615385,0,15.0,0.13574660633484165,0.0,0.0,5.429133858267717,31,0,0,0,0,0,1,0,0,0,0,0,5,0.0,0,dependency_update,adaptive,Human,5,1.3666666666666667,41,1,0,0,0,0,0,skeletonlabs/skeleton,297,770431da15a354c66ef69cc0df5049e893147e2f,Prepare monorepo for V4 (#3662),0.15748031496062992,40,0.0,0.0,4
22,0.9375,1,0.5517241379310345,16,nan,nan,63101006+hugos68@users.noreply.github.com,nan,nan,nan,nan,22,nan,nan,nan,nan,55,0.55,252,1.0,1,0,0,0,0,0.0,0,0,0.0,31.166666666666668,6,0,0,6.0,0.5,3,6,3,1,8,2025-08-29T22:15:02+00:00,nan,1,1.0,0.0,0,0,22,0.2727272727272727,1,22.0,0.2727272727272727,0.0,1.0,2.0,25,0,0,0,1,0,1,0,0,0,0,0,4,0.0,0,bug_fix,corrective,Human,0,0.0,0,1,0,0,0,0,0,skeletonlabs/skeleton,298,73bdbcdb0283f4dc855de0bd575379124f697711,fix escape prefix (#3670),0.0,0,0.0,0.0,4
70,0.9375,1,0.5666666666666667,17,1.0,1.0,63101006+hugos68@users.noreply.github.com,1.0,1.0,1.0,1.0,22,1.0,1.0,1.0,1.0,56,0.5544554455445545,253,0.056338028169014086,4,0,0,0,0,0.0,0,4,0.025,37.15,40,0,0,10.5,0.6904761904761905,29,42,13,71,8,2025-08-30T22:28:59+00:00,11,3,0.21428571428571427,0.25,0,1,42,0.42857142857142855,0,17.5,0.20673076923076922,0.03125,0.0,5.169014084507042,26,0,0,1,0,0,1,0,0,0,0,0,4,0.25,1,feature,perfective,Human,13,1.0857142857142856,76,1,1,12,14,1,2,skeletonlabs/skeleton,299,69c5efa26c1363de49994a440255215041c54b12,Feat: Rating Group (#3667),0.09859154929577464,7,0.25,0.5,5
20,0.9375,1,0.5666666666666667,17,nan,nan,63101006+hugos68@users.noreply.github.com,nan,nan,nan,nan,23,nan,nan,nan,nan,58,0.5631067961165048,255,1.0,1,0,0,0,0,0.0,0,0,0.0,48.333333333333336,6,0,0,6.0,0.5,3,6,3,1,8,2025-08-31T23:32:29+00:00,nan,1,1.0,0.0,0,1,20,0.3,0,20.0,0.3,0.0,0.0,6.0,39,0,0,0,1,0,1,0,0,0,0,0,6,0.0,0,bug_fix,corrective,Human,2,0.45,9,1,0,0,0,0,0,skeletonlabs/skeleton,300,c6c528466348f755ec14b2af9313a4134ed963aa,Fix Rating Group in playgrounds (#3676),0.0,0,0.0,0.0,6
60,0.9375,1,0.5357142857142857,15,1.0,1.0,63101006+hugos68@users.noreply.github.com,1.0,1.0,1.0,1.0,16,1.0,1.0,1.0,1.0,60,0.5714285714285714,256,0.13636363636363635,3,0,0,0,0,0.0,0,0,0.0425531914893617,24.78723404255319,47,0,0,15.666666666666666,0.48936170212765956,23,47,24,22,8,2025-09-02T16:25:17+00:00,151,2,1.0,0.0,0,0,31,1.4193548387096775,0,20.0,0.5510403574919704,0.0,0.0,4.136363636363637,48,0,1,1,0,0,1,0,0,0,0,0,5,0.3333333333333333,1,feature,perfective,Human,11,0.8833333333333333,53,1,0,0,0,0,0,skeletonlabs/skeleton,301,f7cb2e7a8eba49fd866fa99775706c9aee51627b,feat: Component Documentation Generation (#3673),0.4090909090909091,9,0.3333333333333333,0.6666666666666666,1
12,0.9375,1,0.5555555555555556,15,1.0,1.0,63101006+hugos68@users.noreply.github.com,1.0,1.0,1.0,1.0,23,1.0,1.0,1.0,1.0,63,0.5833333333333334,258,0.5,1,0,0,0,0,0.0,0,0,0.0,34.0,2,0,0,2.0,0.5,1,2,1,2,8,2025-09-03T23:50:57+00:00,4,1,1.0,1.0,0,0,12,0.16666666666666666,0,12.0,0.16666666666666666,0.0,0.0,2.0,33,0,0,0,1,0,1,0,0,0,0,1,6,0.0,0,bug_fix,corrective,Human,1,0.08333333333333333,1,1,1,3,3,1,1,skeletonlabs/skeleton,303,e96ac8f4d18d237cf4d3fd0a2a6f34b7c958d9b3,chore: fix alias in tests (#3687),0.0,0,1.0,1.0,2
45,0.9375,1,0.5714285714285714,16,1.0,1.0,63101006+hugos68@users.noreply.github.com,1.0,1.0,1.0,1.0,14,1.0,1.0,1.0,1.0,65,0.5909090909090909,258,0.038461538461538464,1,0,0,0,0,0.0,0,1,0.0,28.25,4,0,0,4.0,1.0,4,4,0,26,8,2025-09-04T14:52:13+00:00,4,2,0.75,1.0,0,0,45,0.06666666666666667,0,45.0,0.06666666666666667,0.0,0.0,5.5,18,0,0,1,0,0,1,0,0,0,0,0,3,0.0,0,feature,perfective,Human,6,1.0888888888888888,49,1,1,15,17,2,3,skeletonlabs/skeleton,303,f272f42ae2a92648d275618089a5c41aaf4efe13,feat: tabs (#3679),0.11538461538461539,3,1.0,1.0,3
137,0.8125,2,0.1724137931034483,5,0.0,0.0,gundamx9740@gmail.com,0.0,0.0,0.0,0.0,14,0.0,0.0,0.0,0.0,23,0.2072072072072072,297,0.5,2,0,18,1,10,0.0,6,0,0.0,33.28484848484848,165,9,0,86.5,0.5722543352601156,99,173,74,4,8,2025-09-05T14:46:03+00:00,2,1,0.884393063583815,0.5,0,0,101,1.1584158415841583,7,68.5,1.0792079207920793,0.0,3.5,3.75,34,0,0,0,0,0,1,0,0,0,0,0,5,0.5,1,feature,perfective,Human,9,0.7445255474452555,102,1,1,44,44,1,1,skeletonlabs/skeleton,304,cbb66b12ca7335f4206194ae7ba43bcc6ee56be9,API Ref Table Improvements (#3690),0.0,0,0.5,0.5,4
30,0.9375,1,0.6071428571428571,17,1.0,1.0,63101006+hugos68@users.noreply.github.com,1.0,1.0,1.0,1.0,21,1.0,1.0,1.0,1.0,67,0.5877192982456141,260,0.4,2,0,0,0,0,0.0,0,0,0.0,20.0,2,0,0,1.0,1.0,2,2,0,5,8,2025-09-06T21:56:26+00:00,4,2,1.0,0.5,0,1,22,0.125,0,15.0,0.08522727272727273,0.0,0.0,2.8,26,0,0,0,0,0,1,0,0,0,0,0,4,0.0,0,build_config_ci,management,Human,7,0.43333333333333335,13,1,1,1,1,1,1,skeletonlabs/skeleton,306,1c511cf72103a5d34287f2849b64704f47efa81f,chore: silent logs (#3699),0.0,0,0.5,0.5,5
185,0.9375,1,0.6666666666666666,18,1.0,1.0,63101006+hugos68@users.noreply.github.com,1.0,1.0,1.0,1.0,16,1.0,1.0,1.0,1.0,68,0.591304347826087,261,1.0,19,0,0,0,0,0.0,0,0,0.06474820143884892,29.568345323741006,139,0,0,7.315789473684211,0.1366906474820144,19,139,120,19,8,2025-09-07T16:15:52+00:00,8,1,1.0,0.10526315789473684,0,1,18,1.3333333333333333,0,9.736842105263158,0.9025442393863446,0.008771929824561403,0.0,6.0,31,0,0,0,0,0,1,0,0,0,0,0,4,0.0,0,refactor_cleanup,preventive,Human,6,0.8756756756756757,162,1,1,4,4,1,1,skeletonlabs/skeleton,306,3e08640a72a65afb7c0a792aee929d47c80e5160,chore: consistency pass (#3701),0.0,0,0.10526315789473684,0.10526315789473684,6
301,0.9375,1,0.6521739130434783,15,0.9166666666666666,0.4090909090909091,63101006+hugos68@users.noreply.github.com,0.9090909090909091,0.9090909090909091,0.9166666666666666,0.4090909090909091,10,0.9090909090909091,0.9090909090909091,0.9090909090909091,0.9090909090909091,70,0.5982905982905983,263,0.21428571428571427,18,0,0,0,0,0.0,0,18,0.08333333333333333,69.19444444444444,36,0,0,4.055555555555555,0.7534246575342466,55,73,18,84,8,2025-09-09T10:51:25+00:00,1,2,0.863013698630137,0.6111111111111112,0,0,64,0.45454545454545453,3,16.72222222222222,0.22933543073941623,0.007936507936507936,0.2222222222222222,5.690476190476191,31,0,0,0,0,0,1,0,0,0,0,0,4,0.0,0,test,preventive,Human,10,0.8571428571428571,258,1,2,198,198,3,3,skeletonlabs/skeleton,308,0f0c98df1b1a7fd3a2a37efe9519e2b953683ab0,chore: consistency pass (#3706),0.047619047619047616,4,0.6111111111111112,0.6470588235294118,1
187,0.9375,1,0.6666666666666666,16,1.0,1.0,63101006+hugos68@users.noreply.github.com,1.0,1.0,1.0,1.0,11,1.0,1.0,1.0,1.0,71,0.6016949152542372,263,0.5185185185185185,14,0,0,0,0,0.0,0,0,0.0,52.714285714285715,28,0,0,4.0,0.5,28,56,28,27,8,2025-09-09T11:20:58+00:00,0,2,1.0,0.35714285714285715,0,0,22,0.36363636363636365,0,13.357142857142858,0.31385281385281383,0.0,0.0,5.962962962962963,26,0,0,0,0,0,1,0,0,0,0,0,3,0.0,0,refactor_cleanup,preventive,Human,3,0.9090909090909091,170,1,1,78,78,3,3,skeletonlabs/skeleton,308,266b7acafdab627f7eefadd1d32072f0002c971f,chore: consistency (#3707),0.0,0,0.35714285714285715,0.35714285714285715,1
94,0.9375,1,0.68,17,0.6666666666666666,0.04878048780487805,63101006+hugos68@users.noreply.github.com,1.0,1.0,0.5,0.04878048780487805,20,1.0,1.0,0.5,0.0,73,0.6083333333333333,263,1.3333333333333333,4,0,4,0,3,0.0,1,3,0.06896551724137931,56.241379310344826,29,3,0,7.5,0.5666666666666667,17,30,13,3,8,2025-09-09T20:11:28+00:00,0,1,1.0,0.5,0,0,64,1.4,3,23.5,0.5964488636363636,0.0,1.25,4.0,55,0,1,0,0,0,1,0,0,0,0,0,8,0.5,2,documentation,perfective,Human,6,1.148936170212766,108,1,2,123,123,2,2,skeletonlabs/skeleton,308,0486291cc5438420862f67ce301c894421404f4b,chore: use resulting classes for doc generation (#3710),0.0,0,0.5,0.3333333333333333,1
75,0.9375,1,0.6923076923076923,18,0.8,0.19863013698630136,63101006+hugos68@users.noreply.github.com,1.0,1.0,0.6666666666666666,0.19863013698630136,21,1.0,1.0,0.5,0.0,74,0.6115702479338843,263,2.0,2,0,2,1,3,0.0,1,0,0.16666666666666666,61.5,6,0,0,3.0,0.5,3,6,3,1,8,2025-09-09T21:33:06+00:00,0,1,1.0,1.0,0,0,64,0.36363636363636365,3,37.5,0.19744318181818182,0.0,2.5,4.0,80,0,1,0,1,0,1,0,0,0,0,0,10,0.0,0,bug_fix,corrective,Human,5,1.36,102,1,2,146,146,3,3,skeletonlabs/skeleton,308,8b2aa7f4ee95aaa9941e35fab76cf767ad2cbccd,fix: generate type documentation script erroring on classless components (#3711),0.0,0,1.0,1.0,1
48,0.375,3,0.037037037037037035,1,0.0,0.0,gundamx9740@gmail.com,0.0,0.0,0.0,0.0,17,0.0,0.0,0.0,0.0,24,0.19672131147540983,302,0.037037037037037035,1,0,0,0,0,0.0,0,0,0.0,33.666666666666664,3,0,0,3.0,1.0,3,3,0,27,8,2025-09-10T17:08:08+00:00,6,2,1.0,1.0,0,0,48,0.0625,0,48.0,0.0625,0.0,0.0,5.592592592592593,31,0,0,1,0,0,1,0,0,0,0,0,4,0.0,0,feature,perfective,Human,5,0.9583333333333334,46,1,1,18,20,3,4,skeletonlabs/skeleton,309,a9c651adac035dc4613f0118bca05f0cfb0b22b5,feat: progress (linear) (#3694),0.1111111111111111,3,1.0,1.0,2
20,0.9375,1,0.6785714285714286,19,1.0,1.0,63101006+hugos68@users.noreply.github.com,1.0,1.0,1.0,1.0,16,1.0,1.0,1.0,1.0,75,0.6097560975609756,265,1.0,1,0,2,0,0,0.0,0,0,0.0,67.5,2,0,0,2.0,0.5,1,2,1,1,8,2025-09-11T16:42:42+00:00,4,1,1.0,1.0,0,0,20,0.1,0,20.0,0.1,0.0,0.0,2.0,51,0,0,1,0,0,1,0,0,0,0,0,8,1.0,1,feature,perfective,Human,2,0.1,2,1,1,1,1,1,1,skeletonlabs/skeleton,310,57ae8525054937d29d9a90a9a6a0e3c4dbfdb7b4,feat: merge optional presets back into core (#3714),0.0,0,1.0,1.0,3
20,0.9375,1,0.6896551724137931,20,1.0,1.0,63101006+hugos68@users.noreply.github.com,1.0,1.0,1.0,1.0,20,1.0,1.0,1.0,1.0,76,0.6129032258064516,265,1.0,1,3,0,0,0,1.0,0,0,0.0,67.33333333333333,3,3,0,3.0,0.0,0,3,3,1,8,2025-09-11T20:26:35+00:00,2,1,1.0,1.0,0,0,20,0.15,0,20.0,0.15,0.0,0.0,6.0,25,0,0,0,0,0,1,0,0,0,0,0,4,0.0,0,dependency_update,adaptive,Human,0,0.0,0,1,1,11,11,2,2,skeletonlabs/skeleton,310,cc38700998eb386b237f2039afe8d8566b454c16,chore: update zag (#3718),0.0,0,1.0,1.0,3
51,0.9375,1,0.7,21,0.8333333333333334,0.9166666666666666,63101006+hugos68@users.noreply.github.com,1.0,1.0,0.8333333333333334,0.9166666666666666,20,0.0,0.0,1.0,1.0,77,0.616,265,0.041666666666666664,1,0,0,0,4,0.0,0,3,0.0,33.333333333333336,6,0,0,6.0,1.0,6,6,0,24,8,2025-09-11T20:29:26+00:00,1,2,0.5,1.0,0,0,51,0.058823529411764705,1,51.0,0.058823529411764705,0.0,1.0,5.375,20,0,0,1,0,0,1,0,0,0,0,0,3,0.0,0,feature,perfective,Human,4,0.8431372549019608,43,1,2,21,23,4,5,skeletonlabs/skeleton,310,3776570c21d060a653bdde8a164e95e8aecdbaab,feat: switch (#3695),0.125,3,1.0,1.0,3
47,0.9375,1,0.7096774193548387,22,0.8571428571428571,0.9230769230769231,63101006+hugos68@users.noreply.github.com,1.0,1.0,0.8571428571428571,0.9230769230769231,8,1.0,1.0,1.0,1.0,79,0.6220472440944882,266,0.3333333333333333,1,0,0,0,0,0.0,0,0,0.0,48.22222222222222,18,18,0,18.0,0.3888888888888889,7,18,11,3,8,2025-09-12T08:34:06+00:00,0,2,1.0,1.0,0,0,47,0.3829787234042553,1,47.0,0.3829787234042553,0.0,1.0,4.0,51,0,0,0,0,0,1,0,0,0,0,0,6,0.0,0,feature,perfective,Human,3,0.5319148936170213,25,1,2,24,26,5,6,skeletonlabs/skeleton,311,859e83575ef8f41dd99d63dde65872942f024bdb,chore: reinstate lightswitch in playgrounds (#3721),0.0,0,1.0,1.0,4
45,0.9375,1,0.71875,23,1.0,1.0,63101006+hugos68@users.noreply.github.com,1.0,1.0,1.0,1.0,16,1.0,1.0,1.0,1.0,80,0.625,266,0.13333333333333333,4,0,0,0,0,0.0,0,0,0.25,94.5,8,0,0,2.0,0.5,4,8,4,30,8,2025-09-12T16:44:09+00:00,3,2,1.0,0.5,0,0,23,0.2857142857142857,0,11.25,0.22709627329192544,0.16304347826086957,0.0,5.866666666666666,42,0,0,0,0,0,1,0,0,1,0,0,4,0.0,0,refactor_cleanup,preventive,Human,2,0.9555555555555556,43,1,1,34,34,4,4,skeletonlabs/skeleton,311,7dc8b8a4492d6b2a946b1a94294314396501006a,refactor: use SvelteHTMLAttributes (#3723),0.0,0,0.5,0.75,4
50,0.9375,1,0.7272727272727273,24,0.875,0.9473684210526315,63101006+hugos68@users.noreply.github.com,1.0,1.0,0.875,0.9473684210526315,18,1.0,1.0,1.0,1.0,81,0.627906976744186,266,0.02857142857142857,1,0,0,0,0,0.0,0,3,0.0,32.5,6,0,0,6.0,1.0,6,6,0,35,8,2025-09-12T18:03:26+00:00,0,2,0.5,1.0,0,0,50,0.06,1,50.0,0.06,0.0,1.0,5.6571428571428575,19,0,0,1,0,0,1,0,0,0,0,0,3,0.0,0,feature,perfective,Human,2,0.44,22,1,2,42,44,6,7,skeletonlabs/skeleton,311,dff68d8f824ddb1aef820e75ab3bdebe06546e07,feat: toast (#3704),0.08571428571428572,3,1.0,1.0,4
538,0.9375,1,0.7352941176470589,25,1.0,1.0,63101006+hugos68@users.noreply.github.com,1.0,1.0,0.96875,0.6073825503355704,15,1.0,1.0,1.0,0.9333333333333333,82,0.6307692307692307,267,0.15714285714285714,22,0,6,0,4,0.0,0,6,0.07612456747404844,60.86159169550173,289,31,0,13.136363636363637,0.5121107266435986,148,289,141,140,8,2025-09-13T15:16:03+00:00,0,2,0.9757785467128027,0.6818181818181818,0,1,72,1.0588235294117647,9,24.454545454545453,0.640738451575971,0.02408596837944664,0.6363636363636364,5.892857142857143,30,0,0,1,0,0,1,0,0,0,0,0,4,0.045454545454545456,1,feature,perfective,Human,5,0.13940520446096655,75,1,1,132,132,8,8,skeletonlabs/skeleton,312,2f309f41bf26cb2a2e46b109be0f55b31093ef35,feat: provider pattern (#3725),0.007142857142857143,1,0.6818181818181818,0.6818181818181818,5
872,0.9375,1,0.7428571428571429,26,0.9565217391304348,0.7655172413793103,63101006+hugos68@users.noreply.github.com,0.9285714285714286,0.8666666666666667,0.8888888888888888,0.521875,20,0.9285714285714286,0.8666666666666667,0.9285714285714286,0.8,84,0.6363636363636364,268,0.12345679012345678,30,0,6,4,0,0.0,0,1,0.007984031936127744,29.686626746506985,501,70,0,16.7,0.500998003992016,251,501,250,243,8,2025-09-14T20:11:20+00:00,1,3,0.29740518962075846,0.43333333333333335,0,1,165,0.5454545454545454,25,29.066666666666666,0.2584666623359225,0.029385521885521886,2.6333333333333333,5.502057613168724,34,0,0,0,0,0,1,0,0,0,0,0,4,0.0,0,dependency_update,adaptive,Human,9,0.14564220183486237,127,1,1,111,111,10,10,skeletonlabs/skeleton,313,7746772382a7e83204c64a7fdd2693ed0e7c6401,chore: eslint improvements (#3730),0.09465020576131687,23,0.4666666666666667,0.5357142857142857,6
6,0.9375,1,0.75,27,1.0,1.0,63101006+hugos68@users.noreply.github.com,1.0,1.0,1.0,1.0,20,1.0,1.0,1.0,1.0,85,0.6390977443609023,268,1.0,1,0,0,0,0,0.0,0,0,0.0,8.4,5,0,0,5.0,0.0,0,5,5,1,8,2025-09-14T20:56:38+00:00,0,1,1.0,1.0,0,1,6,0.8333333333333334,0,6.0,0.8333333333333334,0.16666666666666666,0.0,2.0,28,0,0,0,1,0,1,0,0,0,0,0,4,0.0,0,,,,2,1.6666666666666667,10,1,1,8,8,2,2,skeletonlabs/skeleton,313,f1b84bc58e63f22c46c840ff476d4f529c515c5a,fix: svelte tsconfig (#3734),0.0,0,1.0,1.0,6
11,0.9375,1,0.7567567567567568,28,1.0,1.0,63101006+hugos68@users.noreply.github.com,1.0,1.0,1.0,1.0,22,1.0,1.0,1.0,1.0,86,0.6417910447761194,268,1.0,1,0,0,0,0,0.0,0,0,0.0,8.4,5,0,0,5.0,1.0,5,5,0,1,8,2025-09-14T22:16:58+00:00,0,1,1.0,1.0,0,1,11,0.45454545454545453,0,11.0,0.45454545454545453,0.09090909090909091,0.0,2.0,17,0,0,0,1,0,1,0,0,0,0,0,3,0.0,0,bug_fix,corrective,Human,1,0.45454545454545453,5,1,1,13,13,3,3,skeletonlabs/skeleton,314,1f2282e0b145f55cb781aa348f60d312f4f9f89f,fix alias (#3735),0.0,0,1.0,1.0,6
53,0.9375,1,0.7631578947368421,29,0.8888888888888888,0.95,63101006+hugos68@users.noreply.github.com,1.0,1.0,0.8888888888888888,0.95,20,1.0,1.0,1.0,1.0,87,0.6444444444444445,269,0.02857142857142857,1,0,0,0,0,0.0,0,0,0.0,31.0,3,0,0,3.0,1.0,3,3,0,35,8,2025-09-15T20:47:39+00:00,3,2,1.0,1.0,0,0,53,0.05660377358490566,1,53.0,0.05660377358490566,0.0,1.0,5.628571428571429,25,0,0,1,0,0,1,0,0,0,0,0,4,0.0,0,feature,perfective,Human,1,0.3584905660377358,19,1,2,45,47,7,8,skeletonlabs/skeleton,314,1d8a15137c79c293674fd70794f69a2fe6cd18a4,feat: file upload (#3693),0.08571428571428572,3,1.0,1.0,0
991,0.9375,1,0.7692307692307693,30,0.7857142857142857,0.9519230769230769,63101006+hugos68@users.noreply.github.com,0.6666666666666666,0.8,0.7142857142857143,0.4697986577181208,0,0.6666666666666666,0.8,0.6666666666666666,0.6,89,0.6496350364963503,270,0.11602209944751381,21,1,16,4,76,0.0,18,17,0.0392156862745098,39.84313725490196,204,46,0,9.714285714285714,0.6519607843137255,133,204,71,181,8,2025-09-16T00:21:35+00:00,1,3,0.9215686274509803,0.19047619047619047,0,0,165,0.5454545454545454,31,47.19047619047619,0.21265810874084543,0.0627994227994228,5.523809523809524,5.712707182320442,21,0,0,0,0,0,1,0,0,0,0,0,3,0.0,0,dependency_update,adaptive,Human,19,0.26337033299697277,261,1,2,99,101,6,7,skeletonlabs/skeleton,315,e75b9755ada32f22bd3620a24b3eef58f77097ed,chore: oxlint (#3749),0.10497237569060773,19,0.2857142857142857,0.5882352941176471,1
938,0.9375,1,0.775,31,nan,nan,63101006+hugos68@users.noreply.github.com,nan,1.0,1.0,1.0,0,nan,1.0,nan,1.0,90,0.6521739130434783,270,0.8620689655172413,50,14,0,0,28,0.0,0,2,0.009433962264150943,50.210691823899374,318,40,0,6.36,0.5062893081761006,161,318,157,58,8,2025-09-16T00:49:20+00:00,nan,2,0.9874213836477987,0.0,0,0,59,0.9491525423728814,4,18.76,0.24350049453642744,0.004347826086956522,0.28,6.0,22,0,0,0,0,0,1,0,0,1,0,0,3,0.04,2,refactor_cleanup,preventive,Human,3,0.14285714285714285,134,1,0,0,0,0,0,skeletonlabs/skeleton,315,13e0f9aebe884092e7ecda73315cdc1b420d4a3e,chore: cleanup (#3750),0.05172413793103448,3,0.0,0.52,1
363,0.9375,1,0.7804878048780488,32,1.0,1.0,63101006+hugos68@users.noreply.github.com,1.0,1.0,1.0,1.0,11,1.0,1.0,1.0,1.0,91,0.6546762589928058,270,0.28,7,0,6,9,10,0.0,0,0,0.038461538461538464,72.15384615384616,26,12,0,3.7142857142857144,0.5,13,26,13,25,8,2025-09-16T11:03:55+00:00,0,2,1.0,0.5714285714285714,0,0,165,0.125,25,51.857142857142854,0.08271330355780039,0.007792207792207792,12.142857142857142,6.2,31,0,0,1,0,0,1,0,0,0,0,0,5,0.0,0,feature,perfective,Human,4,0.1046831955922865,38,1,1,75,75,3,3,skeletonlabs/skeleton,315,216a051c893ce33d3879f8ea885f98b9b3c7691f,chore: add `tsc` checks (#3751),0.04,1,0.5714285714285714,0.5,1
60,0.9375,1,0.7857142857142857,33,nan,nan,63101006+hugos68@users.noreply.github.com,nan,nan,nan,nan,7,nan,nan,nan,nan,93,0.6595744680851063,271,1.0,6,0,0,0,0,0.0,0,0,0.0,73.83333333333333,12,0,0,2.0,0.5,6,12,6,6,8,2025-09-17T07:58:46+00:00,nan,1,1.0,0.0,0,0,10,0.2,1,10.0,0.20000000000000004,0.0,0.16666666666666666,6.0,34,0,0,0,0,0,1,0,0,0,0,0,5,1.0,6,refactor_cleanup,preventive,Human,0,0.0,0,1,0,0,0,0,0,skeletonlabs/skeleton,316,ac383e5b8dd849c1a17f4d65a024d47a3c0f4d5a,chore: make props optional (#3756),0.0,0,0.0,0.0,2
45,0.9375,1,0.7906976744186046,34,0.9,0.9523809523809523,63101006+hugos68@users.noreply.github.com,1.0,1.0,0.9,0.9523809523809523,8,1.0,1.0,1.0,1.0,98,0.6712328767123288,272,0.5,1,0,0,0,0,0.0,0,0,0.0,40.63157894736842,19,4,0,19.0,0.47368421052631576,9,19,10,2,8,2025-09-18T08:59:53+00:00,2,2,1.0,1.0,0,0,45,0.4222222222222222,0,45.0,0.4222222222222222,0.0,0.0,4.0,34,0,0,0,0,0,1,0,0,0,0,0,4,0.0,0,feature,perfective,Human,0,0.0,0,1,2,48,50,8,9,skeletonlabs/skeleton,317,2c166dcc925033039453d68ef9e179e260b579d3,refine: playground sidebar (#3764),0.0,0,1.0,1.0,3
15,0.9375,1,0.7906976744186046,34,nan,nan,63101006+hugos68@users.noreply.github.com,nan,nan,nan,nan,8,nan,nan,nan,nan,102,0.68,273,1.0,1,0,0,0,0,0.0,0,0,0.0,90.0,2,2,0,2.0,0.5,1,2,1,1,8,2025-09-19T08:41:46+00:00,nan,1,1.0,0.0,0,0,15,0.13333333333333333,0,15.0,0.13333333333333333,0.0,0.0,7.0,29,0,1,0,1,0,1,0,0,0,0,0,5,0.0,0,documentation,perfective,Human,0,0.0,0,1,0,0,0,0,0,skeletonlabs/skeleton,318,526f491c63260a9eabaab8d4eac5405d20e48eed,docs: fix dialog text (#3770),0.0,0,0.0,0.0,4
68,0.0,9,0.0,0,0.0,0.0,shaokun.xie@outlook.fr,0.0,0.0,0.0,0.0,20,0.0,0.0,0.0,0.0,0,0.0,0,1.0,1,0,0,0,2,0.0,0,0,0.0,39.6,10,0,0,10.0,0.8,8,10,2,1,8,2025-09-21T20:26:45+00:00,5,1,1.0,1.0,0,1,68,0.14705882352941177,24,68.0,0.14705882352941177,0.0,24.0,8.0,102,0,0,0,1,0,1,0,1,0,0,0,14,0.0,0,bug_fix,corrective,Human,0,0.0,0,1,1,4,4,1,1,skeletonlabs/skeleton,320,9c863892c7716190b8795d6b95f92284ffa647b0,fix: improve large file processing performance when transforming module in v3 migration script (#3777),0.0,0,1.0,1.0,6
1992,0.9444444444444444,1,0.7777777777777778,35,1.0,1.0,63101006+hugos68@users.noreply.github.com,1.0,1.0,1.0,1.0,22,1.0,1.0,1.0,1.0,107,0.6815286624203821,278,1.0,120,0,0,0,0,0.0,0,2,0.0,22.52979591836735,1225,32,0,10.208333333333334,0.6922448979591836,848,1225,377,120,9,2025-09-24T22:54:09+00:00,8,1,0.9983673469387755,0.008333333333333333,0,0,54,1.0869565217391304,0,16.6,0.6285244420927498,0.0005208333333333333,0.0,5.983333333333333,33,0,0,0,1,0,1,0,0,0,0,0,5,0.0,0,bug_fix,corrective,Human,15,0.7811244979919679,1556,1,1,4,4,1,1,skeletonlabs/skeleton,324,5942df2f88c6f760e36c124f6a271c1321ceaf18,fix: swap rest attributes (#3803),0.0,0,0.008333333333333333,0.3333333333333333,2
3750,0.9444444444444444,1,0.782608695652174,36,1.0,1.0,63101006+hugos68@users.noreply.github.com,1.0,1.0,1.0,1.0,18,1.0,1.0,1.0,1.0,108,0.6835443037974683,280,0.6203007518796992,165,0,0,0,4,0.0,0,48,0.026634382566585957,39.32566585956417,826,0,0,5.006060606060606,0.47094430992736075,389,826,437,266,9,2025-09-26T18:46:25+00:00,1,2,0.9394673123486683,0.6848484848484848,0,0,88,0.5,0,22.727272727272727,0.202205204522663,0.00033670033670033666,0.0,5.774436090225564,24,0,0,0,0,0,1,0,0,0,0,0,3,0.19393939393939394,32,test,preventive,Human,17,0.37706666666666666,1414,1,1,1142,1142,3,3,skeletonlabs/skeleton,325,7625edf37853999b3b184648632acb8814b22161,consistency pass (#3810),0.12030075187969924,32,0.6848484848484848,0.7272727272727273,4
480,0.9444444444444444,1,0.7872340425531915,37,0.8333333333333334,0.25949367088607594,63101006+hugos68@users.noreply.github.com,1.0,1.0,0.8888888888888888,0.39690721649484534,16,1.0,1.0,0.5,0.5,110,0.6832298136645962,281,0.2564102564102564,10,0,2,2,4,0.0,2,6,0.0,32.15652173913043,230,14,0,23.1,0.5454545454545454,126,231,105,39,9,2025-09-27T16:25:50+00:00,0,2,0.9913419913419913,0.2,0,1,65,0.6956521739130435,5,48.0,0.4763112513659964,0.0,1.2,6.256410256410256,20,0,0,1,0,0,1,0,0,0,0,0,3,0.0,0,feature,perfective,Human,3,0.10625,51,1,2,158,158,6,6,skeletonlabs/skeleton,326,39fd4a83b4b3e94aa7b9c3cca636ac1e168765b9,feat: portal (#3812),0.0,0,0.2,0.2,5
590,0.9444444444444444,1,0.7916666666666666,38,0.875,0.972972972972973,63101006+hugos68@users.noreply.github.com,0.8571428571428571,0.8571428571428571,0.875,0.972972972972973,14,0.8571428571428571,0.8571428571428571,0.8571428571428571,0.8571428571428571,111,0.6809815950920245,282,0.5,20,6,0,0,0,0.0,0,7,0.0,39.01020408163265,294,80,0,15.0,0.63,189,300,111,40,9,2025-09-28T14:10:38+00:00,1,2,0.93,0.3,0,1,71,1.4814814814814814,1,29.5,0.5933354701316991,0.0,0.05,5.575,61,0,0,1,0,0,1,0,0,0,0,0,9,0.2,4,feature,perfective,Human,1,0.006779661016949152,4,1,2,72,74,4,5,skeletonlabs/skeleton,327,69cf72efdad48e3087852e63d7143628de1d7428,chore: Add `Control` and `Label` to Segmented Control (#3817),0.15,6,0.35,0.35,6
170,0.9444444444444444,1,0.7959183673469388,39,nan,nan,63101006+hugos68@users.noreply.github.com,nan,nan,nan,nan,16,nan,nan,nan,nan,112,0.6829268292682927,282,0.4,2,14,0,0,0,0.0,0,0,0.0,34.82142857142857,56,0,0,35.0,1.0,70,70,0,5,9,2025-09-28T16:14:36+00:00,nan,2,1.0,0.0,0,1,85,0.4117647058823529,0,85.0,0.4117647058823529,0.0,0.0,5.0,31,0,0,1,0,0,1,0,0,0,0,1,4,0.0,0,test,preventive,Human,0,0.0,0,1,0,0,0,0,0,skeletonlabs/skeleton,327,1e7683ee974f89866efdac04f36ca776baa935da,chore: additional tests (#3820),1.0,5,0.0,0.0,6
943,0.9444444444444444,1,0.8,40,1.0,1.0,63101006+hugos68@users.noreply.github.com,1.0,1.0,1.0,1.0,13,1.0,1.0,1.0,1.0,115,0.688622754491018,283,1.0,20,8,0,0,0,0.0,0,0,0.0,34.80434782608695,92,8,0,6.4,0.59375,76,128,52,20,9,2025-09-29T13:55:23+00:00,0,2,1.0,0.85,0,0,85,1.0,0,47.15,0.16939982892828967,0.0,0.0,5.0,35,0,0,0,0,0,1,0,0,0,0,1,4,0.6,12,test,preventive,Human,0,0.0,0,1,1,220,220,2,2,skeletonlabs/skeleton,328,f7739150435baca955421c5334890a2ad9d58355,chore: test inconsistencies (#3828),1.0,20,0.85,0.85,0
65,0.9444444444444444,1,0.803921568627451,41,nan,nan,63101006+hugos68@users.noreply.github.com,nan,nan,nan,nan,18,nan,nan,nan,nan,116,0.6904761904761905,283,0.5,1,0,1,0,0,0.0,0,2,0.0,20.0,11,0,0,11.0,0.8181818181818182,9,11,2,2,9,2025-09-29T18:05:01+00:00,nan,1,0.8181818181818182,0.0,0,0,65,0.13846153846153847,0,65.0,0.13846153846153847,0.27692307692307694,0.0,2.0,53,0,0,0,1,0,1,0,0,0,0,0,9,0.0,0,bug_fix,corrective,Human,2,0.676923076923077,44,1,0,0,0,0,0,skeletonlabs/skeleton,328,b870ffed96109d3f5ee10fefde5da5e1b4f5999d,chore: fix astro svelte warning in dev server (#3831),0.0,0,0.0,0.0,0
138,0.9444444444444444,1,0.8076923076923077,42,1.0,1.0,63101006+hugos68@users.noreply.github.com,1.0,1.0,1.0,1.0,14,1.0,1.0,1.0,1.0,117,0.6923076923076923,284,0.08695652173913043,4,8,0,0,0,0.0,0,6,0.0,31.075757575757574,66,0,0,18.5,0.8783783783783784,65,74,9,46,9,2025-09-30T14:59:59+00:00,3,2,0.918918918918919,0.5,0,0,60,0.75,0,34.5,0.4875,0.0,0.0,5.869565217391305,31,0,0,1,0,0,1,0,0,0,0,0,4,0.5,2,feature,perfective,Human,0,0.0,0,1,1,20,20,1,1,skeletonlabs/skeleton,329,3c28f1a37cc559e2ba33d69301a0154e30750ca0,feat: progress circular (#3779),0.08695652173913043,4,0.5,0.5,1
506,0.7777777777777778,2,0.03773584905660377,2,0.16666666666666666,0.1791044776119403,gundamx9740@gmail.com,0.25,0.2,0.14285714285714285,0.17560975609756097,16,0.25,0.2,0.0,0.0,27,0.1588235294117647,322,0.37209302325581395,16,0,0,0,14,0.0,0,0,0.049723756906077346,51.408839779005525,181,133,0,11.625,0.46774193548387094,87,186,99,43,9,2025-09-30T16:18:29+00:00,14,2,0.9301075268817204,0.25,0,0,69,2.6,4,31.625,0.3784088363260346,0.0,0.5,6.232558139534884,21,0,1,0,0,0,1,0,0,0,0,0,4,0.0625,1,documentation,perfective,AI,4,0.09683794466403162,49,1,2,200,200,3,3,skeletonlabs/skeleton,329,5cb575691e63c99b260b0a907efe9553b53fe6e1,docs: V4 prep (#3830),0.0,0,0.25,0.3125,1
28,0.9444444444444444,1,0.7962962962962963,43,1.0,1.0,63101006+hugos68@users.noreply.github.com,1.0,1.0,1.0,1.0,17,1.0,1.0,1.0,1.0,118,0.6900584795321637,284,0.5,2,0,0,0,0,0.0,0,0,0.0,20.0,2,0,0,1.0,0.0,0,2,2,4,9,2025-09-30T17:54:34+00:00,19,1,1.0,1.0,0,0,21,0.14285714285714285,0,14.0,0.09523809523809523,0.0,0.0,2.0,28,0,0,0,0,0,1,0,0,0,0,0,4,0.0,0,,,,5,0.32142857142857145,9,1,1,5,5,3,3,skeletonlabs/skeleton,329,60d99f46e2c5686ec8f0fd6bd83ef735c0336b40,chore: remove silent (#3834),0.0,0,1.0,1.0,1
51,0.9444444444444444,1,0.7962962962962963,43,1.0,1.0,63101006+hugos68@users.noreply.github.com,1.0,1.0,1.0,1.0,20,1.0,1.0,1.0,1.0,119,0.6918604651162791,284,0.3333333333333333,2,0,0,0,0,0.0,0,0,0.0,0.0,0,0,0,2.0,1.0,4,4,0,6,9,2025-09-30T20:33:35+00:00,5,1,1.0,1.0,0,0,26,0.08,0,25.5,0.07846153846153847,0.0,0.0,5.0,40,0,0,0,0,0,1,0,0,0,0,0,5,0.0,0,refactor_cleanup,preventive,Human,0,0.0,0,1,1,50,50,1,1,skeletonlabs/skeleton,329,8394038b215378ab748f0674240d55bda6dad395,chore: consistent icon authoring (#3838),0.0,0,1.0,1.0,1
45,0.9444444444444444,1,0.8113207547169812,43,1.0,1.0,63101006+hugos68@users.noreply.github.com,1.0,1.0,1.0,1.0,15,1.0,1.0,1.0,1.0,121,0.6954022988505747,286,0.5,3,0,0,0,0,0.0,0,0,0.0,19.0,3,0,0,1.0,1.0,3,3,0,6,9,2025-10-02T15:53:26+00:00,1,1,1.0,1.0,0,0,22,0.125,0,15.0,0.07904040404040404,0.0,0.0,2.0,36,0,0,0,0,0,1,0,0,0,0,0,5,0.0,0,bug_fix,corrective,Human,4,0.15555555555555556,7,1,1,9,12,5,6,skeletonlabs/skeleton,331,d92e8d3594b99c1f0d1ac6a620a218dc5ca66ba1,chore: resolve console bloat (#3847),0.0,0,1.0,1.0,3
8,0.9444444444444444,1,0.8148148148148148,44,1.0,1.0,63101006+hugos68@users.noreply.github.com,1.0,1.0,1.0,1.0,16,1.0,1.0,1.0,1.0,122,0.6971428571428572,286,0.5,1,0,0,0,0,0.0,0,0,0.0,14.0,2,0,0,2.0,1.0,2,2,0,2,9,2025-10-02T16:08:01+00:00,0,1,0.5,1.0,0,0,8,0.125,0,8.0,0.125,0.0,0.0,2.0,33,0,0,0,0,0,1,0,0,0,0,0,5,0.0,0,build_config_ci,management,Human,3,0.75,6,1,1,4,4,4,4,skeletonlabs/skeleton,331,40833b99ed12c9b80b883cc1d3508a3b29030494,chore: improve hot reload (#3848),0.0,0,1.0,1.0,3
14,0.0,10,0.0,0,nan,nan,hugokorteapple@gmail.com,nan,nan,nan,nan,19,nan,nan,nan,nan,1,0.005681818181818182,5,1.0,1,0,0,0,0,0.0,0,0,0.0,30.0,2,2,0,2.0,0.5,1,2,1,1,9,2025-10-02T19:18:32+00:00,nan,1,1.0,0.0,0,0,14,0.14285714285714285,0,14.0,0.14285714285714285,0.0,0.0,7.0,11,0,0,0,1,0,0,0,0,0,0,0,2,0.0,0,bug_fix,corrective,Human,0,0.0,0,1,0,0,0,0,0,skeletonlabs/skeleton,331,36f11a43946c0fa4cbf94fb0195d0b8e7a250878,fix example,0.0,0,0.0,0.0,3
130,0.95,1,0.8035714285714286,45,0.9285714285714286,0.5357142857142857,63101006+hugos68@users.noreply.github.com,1.0,1.0,0.9090909090909091,0.5357142857142857,20,1.0,1.0,0.6666666666666666,0.5,123,0.6949152542372882,286,1.0,3,0,6,0,4,0.0,0,0,0.08163265306122448,43.285714285714285,49,2,0,17.0,0.5098039215686274,26,51,25,3,10,2025-10-02T20:52:23+00:00,5,1,1.0,1.0,0,0,68,0.9534883720930233,5,43.333333333333336,0.4174166606667147,0.0,3.0,4.0,31,0,1,0,1,0,1,0,0,0,0,0,5,0.0,0,documentation,perfective,Human,0,0.0,0,1,2,252,252,8,8,skeletonlabs/skeleton,331,26ff3d4601193e666bd3ebb2cbea879e6d0357ad,docs: fix anatomy order (#3849),0.0,0,1.0,1.0,3
304,0.95,1,0.8070175438596491,46,0.7272727272727273,0.8492063492063492,63101006+hugos68@users.noreply.github.com,1.0,1.0,0.7272727272727273,0.8492063492063492,7,0.5,0.5,1.0,1.0,125,0.6983240223463687,287,0.625,10,2,0,0,0,0.0,0,0,0.0,23.82608695652174,115,6,0,11.7,0.39316239316239315,46,117,71,16,10,2025-10-03T07:58:42+00:00,2,2,0.9743589743589743,0.6,0,0,59,0.7272727272727273,4,30.4,0.4269691958149001,0.0,1.6,5.9375,46,0,0,0,0,0,1,0,0,0,0,0,5,0.0,0,refactor_cleanup,preventive,Human,1,0.006578947368421052,2,1,2,252,252,3,3,skeletonlabs/skeleton,332,867170cc7f5aa8def2ebf4d9569bbde42492d133,chore: remove: `Accordion.ItemHeading` (#3850),0.1875,3,0.6,0.6,4
63,0.95,1,0.8103448275862069,47,1.0,1.0,63101006+hugos68@users.noreply.github.com,1.0,1.0,1.0,1.0,22,1.0,1.0,1.0,1.0,126,0.7,287,0.3333333333333333,1,0,0,0,0,0.5,0,9,0.0,55.94444444444444,18,0,0,18.0,0.4444444444444444,8,18,10,3,10,2025-10-03T22:16:54+00:00,4,2,1.0,1.0,0,0,63,0.2857142857142857,0,63.0,0.2857142857142857,0.2698412698412698,0.0,3.6666666666666665,46,0,1,0,0,0,1,0,0,0,0,0,6,0.0,0,documentation,perfective,Human,1,0.4126984126984127,26,1,1,9,9,1,1,skeletonlabs/skeleton,333,0eb65f4ebdd07092fb3072f7686744de2a1f2d68,docs: remove `export const components` (#3854),0.0,0,1.0,1.0,4
61,0.95,1,0.8135593220338984,48,1.0,1.0,63101006+hugos68@users.noreply.github.com,1.0,1.0,1.0,1.0,16,1.0,1.0,1.0,1.0,127,0.7016574585635359,288,0.014925373134328358,2,0,0,0,0,0.6428571428571429,0,6,0.0,57.464285714285715,28,2,0,14.0,0.2857142857142857,8,28,20,134,10,2025-10-04T16:54:08+00:00,0,3,1.0,0.5,0,1,54,0.48148148148148145,0,30.5,0.3835978835978836,0.046296296296296294,0.0,7.641791044776119,41,0,1,0,0,0,1,0,0,0,0,0,4,0.0,0,documentation,perfective,Human,0,0.0,0,1,1,27,27,2,2,skeletonlabs/skeleton,333,5d270a19be3c6f8a2c6408cdd963c7a7e6486eb8,chore: documentation improvements (#3855),0.0,0,0.5,0.5,5
160,0.4,3,0.016666666666666666,1,nan,nan,hugokorteapple@gmail.com,nan,nan,nan,nan,17,nan,nan,nan,nan,2,0.01098901098901099,7,1.0,1,0,2,0,0,0.2,0,0,0.0,31.2,5,0,0,5.0,0.6,3,5,2,1,10,2025-10-04T17:58:08+00:00,nan,1,1.0,0.0,0,1,160,0.03125,11,160.0,0.03125,0.03125,11.0,5.0,13,0,0,0,1,0,0,0,0,0,0,0,2,0.0,0,bug_fix,corrective,Human,7,0.2875,46,1,0,0,0,0,0,skeletonlabs/skeleton,333,40a0a91c56cd82b66e6e0c40e88301fe1716b59c,hotfix search,0.0,0,0.0,0.0,5
157,0.95,1,0.8032786885245902,49,0.0,0.0,63101006+hugos68@users.noreply.github.com,0.0,0.0,0.0,0.0,20,0.0,0.0,0.0,0.0,128,0.6994535519125683,288,0.125,1,0,4,0,2,0.07142857142857142,2,0,0.21428571428571427,84.07142857142857,14,22,0,15.0,0.4,6,15,9,8,10,2025-10-04T20:39:36+00:00,0,3,1.0,1.0,0,1,157,0.09554140127388536,11,157.0,0.09554140127388536,0.025477707006369428,11.0,3.5,24,0,1,0,0,0,1,0,0,0,0,0,3,0.0,0,dependency_update,adaptive,Human,6,0.19745222929936307,31,1,1,5,5,1,1,skeletonlabs/skeleton,333,01b562ffd0ad43baaa4ca35f010254e117868f42,doc enhancements (#3857),0.0,0,1.0,1.0,5
41,0.75,3,0.03225806451612903,2,nan,nan,hugokorteapple@gmail.com,nan,nan,nan,nan,20,nan,nan,nan,nan,3,0.016304347826086956,7,1.0,1,0,0,0,2,0.0,0,0,0.0,58.5,4,1,0,4.0,0.5,2,4,2,1,10,2025-10-04T20:51:31+00:00,nan,1,1.0,0.0,0,1,41,0.0975609756097561,4,41.0,0.0975609756097561,0.0,4.0,2.0,3,0,0,0,1,0,0,0,0,0,0,0,1,0.0,0,bug_fix,corrective,Human,10,1.3658536585365855,56,1,0,0,0,0,0,skeletonlabs/skeleton,333,904134fe0ac96b99acbb3a909371293e3e79d1fc,fix,0.0,0,0.0,0.0,5
43,0.95,1,0.7936507936507936,50,0.0,0.0,63101006+hugos68@users.noreply.github.com,0.0,0.0,0.0,0.0,21,0.0,0.0,0.0,0.0,129,0.6972972972972973,288,1.0,1,0,2,0,0,0.0,0,1,0.0,37.8,5,0,0,5.0,0.8,4,5,1,1,10,2025-10-04T21:23:44+00:00,0,1,0.8,1.0,0,1,43,0.09302325581395349,4,43.0,0.09302325581395349,0.0,4.0,2.0,24,0,1,0,1,0,1,0,0,0,0,0,4,0.0,0,documentation,perfective,Human,9,1.2093023255813953,52,1,1,4,4,1,1,skeletonlabs/skeleton,333,48f361de77a0951321d366c818858f5adb3fdfd6,docs: fix search (#3858),0.0,0,1.0,1.0,5
54,0.95,1,0.796875,51,0.5,0.5,63101006+hugos68@users.noreply.github.com,1.0,1.0,0.5,0.5,22,1.0,1.0,1.0,1.0,130,0.6989247311827957,288,0.3333333333333333,1,1,0,0,0,0.3333333333333333,0,1,0.0,49.333333333333336,3,0,0,3.0,1.0,3,3,0,3,10,2025-10-04T22:42:20+00:00,0,1,1.0,1.0,0,1,54,0.05555555555555555,0,54.0,0.05555555555555555,0.1111111111111111,0.0,2.0,55,0,0,0,0,0,1,0,0,0,0,0,8,0.0,0,dependency_update,adaptive,Human,8,0.9074074074074074,49,1,2,8,8,2,2,skeletonlabs/skeleton,334,10fbc3a65ba6928574f6c2347510829afe6fc712,chore: use vite plugin transform lucide imports (#3860),0.0,0,1.0,1.0,5
208,0.8,2,0.046153846153846156,3,nan,nan,hugokorteapple@gmail.com,nan,nan,nan,nan,23,nan,nan,nan,nan,5,0.026595744680851064,8,0.375,3,0,0,0,0,0.0,0,7,0.0,56.78260869565217,23,28,0,7.666666666666667,0.43478260869565216,10,23,13,8,10,2025-10-04T23:55:46+00:00,nan,1,1.0,0.0,0,1,102,0.12941176470588237,2,69.33333333333333,0.10756302521008404,0.01045751633986928,1.3333333333333333,6.0,10,0,0,0,0,0,0,0,0,0,0,0,2,0.0,0,documentation,perfective,Human,1,0.08653846153846154,18,1,0,0,0,0,0,skeletonlabs/skeleton,334,4b8b594120dbf418206d63aa720bdfce52ffd7d5,icon names,0.0,0,0.0,0.0,5
43,0.85,2,0.06060606060606061,4,0.3333333333333333,0.36363636363636365,hugokorteapple@gmail.com,1.0,1.0,0.3333333333333333,0.36363636363636365,8,0.0,0.0,0.0,0.0,6,0.031746031746031744,8,1.0,1,0,6,1,2,0.0,2,0,0.0,49.2,10,1,0,10.0,0.5,5,10,5,1,10,2025-10-05T08:48:29+00:00,0,1,1.0,1.0,0,1,43,0.23255813953488372,5,43.0,0.23255813953488372,0.0,5.0,2.0,7,0,0,0,0,0,0,0,0,1,0,0,1,0.0,0,refactor_cleanup,preventive,Human,7,0.9069767441860465,39,1,2,11,11,3,3,skeletonlabs/skeleton,334,d0d905dfed67d28072e742387713a204ce973bb7,cleanup,0.0,0,1.0,1.0,6
77,0.95,1,0.7761194029850746,52,1.0,1.0,63101006+hugos68@users.noreply.github.com,1.0,1.0,1.0,1.0,10,1.0,1.0,1.0,1.0,131,0.6894736842105263,289,0.5,5,0,0,0,16,0.0,0,0,0.0,32.956896551724135,116,48,0,23.2,0.29310344827586204,34,116,82,10,10,2025-10-05T10:43:33+00:00,2,2,1.0,0.2,0,1,19,2.0,1,15.4,1.5960526315789474,0.0,0.8,7.4,46,0,0,1,0,0,1,0,0,0,0,0,5,0.0,0,feature,perfective,Human,1,0.025974025974025976,2,1,1,12,12,1,1,skeletonlabs/skeleton,334,69720310c6510eaf430f9bacda2b456dae8993ff,feat: accordion horizontal orientation (#3861),0.0,0,0.2,0.2,6
291,0.0,11,0.0,0,0.0,0.0,108044327+nullpointerexceptionkek@users.noreply.github.com,0.0,0.0,0.0,0.0,11,0.0,0.0,0.0,0.0,3,0.015706806282722512,251,0.5,2,0,12,6,21,0.2672413793103448,1,0,0.04310344827586207,48.4051724137931,116,12,1,66.0,0.8863636363636364,117,132,15,4,10,2025-10-05T11:01:21+00:00,19,1,1.0,0.5,0,1,201,0.5222222222222223,44,145.5,0.4725538971807629,0.2330016583747927,28.5,4.5,33,0,0,1,0,0,1,0,0,0,0,0,5,0.0,0,feature,perfective,Human,0,0.0,0,1,1,36,36,1,1,skeletonlabs/skeleton,334,af5d415a28e05308bfc8769b0f650f3e4354b0af,feat: individual llms.txt (#3859),0.0,0,0.5,1.0,6
159,0.9545454545454546,1,0.7681159420289855,53,0.5,0.75,63101006+hugos68@users.noreply.github.com,1.0,1.0,0.5,0.75,11,1.0,1.0,1.0,1.0,132,0.6875,289,0.16666666666666666,1,0,0,0,0,0.0,0,0,0.5,137.5,4,10,0,4.0,0.75,3,4,1,6,11,2025-10-05T11:47:43+00:00,0,1,1.0,1.0,0,1,159,0.025157232704402517,11,159.0,0.025157232704402517,0.025157232704402517,11.0,5.0,47,0,1,0,0,0,1,0,0,0,0,0,8,0.0,0,documentation,perfective,Human,5,0.16981132075471697,27,1,2,20,20,2,2,skeletonlabs/skeleton,334,fa406f69eba0f570c0768e0ec07f678c8bc5321f,docs: migrate to your in-house popovers (#3865),0.0,0,1.0,1.0,6
54,0.9545454545454546,1,0.7714285714285715,54,nan,nan,63101006+hugos68@users.noreply.github.com,nan,0.0,0.0,0.0,14,nan,0.0,nan,0.0,133,0.689119170984456,289,0.5,1,0,0,0,0,0.0,0,0,0.0,40.5,4,3,0,4.0,0.0,0,4,4,2,11,2025-10-05T14:23:59+00:00,nan,1,1.0,0.0,0,1,54,0.07407407407407407,1,54.0,0.07407407407407407,0.0,1.0,5.0,39,1,1,0,0,0,1,0,0,0,0,0,6,0.0,0,documentation,perfective,Human,1,0.037037037037037035,2,1,0,0,0,0,0,skeletonlabs/skeleton,334,f8fca1c093b0149318bc55f235452f0556d82ba4,docs: display version in header (#3866),0.0,0,0.0,1.0,6
159,0.8636363636363636,2,0.07042253521126761,5,0.3333333333333333,0.20833333333333334,hugokorteapple@gmail.com,1.0,1.0,0.3333333333333333,0.20833333333333334,14,0.0,0.0,0.0,0.0,7,0.03608247422680412,8,1.0,1,0,0,0,0,0.0,0,0,0.5,100.75,4,6,0,4.0,0.5,2,4,2,1,11,2025-10-05T14:30:15+00:00,0,1,1.0,1.0,0,1,159,0.025157232704402517,11,159.0,0.025157232704402517,0.025157232704402517,11.0,5.0,8,0,0,0,0,0,0,0,0,0,0,0,1,0.0,0,style_formatting,preventive,Human,4,0.14465408805031446,23,1,2,24,24,3,3,skeletonlabs/skeleton,334,905e832fe74770bce497aed18aa307d1ed251060,nitpicks,0.0,0,1.0,1.0,6
184,0.8636363636363636,2,0.08333333333333333,6,0.5,0.32142857142857145,hugokorteapple@gmail.com,1.0,1.0,0.5,0.32142857142857145,14,1.0,1.0,0.0,0.0,8,0.041025641025641026,8,1.0,2,0,0,0,0,0.0,0,0,0.875,232.375,8,45,0,4.0,0.5,4,8,4,2,11,2025-10-05T14:34:22+00:00,0,1,1.0,0.5,0,1,159,0.08,11,92.0,0.05886792452830189,0.012578616352201259,5.5,5.0,22,0,1,0,0,0,0,0,0,0,0,0,3,0.0,0,documentation,perfective,Human,4,0.10326086956521739,19,1,2,28,28,4,4,skeletonlabs/skeleton,334,5d4bd39051159d06debdcbd4e01115e0fb53e7db,small doc improvements,0.0,0,0.5,0.5,6
227,0.8636363636363636,2,0.0958904109589041,7,0.6,0.4411764705882353,hugokorteapple@gmail.com,1.0,1.0,0.6666666666666666,0.5777777777777777,14,1.0,1.0,0.0,0.5,9,0.04591836734693878,8,1.0,3,0,0,2,0,0.0,0,0,0.0641025641025641,41.37179487179487,78,46,0,26.0,0.47435897435897434,37,78,41,3,11,2025-10-05T14:48:10+00:00,0,1,1.0,0.3333333333333333,0,1,162,1.9189189189189189,11,75.66666666666667,0.6737372292927848,0.008230452674897118,4.0,5.0,13,0,0,0,0,0,0,0,0,0,0,0,2,0.0,0,refactor_cleanup,preventive,Human,5,0.18502202643171806,42,1,2,34,34,5,5,skeletonlabs/skeleton,334,b643f34ac394ec50b378fcdc7fc61c4ab66b3d98,minor changes,0.0,0,0.3333333333333333,0.6666666666666666,6
28,0.8636363636363636,2,0.10810810810810811,8,1.0,1.0,hugokorteapple@gmail.com,1.0,1.0,1.0,1.0,14,1.0,1.0,1.0,1.0,10,0.050761421319796954,8,1.0,1,0,0,0,0,0.0,0,0,0.125,41.916666666666664,24,8,0,24.0,0.5,12,24,12,1,11,2025-10-05T14:55:43+00:00,0,1,1.0,1.0,0,1,28,0.8571428571428571,0,28.0,0.8571428571428571,0.0,0.0,5.0,8,0,0,0,0,0,0,0,0,1,0,0,1,0.0,0,refactor_cleanup,preventive,Human,2,0.14285714285714285,4,1,1,2,2,1,1,skeletonlabs/skeleton,334,13d00885c41402a11ea7ea75f638619dabfc89e8,simplify,0.0,0,1.0,1.0,6
45,0.8636363636363636,2,0.12,9,0.5,0.6666666666666666,hugokorteapple@gmail.com,1.0,1.0,0.5,0.6666666666666666,16,1.0,1.0,1.0,1.0,12,0.06030150753768844,8,1.0,2,0,3,0,2,0.0,0,1,0.0,36.0,14,0,0,7.0,0.07142857142857142,1,14,13,2,11,2025-10-05T16:51:09+00:00,0,1,0.9285714285714286,0.5,0,1,32,0.34375,3,22.5,0.24879807692307693,0.0,1.5,4.0,29,0,0,0,0,0,0,0,0,0,0,0,5,0.0,0,build_config_ci,management,Human,6,0.6222222222222222,28,1,2,21,21,4,4,skeletonlabs/skeleton,334,ba542e686a8baa000ef7a624e674017c83eac73a,remove meta from build output,0.0,0,0.5,0.5,6
66,0.8636363636363636,2,0.13157894736842105,10,nan,nan,hugokorteapple@gmail.com,nan,nan,nan,nan,17,nan,nan,nan,nan,13,0.065,8,1.0,1,0,0,0,1,0.0,1,0,0.0,22.0,4,1,0,5.0,0.0,0,5,5,1,11,2025-10-05T17:02:59+00:00,nan,1,1.0,0.0,0,1,66,0.07575757575757576,3,66.0,0.07575757575757576,0.0,3.0,3.0,72,0,1,0,0,0,0,0,0,0,0,0,11,0.0,0,,,,2,1.8333333333333333,121,1,0,0,0,0,0,skeletonlabs/skeleton,334,165cf072f4613dc05c1e2e92324769589d26ae72,"remove double run of generate-type-documentation, what a stupid mistakes",0.0,0,0.0,0.0,6
484,0.9545454545454546,1,0.7142857142857143,55,0.3333333333333333,0.20588235294117646,63101006+hugos68@users.noreply.github.com,0.5,0.5,0.3333333333333333,0.20588235294117646,17,0.0,0.0,0.0,0.0,134,0.6666666666666666,289,0.75,3,0,2,1,3,0.0,0,0,0.0,43.08571428571429,35,10,0,12.333333333333334,0.5675675675675675,21,37,16,4,11,2025-10-05T17:51:17+00:00,0,2,1.0,0.6666666666666666,0,1,417,0.5625,6,161.33333333333334,0.2463100947813178,0.0,4.333333333333333,4.25,34,0,1,0,1,0,1,0,0,0,0,0,5,0.0,0,documentation,perfective,Human,5,0.047520661157024795,23,1,2,34,34,6,6,skeletonlabs/skeleton,334,849d3b21fbee68b5bb349c9b2d2cce216f62d404,docs: fix hydration errors (#3867),0.0,0,0.6666666666666666,0.6666666666666666,6
76,0.8636363636363636,2,0.14102564102564102,11,nan,nan,hugokorteapple@gmail.com,nan,nan,nan,nan,18,nan,nan,nan,nan,16,0.07766990291262135,8,1.0,1,0,0,0,0,0.0,0,0,0.0,39.142857142857146,7,0,0,7.0,0.8571428571428571,6,7,1,1,11,2025-10-05T18:46:59+00:00,nan,1,1.0,0.0,0,1,76,0.09210526315789473,5,76.0,0.09210526315789473,0.0,5.0,5.0,16,0,0,0,0,0,0,0,0,0,0,0,2,0.0,0,refactor_cleanup,preventive,Human,0,0.0,0,1,0,0,0,0,0,skeletonlabs/skeleton,334,15ec9601c7f7a3e1a9cd19c1ca9c472392de5db2,surpress warning,0.0,0,0.0,0.0,6
48,0.9545454545454546,1,0.7088607594936709,56,0.5,0.32432432432432434,63101006+hugos68@users.noreply.github.com,1.0,1.0,0.5,0.32432432432432434,20,1.0,1.0,0.0,0.0,137,0.6618357487922706,289,0.3333333333333333,1,0,0,0,0,0.0,0,1,0.0,17.90909090909091,11,0,0,11.0,0.18181818181818182,2,11,9,3,11,2025-10-05T20:41:52+00:00,0,1,0.5454545454545454,1.0,0,1,48,0.125,0,48.0,0.125,0.125,0.0,3.3333333333333335,32,0,0,0,0,0,1,0,0,0,0,0,5,0.0,0,refactor_cleanup,preventive,Human,4,0.3541666666666667,17,1,2,37,37,6,6,skeletonlabs/skeleton,334,9cab09600c786f4c9ab273ae03ee27aa115da9b3,chore: remove astro-icon (#3871),0.0,0,1.0,1.0,6
46,0.8636363636363636,2,0.15,12,0.42857142857142855,0.5813953488372093,hugokorteapple@gmail.com,1.0,1.0,0.42857142857142855,0.5813953488372093,21,0.0,0.0,1.0,1.0,17,0.08173076923076923,8,0.5,1,0,0,0,0,0.0,0,0,0.0,14.75,4,0,0,4.0,0.25,1,4,3,2,11,2025-10-05T21:02:06+00:00,0,2,1.0,1.0,0,1,46,0.08695652173913043,0,46.0,0.08695652173913043,0.13043478260869565,0.0,3.5,43,0,0,0,0,0,0,0,0,0,0,0,6,0.0,0,bug_fix,corrective,Human,3,0.2826086956521739,13,1,2,43,43,7,7,skeletonlabs/skeleton,334,69ebe0cb135517f4a99f98c4a29d37fc431f5238,finally fixed those darn hydration problems,0.0,0,1.0,1.0,6
31,0.85,2,0.1625,13,nan,nan,hugokorteapple@gmail.com,nan,nan,nan,nan,10,nan,nan,nan,nan,18,0.0861244019138756,9,1.0,1,0,0,0,0,0.0,0,0,0.0,51.4,5,1,0,5.0,0.8,4,5,1,1,10,2025-10-06T10:59:06+00:00,nan,1,1.0,0.0,0,0,31,0.16129032258064516,1,31.0,0.16129032258064516,0.0,1.0,8.0,43,0,0,1,0,0,0,0,0,0,0,0,7,0.0,0,feature,perfective,Human,0,0.0,0,1,0,0,0,0,0,skeletonlabs/skeleton,335,63bd5d0a7d6e2db156fd2f5580826f3706241dbd,add loader to treeview lazy loading example,0.0,0,0.0,0.0,0
92,0.95,1,0.7037037037037037,57,0.5555555555555556,0.5915492957746479,63101006+hugos68@users.noreply.github.com,1.0,1.0,0.5454545454545454,0.4424778761061947,12,0.5,0.5,0.5,0.0,139,0.6587677725118484,290,0.125,2,0,0,0,0,0.0,0,10,0.0,60.77777777777778,18,0,0,9.0,0.7777777777777778,14,18,4,16,10,2025-10-06T12:13:12+00:00,0,2,0.16666666666666666,1.0,0,0,47,0.0425531914893617,9,46.0,0.03238770685579196,0.14113475177304963,4.5,4.875,19,0,0,0,0,0,1,0,0,0,0,0,3,0.0,0,dependency_update,adaptive,Human,2,0.13043478260869565,12,1,2,71,71,9,9,skeletonlabs/skeleton,335,2178980a6ebc5cdc4adf3be2fa4d4968fb6fb9a1,chore: knip (#3874),0.0,0,1.0,1.0,0
177,0.95,1,0.7073170731707317,58,1.0,1.0,63101006+hugos68@users.noreply.github.com,1.0,1.0,1.0,1.0,12,1.0,1.0,1.0,1.0,140,0.660377358490566,290,0.2857142857142857,2,0,0,0,0,0.0,0,0,0.0,16.4,5,1,0,3.5,0.2857142857142857,2,7,5,7,10,2025-10-06T12:16:59+00:00,20,1,1.0,0.5,0,0,169,0.125,25,88.5,0.08025147928994084,0.026627218934911243,12.5,6.285714285714286,32,0,0,1,0,0,1,0,0,0,0,0,5,0.0,0,feature,perfective,Human,2,0.1016949152542373,18,1,1,58,62,3,4,skeletonlabs/skeleton,335,67507c68dfd0cc1c945312b495f9dbdacf3011ce,feat: migrate skeleton-4 (#3872),0.14285714285714285,1,0.5,0.5,0
248,0.85,2,0.1686746987951807,14,0.0,0.0,hugokorteapple@gmail.com,0.0,0.0,0.0,0.0,12,0.0,0.0,0.0,0.0,19,0.0892018779342723,9,1.0,2,0,0,0,0,0.0,0,0,0.3333333333333333,89.16666666666667,12,4,0,6.0,0.5,6,12,6,2,10,2025-10-06T12:25:32+00:00,0,1,1.0,0.5,0,0,166,0.07317073170731707,25,124.0,0.054657655010285036,0.06369379958859829,16.5,7.0,6,0,0,0,0,0,0,0,0,0,0,0,1,0.0,0,documentation,perfective,Human,1,0.3911290322580645,97,1,1,64,68,4,5,skeletonlabs/skeleton,335,583742ee0ea6f49b2a280ba37a48abf9c60c510f,update,0.0,0,0.5,0.5,0
162,0.85,2,0.17857142857142858,15,0.6666666666666666,0.5128205128205128,hugokorteapple@gmail.com,1.0,1.0,0.6666666666666666,0.5128205128205128,15,1.0,1.0,1.0,1.0,20,0.09345794392523364,9,1.0,1,0,0,0,0,0.0,0,0,0.3333333333333333,84.5,6,10,0,6.0,0.5,3,6,3,1,10,2025-10-06T15:32:51+00:00,1,1,1.0,1.0,0,0,162,0.037037037037037035,11,162.0,0.037037037037037035,0.024691358024691357,11.0,5.0,17,0,0,0,0,0,0,0,0,0,0,0,3,0.0,0,unknown,unknown,Human,1,0.037037037037037035,6,1,2,39,39,6,6,skeletonlabs/skeleton,335,512ed3b4461d5cea6f4e83a5d5945a840f1b899a,media query magic,0.0,0,1.0,1.0,0
535,0.95,1,0.6941176470588235,59,0.7692307692307693,0.8813559322033898,63101006+hugos68@users.noreply.github.com,0.6,0.8333333333333334,0.7894736842105263,0.5589123867069486,13,0.4,0.5,0.6,0.6666666666666666,142,0.6574074074074074,291,0.5625,9,0,28,3,15,0.016129032258064516,0,9,0.016129032258064516,44.774193548387096,124,23,0,14.11111111111111,0.6614173228346457,84,127,43,16,10,2025-10-07T13:17:11+00:00,1,1,0.952755905511811,0.4444444444444444,0,0,166,0.625,25,59.44444444444444,0.24121663339180133,0.04924023341506663,10.11111111111111,6.625,45,0,0,1,0,0,1,0,0,0,0,0,7,0.0,0,feature,perfective,Human,2,0.018691588785046728,10,1,3,102,118,5,7,skeletonlabs/skeleton,336,3aa6e62dcaa329b8ad46a733478153974320ef7a,feat: migrate skeleton 4 source files (#3878),0.125,2,0.5555555555555556,0.6666666666666666,1
337,0.75,3,0.03488372093023256,3,0.0,0.0,gundamx9740@gmail.com,0.0,0.0,0.0,0.0,17,0.0,0.0,0.0,0.0,28,0.12844036697247707,329,0.6153846153846154,8,0,0,0,1,0.0,0,0,0.02857142857142857,46.628571428571426,35,15,0,4.375,0.45714285714285713,16,35,19,13,10,2025-10-07T17:25:51+00:00,1,2,0.7714285714285715,0.25,0,0,162,0.2857142857142857,11,42.125,0.16042250233426703,0.0030864197530864196,1.625,7.153846153846154,31,0,1,0,0,0,1,0,0,0,0,0,5,0.0,0,documentation,perfective,Human,1,0.017804154302670624,6,1,2,75,75,8,8,skeletonlabs/skeleton,336,b599260c41276aa88ca0c71d6ec3c77c281d0bcc,QA and Doc improvements (#3879),0.0,0,0.25,0.25,1
25,0.85,2,0.1839080459770115,16,nan,nan,hugokorteapple@gmail.com,nan,nan,nan,nan,14,nan,nan,nan,nan,22,0.09954751131221719,11,1.0,1,0,0,0,3,0.0,0,0,0.0,48.666666666666664,12,2,0,12.0,0.9166666666666666,11,12,1,1,10,2025-10-08T14:28:20+00:00,nan,1,1.0,0.0,0,0,25,0.48,5,25.0,0.48,0.0,5.0,4.0,34,0,0,0,0,0,0,0,0,0,0,0,5,0.0,0,refactor_cleanup,preventive,Human,0,0.0,0,1,0,0,0,0,0,skeletonlabs/skeleton,337,f7bce269269ad0b854604d902e89474d4ea9e377,update order for framework entries,0.0,0,0.0,0.0,2
74,0.95,1,0.6818181818181818,60,1.0,1.0,63101006+hugos68@users.noreply.github.com,1.0,1.0,1.0,1.0,14,1.0,1.0,1.0,1.0,145,0.6531531531531531,292,1.0,2,0,0,0,0,0.0,0,0,0.25,64.75,4,0,0,2.0,0.5,2,4,2,2,10,2025-10-08T14:54:24+00:00,11,1,1.0,0.5,0,0,54,0.1,0,37.0,0.06851851851851852,0.0,0.0,6.0,26,0,0,0,0,0,1,0,0,0,0,0,4,0.0,0,dependency_update,adaptive,Human,9,1.5135135135135136,112,1,1,20,20,3,3,skeletonlabs/skeleton,337,a9284e64c78a1c23d38f526e01fdfef690347346,chore: update deps (#3888),0.0,0,0.5,0.5,2
52,0.85,2,0.19101123595505617,17,0.4444444444444444,0.6041666666666666,hugokorteapple@gmail.com,1.0,1.0,0.4444444444444444,0.6041666666666666,22,0.0,0.0,1.0,1.0,23,0.1031390134529148,11,1.0,1,0,0,0,2,0.0,0,0,0.0,30.11111111111111,9,1,0,9.0,0.8888888888888888,8,9,1,1,10,2025-10-08T22:13:19+00:00,2,1,1.0,1.0,0,0,52,0.17307692307692307,2,52.0,0.17307692307692307,0.11538461538461539,2.0,2.0,76,1,0,0,0,0,0,0,0,0,0,0,12,0.0,0,build_config_ci,management,Human,1,0.057692307692307696,3,1,2,48,48,9,9,skeletonlabs/skeleton,338,c3f54f52972798f8c35aa9a932a3ca2c2a159888,disable warnings for astro site due to multiple lucide packages being active,0.0,0,1.0,1.0,2
118,0.85,2,0.2,18,0.75,0.9603960396039604,hugokorteapple@gmail.com,0.6666666666666666,1.0,0.8333333333333334,0.9672131147540983,8,0.6666666666666666,0.6666666666666666,0.6666666666666666,1.0,24,0.10714285714285714,12,1.0,3,0,0,0,0,0.0,0,0,0.16666666666666666,102.66666666666667,6,6,0,2.0,0.5,3,6,3,3,10,2025-10-09T08:23:17+00:00,3,1,1.0,1.0,0,0,54,0.07142857142857142,1,39.333333333333336,0.054673721340388004,0.0,0.6666666666666666,5.0,17,0,0,0,0,0,0,0,0,0,0,0,2,0.0,0,style_formatting,preventive,Human,1,0.01694915254237288,2,1,2,101,101,3,3,skeletonlabs/skeleton,338,a9e9848cdc4f414c309b69557bf203090488983b,better indidcator,0.0,0,1.0,1.0,3
223,0.95,1,0.6703296703296703,61,1.0,1.0,63101006+hugos68@users.noreply.github.com,1.0,1.0,1.0,1.0,9,1.0,1.0,1.0,1.0,146,0.6488888888888888,293,0.07692307692307693,2,0,0,4,0,0.0,0,0,0.0,39.22857142857143,35,73,0,17.5,0.7714285714285715,27,35,8,26,10,2025-10-09T09:21:39+00:00,25,1,1.0,0.5,0,0,177,0.30434782608695654,9,111.5,0.21149594694178336,0.01977401129943503,5.5,4.769230769230769,22,0,0,0,0,0,1,0,0,1,0,0,3,0.0,0,refactor_cleanup,preventive,Human,0,0.0,0,1,1,4,4,1,1,skeletonlabs/skeleton,338,7e830ee1946ef07327a5e776d76cfd71b52ad2a8,chore: cleanup (#3892),0.0,0,0.5,0.5,3
126,0.95,1,0.6739130434782609,62,nan,nan,63101006+hugos68@users.noreply.github.com,nan,0.0,0.0,0.0,21,nan,0.0,nan,0.0,147,0.6504424778761062,293,3.0,3,0,16,16,15,0.0,0,0,0.0,34.1055900621118,161,8,0,56.0,0.5595238095238095,94,168,74,1,10,2025-10-09T21:01:25+00:00,nan,1,1.0,0.0,0,0,88,3.75,14,42.0,1.9545454545454544,0.0,6.666666666666667,4.0,29,0,1,0,0,0,1,0,0,0,0,0,4,0.0,0,documentation,perfective,Human,1,0.031746031746031744,4,1,0,0,0,0,0,skeletonlabs/skeleton,338,a981636ff4a5dc602ab6ff95a051decd06fd6c55,docs: llms refinement (#3903),0.0,0,0.0,1.0,3
25,0.95,1,0.6774193548387096,63,0.0,0.0,63101006+hugos68@users.noreply.github.com,0.0,0.0,0.0,0.0,15,0.0,0.0,0.0,0.0,148,0.6519823788546255,294,1.0,1,0,0,0,0,0.0,0,0,1.0,334.5,2,16,0,2.0,0.5,1,2,1,1,10,2025-10-10T15:00:47+00:00,5,1,1.0,1.0,0,0,25,0.08,0,25.0,0.08,0.0,0.0,5.0,33,0,1,0,1,0,1,0,0,0,0,0,5,0.0,0,documentation,perfective,Human,0,0.0,0,1,1,2,2,1,1,skeletonlabs/skeleton,339,bbc5f73b0006aa0ea45cf50435f23bfe1cebb693,docs: fix floating drawer (#3904),0.0,0,1.0,1.0,4
28,0.75,3,0.0425531914893617,4,0.0,0.0,gundamx9740@gmail.com,0.0,0.0,0.0,0.0,22,0.0,0.0,0.0,0.0,29,0.12663755458515283,333,0.3333333333333333,1,0,0,0,0,0.0,0,0,0.5,122.5,2,2,0,2.0,0.5,1,2,1,3,10,2025-10-10T22:52:52+00:00,1,2,1.0,1.0,0,0,28,0.07142857142857142,0,28.0,0.07142857142857142,0.0,0.0,3.6666666666666665,27,0,1,0,0,0,1,0,0,0,0,0,4,0.0,0,documentation,perfective,Human,0,0.0,0,1,1,28,28,3,3,skeletonlabs/skeleton,340,b0eb0f84bf181e8cb091f1484030f350a9a21848,Docs: Showcase page (#3910),0.0,0,1.0,1.0,4
53,0.95,1,0.6736842105263158,64,nan,nan,63101006+hugos68@users.noreply.github.com,nan,nan,nan,nan,17,nan,nan,nan,nan,150,0.6521739130434783,295,1.0,2,0,0,6,8,0.0,0,0,0.05,49.9,20,2,0,10.0,0.4,8,20,12,2,10,2025-10-11T17:18:46+00:00,nan,1,1.0,0.0,0,1,39,0.38461538461538464,8,26.5,0.3708791208791209,0.0,6.0,8.0,51,0,0,0,1,0,1,0,0,0,0,0,8,0.0,0,bug_fix,corrective,Human,0,0.0,0,1,0,0,0,0,0,skeletonlabs/skeleton,340,f9f3bd0cffd7b91f769b5dc7492b55daf2362ec7,fix: migrate skeleton-4 object property bug (#3913),0.0,0,0.0,0.0,5
22,0.95,1,0.6770833333333334,65,1.0,1.0,63101006+hugos68@users.noreply.github.com,1.0,1.0,1.0,1.0,15,1.0,1.0,1.0,1.0,151,0.6536796536796536,297,1.0,1,0,0,0,0,0.0,0,0,0.0,30.0,2,2,0,2.0,0.5,1,2,1,1,10,2025-10-13T15:13:54+00:00,6,1,1.0,1.0,0,0,22,0.09090909090909091,7,22.0,0.09090909090909091,0.0,7.0,8.0,33,0,0,0,0,0,1,0,0,0,0,0,6,0.0,0,test,preventive,Human,0,0.0,0,1,1,2,2,1,1,skeletonlabs/skeleton,342,adfc55333b8ac4f3a6582d7398766e2450657834,chore: prep `main` for V4 (#3908),0.0,0,1.0,1.0,0
21,0.95,1,0.6804123711340206,66,1.0,1.0,63101006+hugos68@users.noreply.github.com,1.0,1.0,0.5,0.9333333333333333,8,1.0,1.0,1.0,1.0,152,0.6551724137931034,298,1.0,1,0,0,0,0,0.0,0,0,0.5,73.0,4,0,0,4.0,0.75,3,4,1,1,10,2025-10-14T08:26:56+00:00,4,1,1.0,1.0,0,0,21,0.19047619047619047,2,21.0,0.19047619047619047,0.0,2.0,4.0,43,0,1,0,0,0,1,0,0,0,0,0,7,0.0,0,documentation,perfective,Human,0,0.0,0,1,1,26,26,1,1,skeletonlabs/skeleton,343,d58342cbab74f347902f7993d53c75457f3d5825,docs: llm better non textual filter (#3930),0.0,0,1.0,1.0,1
55,0.95,1,0.6836734693877551,67,0.5,0.3333333333333333,63101006+hugos68@users.noreply.github.com,1.0,1.0,0.5,0.3333333333333333,8,0.0,0.0,0.0,0.0,153,0.6566523605150214,298,0.3333333333333333,1,0,0,0,0,0.0,0,1,0.0,28.0,2,0,0,4.0,1.0,4,4,0,3,10,2025-10-14T08:59:58+00:00,5,2,0.75,1.0,0,0,55,0.05454545454545454,2,55.0,0.05454545454545454,0.10909090909090909,2.0,3.6666666666666665,22,0,1,0,0,0,1,0,0,0,0,0,4,0.0,0,documentation,perfective,AI,0,0.0,0,1,2,57,57,10,10,skeletonlabs/skeleton,343,b018cf4998aac4762dc98024639fe0deec14fd31,docs: ssr news (#3931),0.0,0,1.0,1.0,1
103,0.95,1,0.6868686868686869,68,0.3333333333333333,0.5365853658536586,63101006+hugos68@users.noreply.github.com,1.0,1.0,0.3333333333333333,0.5365853658536586,22,0.0,0.0,1.0,1.0,156,0.6610169491525424,298,1.0,1,0,0,0,0,0.0,0,0,0.0,32.0,2,0,0,2.0,0.5,1,2,1,1,10,2025-10-14T22:40:27+00:00,14,1,1.0,1.0,0,0,103,0.019417475728155338,1,103.0,0.019417475728155338,0.009708737864077669,1.0,3.0,35,0,0,0,1,0,1,0,0,0,0,0,5,0.0,0,bug_fix,corrective,Human,2,0.02912621359223301,3,1,2,2,82,1,3,skeletonlabs/skeleton,344,d2b93ed1fe55971ee6fcb70dad29e93a7c6d0419,chore: fix contributor type (#3946),0.0,0,1.0,1.0,1
102,0.95,1,0.69,69,0.5,0.5476190476190477,63101006+hugos68@users.noreply.github.com,1.0,1.0,0.5,0.5476190476190477,22,1.0,1.0,1.0,1.0,157,0.6624472573839663,298,1.0,1,1,0,0,0,1.0,0,0,0.0,92.0,1,0,0,1.0,0.0,0,1,1,1,10,2025-10-14T22:43:23+00:00,0,1,1.0,1.0,0,0,102,0.00980392156862745,1,102.0,0.00980392156862745,0.0,1.0,3.0,37,0,0,0,0,0,1,0,0,0,0,0,6,0.0,0,,,,1,0.0196078431372549,2,1,2,4,84,2,4,skeletonlabs/skeleton,344,e94a16614969cb39d5cd9b9816e8dedb315c269d,chore: remove ts expect error (#3947),0.0,0,1.0,1.0,1
10,0.95,1,0.693069306930693,70,nan,nan,63101006+hugos68@users.noreply.github.com,nan,nan,nan,nan,17,nan,nan,nan,nan,158,0.6638655462184874,299,0.5,1,0,0,0,0,0.0,0,0,0.0,35.625,8,0,0,8.0,0.5,4,8,4,2,10,2025-10-15T17:49:57+00:00,nan,2,1.0,0.0,0,0,10,0.8,0,10.0,0.8,0.0,0.0,7.0,65,0,0,0,1,0,1,0,0,0,0,0,8,0.0,0,bug_fix,corrective,Human,0,0.0,0,1,0,0,0,0,0,skeletonlabs/skeleton,344,9d31382f2d8026b35cb1e5b00177cd8b112203b9,fix(skeleton-svelte): SegmentedControl props not reactive (#3974),0.0,0,0.0,0.0,2
25,0.95,1,0.696078431372549,71,nan,nan,63101006+hugos68@users.noreply.github.com,nan,nan,nan,nan,13,nan,nan,nan,nan,160,0.6666666666666666,300,0.3333333333333333,1,1,0,0,0,0.25,0,0,0.0,25.0,4,0,0,4.0,0.75,3,4,1,3,10,2025-10-16T13:50:58+00:00,nan,1,1.0,0.0,0,0,25,0.16,0,25.0,0.16,0.04,0.0,4.0,34,0,1,0,0,0,1,0,0,0,0,0,4,1.0,1,documentation,perfective,AI,0,0.0,0,1,0,0,0,0,0,skeletonlabs/skeleton,345,56eeed7b45a96a3f3a19bd91537756c3ec2fc5d4,docs: general improvements (#3981),0.0,0,0.0,0.0,3
92,0.95,1,0.6990291262135923,72,nan,nan,63101006+hugos68@users.noreply.github.com,nan,1.0,1.0,1.0,14,nan,1.0,nan,1.0,162,0.6694214876033058,301,0.8,4,0,0,0,0,0.0,0,0,0.0,52.421052631578945,19,0,0,5.25,0.6666666666666666,14,21,7,5,10,2025-10-17T14:01:27+00:00,nan,1,1.0,0.0,0,0,27,0.46153846153846156,3,23.0,0.2574786324786325,0.009615384615384616,0.75,4.2,31,0,1,0,0,0,1,0,0,0,0,0,4,0.25,1,documentation,perfective,AI,0,0.0,0,1,0,0,0,0,0,skeletonlabs/skeleton,346,587da06107129d76f37227da9dbb9a8e22964fbc,docs: preview component (#3980),0.0,0,0.0,0.25,4
16,0.95,1,0.7019230769230769,73,nan,nan,63101006+hugos68@users.noreply.github.com,nan,nan,nan,nan,14,nan,nan,nan,nan,163,0.6707818930041153,301,1.0,1,0,0,0,0,0.0,0,0,0.0,34.333333333333336,9,3,0,9.0,0.4444444444444444,4,9,5,1,10,2025-10-17T14:03:31+00:00,nan,1,1.0,0.0,0,0,16,0.5625,0,16.0,0.5625,0.0,0.0,3.0,30,0,1,0,0,0,1,0,0,0,0,0,4,1.0,1,documentation,perfective,AI,0,0.0,0,1,0,0,0,0,0,skeletonlabs/skeleton,346,2cf0a195398f97cc1224915823b00ffb5b22e787,docs: framework picker (#3977),0.0,0,0.0,0.0,4
23,0.95,1,0.7047619047619048,74,nan,nan,63101006+hugos68@users.noreply.github.com,nan,nan,nan,nan,22,nan,nan,nan,nan,166,0.6747967479674797,304,0.3333333333333333,1,0,0,0,0,0.0,0,0,0.25,101.75,4,0,0,4.0,0.5,2,4,2,3,10,2025-10-20T22:18:24+00:00,nan,2,1.0,0.0,0,0,23,0.17391304347826086,0,23.0,0.17391304347826086,0.0,0.0,6.0,61,0,0,0,1,0,1,0,0,0,0,0,9,0.0,0,bug_fix,corrective,Human,2,0.43478260869565216,10,1,0,0,0,0,0,skeletonlabs/skeleton,350,3813a1953ddd65b7c7dac3831170d8a1d4bc8aeb,fix: viewProps being expected to always being defined (#4001),0.0,0,0.0,0.0,0
59,0.95,1,0.7075471698113207,75,1.0,1.0,63101006+hugos68@users.noreply.github.com,1.0,1.0,1.0,1.0,22,1.0,1.0,1.0,1.0,168,0.6774193548387096,307,0.5,1,0,0,0,0,0.0,0,2,0.0,29.733333333333334,15,0,0,15.0,0.6666666666666666,10,15,5,2,10,2025-10-23T22:37:53+00:00,15,1,0.8666666666666667,1.0,0,0,59,0.22033898305084745,0,59.0,0.22033898305084745,0.0,0.0,5.5,45,0,0,0,1,0,1,0,0,0,0,0,6,0.0,0,bug_fix,corrective,Human,7,1.4406779661016949,85,1,1,18,22,3,4,skeletonlabs/skeleton,353,5b39abc4d70962bd2d7e8c705066b777d5394702,fix incorrectly placed ghost elements (#4020),0.0,0,1.0,1.0,3
26,0.0,11,0.0,0,0.0,0.0,198982749+copilot@users.noreply.github.com,0.0,0.0,0.0,0.0,14,0.0,0.0,0.0,0.0,0,0.0,0,0.5,2,0,0,0,2,0.0,4,2,0.1111111111111111,57.55555555555556,18,0,0,9.0,0.7777777777777778,14,18,4,4,10,2025-10-28T14:30:00+00:00,21,1,0.8888888888888888,0.5,0,0,13,0.6153846153846154,2,13.0,0.6153846153846154,0.0,2.0,8.0,54,0,0,0,0,0,1,0,0,0,0,0,8,0.0,0,dependency_update,adaptive,AI,0,0.0,0,1,1,6,6,1,1,skeletonlabs/skeleton,357,031b2963f795c591f518c449f5a167e5d2812afc,Handle invalid CSS gracefully in CLI migration (#4034),0.0,0,0.5,1.0,1
137,0.0,12,0.0,0,nan,nan,eric.branson@gmail.com,nan,nan,nan,nan,18,nan,nan,nan,nan,0,0.0,0,0.36363636363636365,4,4,0,0,0,0.0,0,2,0.0,32.69444444444444,36,0,0,10.0,1.0,40,40,0,11,11,2025-10-28T18:29:20+00:00,nan,2,0.8,0.0,0,0,50,0.28,0,34.25,0.2016666666666667,0.0,0.0,5.2727272727272725,60,0,0,1,0,0,1,0,0,0,0,0,10,0.5,2,feature,perfective,Human,0,0.0,0,1,0,0,0,0,0,skeletonlabs/skeleton,357,48f0f7d0662c982966d17f62736fb8b66c08a291,feature: First Page and Last Page buttons for svelte (#3987),0.2727272727272727,3,0.0,0.0,1
28,0.9583333333333334,1,0.6972477064220184,76,nan,nan,63101006+hugos68@users.noreply.github.com,nan,nan,nan,nan,15,nan,nan,nan,nan,170,0.6746031746031746,313,0.14285714285714285,1,0,0,0,0,0.0,0,2,0.0,38.34782608695652,23,0,0,23.0,0.782608695652174,18,23,5,7,12,2025-10-29T15:46:07+00:00,nan,2,0.34782608695652173,0.0,0,0,28,0.2857142857142857,0,28.0,0.2857142857142857,0.0,0.0,5.714285714285714,38,0,0,1,1,0,1,0,0,0,0,0,5,0.0,0,bug_fix,corrective,Human,0,0.0,0,1,0,0,0,0,0,skeletonlabs/skeleton,358,9d367e2d888ef4f77cf0e72f09961015375bbf9a,fix: support generics treeview (#4040),0.0,0,0.0,0.0,2
100,0.9583333333333334,1,0.7,77,0.0,0.0,63101006+hugos68@users.noreply.github.com,0.0,0.0,0.0,0.0,12,0.0,0.0,0.0,0.0,171,0.6732283464566929,325,3.0,3,0,2,0,0,0.3333333333333333,0,0,0.6666666666666666,101.16666666666667,6,0,0,2.0,0.5,3,6,3,1,12,2025-11-10T12:15:02+00:00,35,1,1.0,0.0,0,0,66,0.13333333333333333,3,33.333333333333336,0.08963317384370016,0.022222222222222223,2.3333333333333335,3.0,31,1,0,0,1,0,1,0,0,0,0,0,5,0.0,0,bug_fix,corrective,Human,3,1.59,159,1,1,0,5,0,1,skeletonlabs/skeleton,370,c205f85cd605c598e78d42dac04ff4d5225dfd5e,chore: fix package.json (#4070),0.0,0,0.3333333333333333,1.0,0
13,0.9583333333333334,1,0.7027027027027027,78,nan,nan,63101006+hugos68@users.noreply.github.com,nan,1.0,1.0,1.0,12,nan,1.0,nan,1.0,172,0.6745098039215687,325,1.0,1,0,4,0,0,0.0,0,0,0.0,19.0,5,0,0,6.0,0.3333333333333333,2,6,4,1,12,2025-11-10T12:30:04+00:00,nan,1,1.0,0.0,0,0,13,0.46153846153846156,1,13.0,0.46153846153846156,0.0,1.0,3.0,19,0,0,0,1,0,1,0,0,0,0,0,4,0.0,0,bug_fix,corrective,Human,0,0.0,0,1,0,0,0,0,0,skeletonlabs/skeleton,370,15e8e4b7cf63b75b7afaef75b00f1706cec236e0,fix cli bin (#4072),0.0,0,0.0,1.0,0
5,0.9583333333333334,1,0.7053571428571429,79,nan,nan,63101006+hugos68@users.noreply.github.com,nan,1.0,1.0,1.0,12,nan,1.0,nan,1.0,173,0.67578125,325,1.0,1,0,0,0,0,0.0,0,0,0.0,15.0,1,0,0,2.0,1.0,2,2,0,1,12,2025-11-10T12:48:54+00:00,nan,1,1.0,0.0,0,0,5,0.4,0,5.0,0.4,0.0,0.0,3.0,18,0,0,0,0,0,1,0,0,0,0,0,3,0.0,0,feature,perfective,Human,0,0.0,0,1,0,0,0,0,0,skeletonlabs/skeleton,370,c45847f8ac075ebff104ea20a257d9e78873e914,export cli (#4073),0.0,0,0.0,1.0,0
16,0.9583333333333334,1,0.7079646017699115,80,1.0,1.0,63101006+hugos68@users.noreply.github.com,1.0,1.0,0.5,0.5454545454545454,13,1.0,1.0,1.0,1.0,174,0.6770428015564203,325,1.0,1,0,2,0,0,0.3333333333333333,0,0,0.16666666666666666,62.333333333333336,6,0,0,6.0,0.5,3,6,3,1,12,2025-11-10T13:09:08+00:00,0,1,1.0,1.0,0,0,16,0.375,3,16.0,0.375,0.0625,3.0,3.0,23,0,0,0,1,0,1,0,0,0,0,0,4,0.0,0,bug_fix,corrective,Human,1,0.6875,11,1,1,2,2,1,1,skeletonlabs/skeleton,370,c6f2f8fe62a802207ff76c6fc8a56f7335a9efae,fix class value (#4074),0.0,0,1.0,1.0,0
1049,0.9583333333333334,1,0.7105263157894737,81,0.8181818181818182,0.8253968253968254,63101006+hugos68@users.noreply.github.com,0.8333333333333334,0.8,0.8947368421052632,0.9230769230769231,16,0.8333333333333334,0.8,0.6666666666666666,0.8,176,0.6795366795366795,325,0.16517857142857142,37,0,37,8,12,0.014619883040935672,5,0,0.04678362573099415,46.77485380116959,342,121,1,9.621621621621621,0.5028089887640449,179,356,177,224,12,2025-11-10T16:16:12+00:00,0,2,0.9662921348314607,0.05405405405405406,0,0,174,1.6081081081081081,3,28.35135135135135,0.318578824697424,0.0023707918444760548,0.4594594594594595,7.066964285714286,17,0,1,0,0,0,1,0,0,0,0,0,3,0.02702702702702703,1,documentation,perfective,Human,7,0.11058150619637751,116,1,3,10,63,2,6,skeletonlabs/skeleton,370,2813428b83561c0632a23298051f0b82f3e7e80d,docs: new (#3991),0.008928571428571428,2,0.16216216216216217,0.1388888888888889,0
17,0.9583333333333334,1,0.7130434782608696,82,nan,nan,63101006+hugos68@users.noreply.github.com,nan,nan,nan,nan,19,nan,nan,nan,nan,177,0.6807692307692308,325,0.5,1,0,0,0,0,0.0,0,2,0.0,35.5,4,0,0,4.0,0.5,2,4,2,2,12,2025-11-10T19:05:07+00:00,nan,1,1.0,0.0,0,0,17,0.23529411764705882,1,17.0,0.23529411764705882,0.0,1.0,5.0,62,0,1,0,0,0,1,0,0,0,0,0,9,0.0,0,documentation,perfective,Human,0,0.0,0,1,0,0,0,0,0,skeletonlabs/skeleton,370,07a970f82dc8375fb195c53d4720a695a8737675,"docs(llms): only remove mdxjsEsm, perserve other nodes (#4080)",0.0,0,0.0,0.0,0
110,0.9583333333333334,1,0.7155172413793104,83,1.0,1.0,63101006+hugos68@users.noreply.github.com,1.0,1.0,1.0,1.0,12,1.0,1.0,1.0,1.0,179,0.683206106870229,327,0.6666666666666666,4,0,0,0,0,0.0,0,0,0.0,47.714285714285715,7,0,0,1.75,0.7142857142857143,5,7,2,6,12,2025-11-12T12:38:37+00:00,1,2,0.7142857142857143,0.25,0,0,36,0.08333333333333333,1,27.5,0.047809829059829057,0.0,0.25,7.333333333333333,39,0,0,1,0,0,1,0,0,0,0,0,6,0.0,0,feature,perfective,Human,1,0.00909090909090909,1,1,1,10,10,1,1,skeletonlabs/skeleton,372,e58fba20952fc099fe6f0d408e95b4ecda5fceda,add missing examples and styles (#4093),0.0,0,0.25,0.25,2
310,0.9583333333333334,1,0.717948717948718,84,0.8181818181818182,0.5869565217391305,63101006+hugos68@users.noreply.github.com,1.0,1.0,0.8,0.823045267489712,15,1.0,1.0,1.0,1.0,180,0.6844106463878327,329,1.0,5,0,29,3,21,0.004201680672268907,11,0,0.029411764705882353,37.13865546218487,238,9,1,48.8,0.5573770491803278,136,244,108,5,12,2025-11-14T15:28:17+00:00,4,1,1.0,0.4,0,0,147,1.4625850340136055,15,62.0,0.5547605335152743,0.0,4.4,3.4,24,0,0,0,0,0,1,0,1,0,0,0,4,0.2,1,performance,perfective,Human,5,0.1870967741935484,58,1,2,5,92,3,10,skeletonlabs/skeleton,374,c5c3b2a9531580a137c215a1d50988b81469c676,perf: dev server (#4100),0.0,0,0.6,0.75,4
656,0.7916666666666666,3,0.0423728813559322,5,0.0,0.0,gundamx9740@gmail.com,0.0,0.0,0.0,0.0,17,0.0,0.0,0.0,0.0,30,0.11363636363636363,367,0.8,12,0,0,4,1,0.0,0,0,0.0625,65.28125,32,8,0,2.6666666666666665,0.5,16,32,16,15,12,2025-11-14T17:49:29+00:00,4,2,1.0,0.4166666666666667,0,0,111,0.47058823529411764,2,54.666666666666664,0.13557684636755396,0.0,0.75,7.2,38,0,0,0,0,0,1,0,0,0,0,0,5,0.0,0,documentation,perfective,Human,1,0.003048780487804878,2,1,1,20,20,1,1,skeletonlabs/skeleton,374,605d67314f55bb961903f92c64c947cffb710e94,Finalize beta component styles (#4102),0.0,0,0.4166666666666667,0.4166666666666667,4
7,0.36363636363636365,4,0.00847457627118644,1,0.0,0.0,198982749+copilot@users.noreply.github.com,0.0,0.0,0.0,0.0,17,0.0,0.0,0.0,0.0,1,0.0037735849056603774,20,0.02040816326530612,1,0,0,0,0,0.0,0,3,0.2222222222222222,75.77777777777777,9,8,0,9.0,0.6666666666666666,6,9,3,49,11,2025-11-17T17:13:52+00:00,51,2,0.2222222222222222,0.0,0,0,7,0.2857142857142857,0,7.0,0.2857142857142857,0.0,0.0,5.775510204081633,23,0,0,1,0,0,1,0,0,0,0,0,3,0.0,0,feature,perfective,AI,2,1.4285714285714286,10,1,1,0,12,0,2,skeletonlabs/skeleton,377,44d62ace9f4b59477873765a294f271f898f3465,feature: `Menu` (#4097),0.061224489795918366,3,1.0,1.0,0
58,0.9545454545454546,1,0.7142857142857143,85,nan,nan,63101006+hugos68@users.noreply.github.com,nan,1.0,0.5454545454545454,0.36666666666666664,23,nan,1.0,nan,0.0,181,0.6804511278195489,333,0.5,1,0,1,0,0,0.0,0,2,0.0,20.0,11,0,0,11.0,0.18181818181818182,2,11,9,2,11,2025-11-17T23:52:47+00:00,nan,2,0.8181818181818182,0.0,0,0,58,0.15517241379310345,2,58.0,0.15517241379310345,0.034482758620689655,2.0,2.0,64,0,1,0,1,0,1,0,0,0,0,0,10,0.0,0,documentation,perfective,Human,10,1.0,58,1,0,0,0,0,0,skeletonlabs/skeleton,378,a8b1731fefab8e4886f96b1218b37e014d974c57,docs: fix code.svelte erroring because of missing config (#4110),0.0,0,0.0,1.0,0
58,0.9545454545454546,1,0.7166666666666667,86,1.0,1.0,63101006+hugos68@users.noreply.github.com,1.0,1.0,1.0,1.0,16,1.0,1.0,1.0,1.0,182,0.6791044776119403,333,0.5,1,0,0,1,0,0.12,0,0,0.0,42.52,25,15,1,26.0,0.5384615384615384,14,26,12,2,11,2025-11-18T16:03:11+00:00,25,2,0.7307692307692307,1.0,0,0,58,0.3275862068965517,0,58.0,0.3275862068965517,0.0,0.0,5.0,95,0,0,0,0,0,1,0,0,0,0,0,14,0.0,0,bug_fix,corrective,AI,6,1.1379310344827587,66,1,1,13,35,1,5,skeletonlabs/skeleton,378,7d5845c926cea4b28192b33e2f7ce18c422507cd,bugfix(toast): width collapsing when `position` is set to something other than `center` (#4116),0.0,0,1.0,1.0,1
89,0.9545454545454546,1,0.71900826446281,87,1.0,1.0,63101006+hugos68@users.noreply.github.com,1.0,1.0,1.0,1.0,16,1.0,1.0,1.0,1.0,183,0.6802973977695167,335,0.3,3,0,0,1,0,0.06896551724137931,0,0,0.034482758620689655,37.44827586206897,58,21,1,19.666666666666668,0.288135593220339,17,59,42,10,11,2025-11-20T16:31:31+00:00,2,2,0.864406779661017,0.3333333333333333,0,0,36,1.4242424242424243,0,29.666666666666668,0.5265993265993266,0.0,0.0,7.1,32,0,0,1,0,0,1,0,0,0,0,0,4,0.0,0,feature,perfective,Human,5,0.21348314606741572,19,1,1,32,54,2,6,skeletonlabs/skeleton,380,a085b382a9970a08d049f23e4dcb8c11f3eb4126,feat: toast enhancements (#4126),0.1,1,0.3333333333333333,0.3333333333333333,3
290,0.9545454545454546,1,0.7213114754098361,88,1.0,1.0,63101006+hugos68@users.noreply.github.com,1.0,1.0,1.0,1.0,19,1.0,1.0,1.0,1.0,184,0.6814814814814815,338,0.008565310492505354,4,0,0,0,0,0.0,0,1,0.0,23.652173913043477,23,0,0,6.5,0.6153846153846154,16,26,10,467,11,2025-11-23T19:26:01+00:00,13,3,0.8846153846153846,0.25,0,1,181,0.8333333333333334,0,72.5,0.2749225129434657,0.041666666666666664,0.0,5.404710920770878,35,0,0,0,0,0,1,0,1,0,0,0,4,0.5,2,performance,perfective,AI,0,0.0,0,1,1,2,20,1,5,skeletonlabs/skeleton,383,ad573731f30ae55f18c6b04547f13bc778492e8d,perf: monorepo improvements (#4135),0.27194860813704497,127,0.5,0.5,6
72,0.9545454545454546,1,0.7235772357723578,89,1.0,1.0,63101006+hugos68@users.noreply.github.com,1.0,1.0,1.0,1.0,20,1.0,1.0,1.0,1.0,185,0.6826568265682657,338,0.8571428571428571,6,0,0,0,0,0.0,0,0,0.0,20.0,7,0,0,1.1666666666666667,0.14285714285714285,1,7,6,7,11,2025-11-23T20:16:30+00:00,9,2,1.0,0.16666666666666666,0,1,19,0.16666666666666666,0,12.0,0.10751985587511903,0.0,0.0,2.5714285714285716,42,0,0,0,0,0,1,0,1,1,0,0,6,0.0,0,performance,perfective,Human,1,0.027777777777777776,2,1,1,3,8,1,6,skeletonlabs/skeleton,383,c31284d22be2268f1a71a51e29ea8862483aef2c,task: cleanup monorepo perf issues (#4145),0.0,0,0.16666666666666666,0.5,6
513,0.6818181818181818,4,0.016129032258064516,2,nan,nan,198982749+copilot@users.noreply.github.com,nan,nan,nan,nan,22,nan,nan,nan,nan,3,0.011029411764705883,26,0.6,9,2,5,0,0,0.0,0,0,0.0,30.0,28,0,0,3.3333333333333335,0.8,24,30,6,15,11,2025-11-23T22:25:49+00:00,nan,2,0.9333333333333333,0.0,0,1,92,0.07608695652173914,1,57.0,0.05009681694372962,0.0,0.6666666666666666,6.133333333333334,62,0,0,1,0,0,1,0,0,0,0,0,8,0.2222222222222222,2,bug_fix,corrective,AI,1,0.023391812865497075,12,1,0,0,0,0,0,skeletonlabs/skeleton,384,0cbcb646f74d617599ed1e23be11a42b85e6854b,bugfix: Add missing ClearTrigger component to Combobox (#4147),0.2,3,0.0,0.0,6
371,0.9545454545454546,1,0.72,90,0.0,0.0,63101006+hugos68@users.noreply.github.com,0.0,0.0,0.0,0.0,22,0.0,0.0,0.0,0.0,186,0.6813186813186813,338,1.0,7,0,0,0,0,0.0,0,0,0.0,34.642857142857146,14,7,0,2.0,0.5,7,14,7,7,11,2025-11-23T22:46:18+00:00,0,1,1.0,0.8571428571428571,0,1,65,0.04081632653061224,1,53.0,0.03805436660178557,0.0,1.0,8.0,40,0,1,0,0,0,1,0,0,0,0,0,6,0.0,0,documentation,perfective,Human,0,0.0,0,1,1,13,13,1,1,skeletonlabs/skeleton,384,fe6916b1f0efd14c513f66294cfa2b75bf5bdb17,docs: remove redundant z-indexes (#4150),0.0,0,0.8571428571428571,0.8571428571428571,6
10,0.9545454545454546,1,0.7222222222222222,91,nan,nan,63101006+hugos68@users.noreply.github.com,nan,nan,nan,nan,12,nan,nan,nan,nan,187,0.6824817518248175,339,1.0,1,0,0,0,0,0.2,0,0,0.0,42.4,5,1,1,5.0,0.8,4,5,1,1,11,2025-11-24T12:34:57+00:00,nan,1,1.0,0.0,0,0,10,0.5,0,10.0,0.5,0.1,0.0,5.0,23,0,0,0,1,0,1,0,0,0,0,0,4,0.0,0,bug_fix,corrective,Human,1,0.3,3,1,0,0,0,0,0,skeletonlabs/skeleton,384,f71230065be747e84d707fbc39aaf30701d3c45e,task: fix build (#4153),0.0,0,0.0,0.0,0
150,0.6818181818181818,4,0.023622047244094488,3,nan,nan,198982749+copilot@users.noreply.github.com,nan,nan,nan,nan,21,nan,nan,nan,nan,4,0.014545454545454545,27,0.3333333333333333,3,2,5,0,0,0.0,0,0,0.0,26.4,15,0,0,5.666666666666667,1.0,17,17,0,9,11,2025-11-24T21:16:25+00:00,nan,2,0.8823529411764706,0.0,0,0,66,0.10606060606060606,0,50.0,0.08922558922558922,0.0,0.0,4.888888888888889,36,0,0,1,0,0,1,0,0,0,0,0,5,0.6666666666666666,2,feature,perfective,AI,0,0.0,0,1,0,0,0,0,0,skeletonlabs/skeleton,384,e8dc070e1ea01afba12cdaa113491ba985d3fe41,Add Popover.Anchor component (#4158),0.3333333333333333,3,0.0,0.0,0
206,0.9545454545454546,1,0.71875,92,1.0,1.0,63101006+hugos68@users.noreply.github.com,1.0,1.0,1.0,1.0,0,1.0,1.0,1.0,1.0,188,0.6787003610108303,340,0.7272727272727273,8,0,0,0,0,0.0,0,0,0.0,42.30508474576271,59,53,0,7.375,0.1694915254237288,10,59,49,11,11,2025-11-25T00:09:23+00:00,14,2,0.9322033898305084,0.25,0,0,57,0.5294117647058824,0,25.75,0.3339420986759765,0.0,0.0,6.7272727272727275,31,0,0,0,0,0,1,0,0,0,0,0,5,0.0,0,style_formatting,preventive,Human,2,0.04854368932038835,10,1,1,16,16,1,1,skeletonlabs/skeleton,385,bcfd2cd54832c744f565861bccb81b34b3e45206,task: style to tailwind (#4162),0.0,0,0.25,0.25,1
56,0.9545454545454546,1,0.7209302325581395,93,1.0,1.0,63101006+hugos68@users.noreply.github.com,1.0,1.0,0.5833333333333334,0.4492753623188406,15,1.0,1.0,1.0,0.0,189,0.6798561151079137,340,0.3333333333333333,1,2,0,0,0,1.0,0,0,0.0,47.0,2,0,0,2.0,0.0,0,2,2,3,11,2025-11-25T15:21:49+00:00,7,1,1.0,1.0,0,0,56,0.03571428571428571,2,56.0,0.03571428571428571,0.0,2.0,2.0,38,0,0,0,1,0,1,0,0,0,0,0,6,0.0,0,bug_fix,corrective,Human,9,1.0,56,1,1,9,9,1,1,skeletonlabs/skeleton,385,fc70f37e720d2778293fa2730c1d94f80136eb08,task: vitest rolldown-vite fix (#4165),0.0,0,1.0,1.0,1
231,0.65,4,0.031007751937984496,4,0.0,0.0,198982749+copilot@users.noreply.github.com,0.0,0.0,0.0,0.0,17,0.0,0.0,0.0,0.0,6,0.02142857142857143,29,0.3333333333333333,5,2,5,0,0,0.0,0,0,0.0,33.73134328358209,67,1,0,14.0,0.5857142857142857,41,70,29,15,10,2025-11-26T17:11:14+00:00,14,2,0.9714285714285714,0.2,0,0,78,1.793103448275862,1,46.2,0.4124518487494894,0.0,0.2,5.333333333333333,48,0,0,1,0,0,1,0,0,0,0,0,6,0.4,2,feature,perfective,AI,0,0.0,0,1,1,1,1,1,1,skeletonlabs/skeleton,386,e69b1b752da8feaff11d6573d6f3c10dc89db5b8,Add ClearTrigger component to FileUpload (#4173),0.2,3,0.2,0.2,2
3566,0.95,1,0.7230769230769231,94,0.9957983193277311,0.9987146529562982,63101006+hugos68@users.noreply.github.com,1.0,1.0,0.9969230769230769,0.9990224828934506,0,0.9913793103448276,0.9914529914529915,1.0,1.0,191,0.6797153024911032,343,0.888,222,0,0,0,6,0.0,0,186,0.0,46.83015873015873,630,0,0,2.8378378378378377,0.5015873015873016,316,630,314,250,10,2025-11-28T00:34:54+00:00,3,2,0.7047619047619048,0.03153153153153153,0,0,36,0.25,4,16.063063063063062,0.1272852085957298,0.0005619843981912947,0.06306306306306306,5.748,38,0,0,0,0,0,1,0,0,1,0,0,5,0.0,0,dependency_update,adaptive,AI,6,0.5790802019068985,2065,1,2,82,1556,7,19,skeletonlabs/skeleton,388,3dc32052450fecba376d466c4a72f682acbee323,task: simplify skeleton common (#4175),0.0,0,0.5225225225225225,0.527027027027027,4
84,0.95,1,0.7251908396946565,95,1.0,1.0,63101006+hugos68@users.noreply.github.com,1.0,1.0,1.0,1.0,11,1.0,1.0,1.0,1.0,192,0.6784452296819788,346,0.8,12,0,0,0,0,0.0,0,0,0.05263157894736842,55.63157894736842,57,0,0,4.75,0.2807017543859649,16,57,41,15,10,2025-12-01T11:08:08+00:00,3,1,0.8421052631578947,0.9166666666666666,0,0,7,0.5714285714285714,0,7.0,0.5714285714285714,0.0,0.0,6.0,35,0,0,0,0,0,1,0,0,0,0,0,5,0.0,0,dependency_update,adaptive,Human,2,1.6666666666666667,140,1,1,22,94,1,4,skeletonlabs/skeleton,391,9de74341405b04615720f080fa2ebd96cdf3dfe7,task: format after renovate (#4189),0.0,0,0.9166666666666666,0.9166666666666666,0
135,0.5,1,1.0,89,nan,nan,williambrown97@gmail.com,nan,1.0,1.0,1.0,23,nan,1.0,nan,1.0,105,1.0,99,0.1,1,0,0,0,1,0.09090909090909091,2,1,0.0,45.36363636363637,11,0,0,11.0,0.7272727272727273,8,11,3,10,1,2025-05-13T23:22:45+00:00,nan,1,0.36363636363636365,0.0,1,0,135,0.02962962962962963,17,135.0,0.02962962962962963,0.0,17.0,2.2,67,0,0,0,0,0,1,0,0,1,0,0,10,0.0,0,,,,2,0.2814814814814815,38,2,0,0,0,0,0,PrimeIntellect-ai/verifiers,99,d2374c4feb3e9847a7ba970bf7d381654ad30041,Merge pull request #55 from aniemerg/allan/smolagent-tools-reworked,0.0,0,0.0,1.0,1
117,0.5,1,1.0,90,1.0,1.0,williambrown97@gmail.com,1.0,1.0,1.0,1.0,2,1.0,1.0,1.0,1.0,106,1.0,100,1.0,1,0,0,0,0,0.0,0,0,0.0,68.0,8,0,0,8.0,0.625,5,8,3,1,1,2025-05-14T02:31:20+00:00,72,1,1.0,0.0,0,0,117,0.06837606837606838,26,117.0,0.06837606837606838,0.1111111111111111,26.0,2.0,27,0,0,0,0,0,0,0,0,0,0,0,5,0.0,0,documentation,perfective,Human,5,1.0,117,1,1,0,44,0,4,PrimeIntellect-ai/verifiers,100,90ccc051c84a5a3037c3732d6b6f3105aaa0c664,arg for toolenv field names,0.0,0,1.0,1.0,2
917,0.5,1,1.0,91,nan,nan,williambrown97@gmail.com,nan,nan,nan,nan,3,nan,nan,nan,nan,107,1.0,100,1.5,3,0,7,14,51,0.20462046204620463,7,0,0.006600660066006601,56.897689768976896,303,76,0,113.33333333333333,0.8,272,340,68,2,1,2025-05-14T03:47:19+00:00,nan,1,1.0,0.0,0,0,629,0.48171701112877585,115,305.6666666666667,0.2861591915030192,0.04758466005359129,51.333333333333336,2.0,41,1,0,1,0,0,0,0,0,0,0,0,7,0.0,0,feature,perfective,Human,20,0.9912758996728462,909,1,0,0,0,0,0,PrimeIntellect-ai/verifiers,100,f972c1dd1aa7d9989fbf43aedf827f303faea7de,"vllm v1 support, torch/vllm version bumps",0.0,0,0.0,0.0,2
44,0.5,1,1.0,92,nan,nan,williambrown97@gmail.com,nan,nan,nan,nan,18,nan,nan,nan,nan,108,1.0,100,0.2,1,0,0,0,0,0.0,0,0,0.0,31.0,4,5,0,4.0,0.5,2,4,2,5,1,2025-05-14T18:08:25+00:00,nan,1,1.0,0.0,0,0,44,0.09090909090909091,1,44.0,0.09090909090909091,0.0,1.0,2.0,3,0,0,0,0,0,0,0,0,0,0,0,1,0.0,0,unknown,unknown,Human,0,0.0,0,1,0,0,0,0,0,PrimeIntellect-ai/verifiers,100,5d9c9ae937333140501d7af28f798283156c537c,dev,0.0,0,0.0,0.0,2
773,0.5,1,1.0,93,1.0,1.0,williambrown97@gmail.com,1.0,1.0,1.0,1.0,1,1.0,1.0,1.0,1.0,109,1.0,101,0.8888888888888888,8,0,0,0,3,0.2692307692307692,0,3,0.0,43.48076923076923,52,14,0,7.375,0.3559322033898305,21,59,38,9,1,2025-05-15T01:30:59+00:00,0,1,0.9830508474576272,0.125,0,0,345,0.5555555555555556,58,96.625,0.21899974264987168,0.07876534440479861,13.5,1.8888888888888888,72,0,0,1,0,0,0,0,0,0,0,0,13,0.0,0,feature,perfective,Human,50,2.182406209573092,1687,1,1,36,85,1,4,PrimeIntellect-ai/verifiers,101,c68109c64a1609872b55641a688f82ec6ee73ac0,"v0.17 support for trl, demo scripts for trl vs singleturn vs doublecheck",0.0,0,0.5,0.8333333333333334,3
355,0.5,1,1.0,94,1.0,1.0,williambrown97@gmail.com,1.0,1.0,1.0,1.0,0,1.0,1.0,1.0,1.0,111,1.0,102,0.8571428571428571,6,0,0,2,4,0.07894736842105263,0,1,0.05263157894736842,48.8421052631579,38,25,0,6.5,0.7435897435897436,29,39,10,7,1,2025-05-16T00:17:14+00:00,0,1,0.8974358974358975,0.16666666666666666,0,0,266,0.4,93,59.166666666666664,0.22592350441320694,0.06414950419527078,18.5,1.8571428571428572,12,0,0,0,0,0,0,0,0,0,0,0,2,0.0,0,feature,perfective,Human,26,0.6563380281690141,233,1,1,1,23,1,4,PrimeIntellect-ai/verifiers,102,28e663d90fd7ab70a9b3ac0ea5561c4d01916b58,buncha stuff,0.0,0,0.5,0.8,4
407,0.5,1,1.0,95,nan,nan,williambrown97@gmail.com,nan,nan,nan,nan,0,nan,nan,nan,nan,112,1.0,102,1.0,3,0,0,0,4,0.09090909090909091,0,0,0.0,51.45454545454545,11,1,0,3.6666666666666665,0.8181818181818182,9,11,2,3,1,2025-05-16T00:34:55+00:00,nan,1,1.0,0.0,0,0,369,0.3333333333333333,61,135.66666666666666,0.18893753040094505,0.04443749565700785,22.0,2.0,4,0,0,0,0,0,0,0,0,0,0,0,1,0.0,0,unknown,unknown,Human,16,1.1965601965601966,487,1,0,0,0,0,0,PrimeIntellect-ai/verifiers,102,669705fdb7d9d143e11505392f8cbab1496dcbb7,misc,0.0,0,0.0,0.0,4
1114,0.5,1,1.0,96,1.0,1.0,williambrown97@gmail.com,1.0,1.0,1.0,1.0,6,1.0,1.0,1.0,1.0,113,1.0,102,0.5333333333333333,8,0,0,3,30,0.0,1,9,0.0,47.97540983606557,122,18,0,16.5,0.5681818181818182,75,132,57,15,1,2025-05-16T06:46:15+00:00,0,1,0.9545454545454546,0.625,0,0,380,1.2666666666666666,97,139.25,0.3526116309089296,0.04314907469682079,32.25,2.066666666666667,12,0,0,0,0,0,0,0,0,0,0,0,2,0.25,2,documentation,perfective,Human,42,1.9748653500897666,2200,1,1,35,129,3,8,PrimeIntellect-ai/verifiers,102,3e51a0c82c920f2e582e0e92ada3a044e353a1d3,buncha stuff,0.0,0,0.75,1.0,4
443,0.5,1,1.0,97,1.0,1.0,williambrown97@gmail.com,1.0,1.0,1.0,1.0,21,1.0,1.0,1.0,1.0,114,1.0,102,0.8571428571428571,6,0,0,0,2,0.037037037037037035,0,3,0.07407407407407407,49.44444444444444,27,1,0,4.833333333333333,0.6206896551724138,18,29,11,7,1,2025-05-16T21:20:01+00:00,0,1,0.7931034482758621,0.3333333333333333,0,0,380,0.4444444444444444,63,73.83333333333333,0.24834307992202728,0.05767891952102478,10.5,2.2857142857142856,22,0,0,0,0,0,0,0,0,0,0,0,3,0.3333333333333333,2,feature,perfective,Human,34,1.3679458239277653,606,1,1,37,40,4,6,PrimeIntellect-ai/verifiers,102,c512520b98219490618e756819ea110ca0739442,sft warmup experiments,0.0,0,0.3333333333333333,0.75,4
30,0.5,1,1.0,98,1.0,1.0,williambrown97@gmail.com,1.0,1.0,1.0,1.0,23,1.0,1.0,1.0,1.0,115,1.0,102,1.3333333333333333,4,0,0,0,1,0.0625,0,0,0.0,49.1875,16,16,0,4.25,0.47058823529411764,8,17,9,3,1,2025-05-16T23:00:10+00:00,0,1,0.6470588235294118,0.25,0,0,9,0.5555555555555556,2,7.5,0.35317460317460314,0.1349206349206349,0.5,2.6666666666666665,5,0,0,0,0,0,0,0,0,0,0,0,1,0.75,3,unknown,unknown,Human,17,2.1333333333333333,64,1,1,7,7,1,1,PrimeIntellect-ai/verifiers,102,1318441f036ac21d9c73df28925df61e0c193215,stuff,0.0,0,0.25,0.6666666666666666,4
49,0.5,1,1.0,99,1.0,1.0,williambrown97@gmail.com,1.0,1.0,1.0,1.0,23,1.0,1.0,1.0,1.0,117,1.0,102,1.0,3,0,0,1,5,0.4583333333333333,2,2,0.041666666666666664,59.375,24,6,0,8.0,0.2916666666666667,7,24,17,3,1,2025-05-16T23:27:34+00:00,0,1,1.0,0.6666666666666666,0,0,35,0.5714285714285714,6,16.333333333333332,0.38095238095238093,0.14285714285714285,2.3333333333333335,2.3333333333333335,11,0,0,0,0,0,0,0,0,0,0,0,2,0.6666666666666666,2,bug_fix,corrective,Human,11,0.7959183673469388,39,1,1,7,7,1,1,PrimeIntellect-ai/verifiers,102,0112d53f762b49c6d5ba1f281e64d174f57207ae,liger fixes,0.0,0,1.0,1.0,4
156,0.5,1,1.0,100,1.0,1.0,williambrown97@gmail.com,1.0,1.0,1.0,1.0,0,1.0,1.0,1.0,1.0,119,1.0,103,1.25,5,0,0,0,5,0.0625,0,0,0.0,48.625,16,6,0,3.2,0.5625,9,16,7,4,1,2025-05-17T00:41:41+00:00,0,1,1.0,0.4,0,1,116,0.45,33,31.2,0.24106732348111656,0.08714285714285715,7.4,1.75,5,0,0,0,0,0,0,0,0,0,0,0,1,0.0,0,unknown,unknown,Human,11,0.532051282051282,83,1,1,8,8,3,3,PrimeIntellect-ai/verifiers,103,ae961dc7d8b85377542ac6e0ae5150a8db44a397,stuff,0.0,0,0.4,0.75,5
6,0.5,1,1.0,101,nan,nan,williambrown97@gmail.com,nan,1.0,1.0,1.0,1,nan,1.0,nan,1.0,120,1.0,103,1.0,1,0,0,0,0,0.0,0,0,0.0,23.53846153846154,13,11,0,13.0,0.5384615384615384,7,13,6,1,1,2025-05-17T01:09:20+00:00,nan,1,0.15384615384615385,0.0,0,1,6,0.3333333333333333,0,6.0,0.3333333333333333,0.0,0.0,0.0,8,0,0,0,0,0,0,0,0,0,0,0,2,1.0,1,unknown,unknown,Human,0,0.0,0,1,0,0,0,0,0,PrimeIntellect-ai/verifiers,103,42ab0fa9dc105b341cf27f208d7baa9d6e09f912,train.py,0.0,0,0.0,1.0,5
376,0.5,1,1.0,102,1.0,1.0,williambrown97@gmail.com,1.0,1.0,1.0,1.0,20,1.0,1.0,1.0,1.0,121,1.0,103,0.8,4,0,0,2,11,0.1282051282051282,1,3,0.0,61.12820512820513,78,28,0,22.5,0.9222222222222223,83,90,7,5,1,2025-05-17T20:32:27+00:00,0,1,0.9777777777777777,0.75,0,1,310,0.5454545454545454,65,94.0,0.2536656891495601,0.06722873900293255,16.5,1.4,10,0,0,0,0,0,0,0,0,0,0,0,2,0.0,0,bug_fix,corrective,Human,31,4.542553191489362,1708,1,1,20,23,5,7,PrimeIntellect-ai/verifiers,103,ee518dbc541a650f0f54375dd14dd188dd953f13,delta clip,0.0,0,0.75,1.0,5
6,0.5,1,1.0,103,1.0,1.0,williambrown97@gmail.com,1.0,1.0,1.0,1.0,20,1.0,1.0,1.0,1.0,122,1.0,103,0.3333333333333333,1,0,0,0,0,0.09090909090909091,0,6,0.0,46.81818181818182,11,1,0,11.0,0.2727272727272727,3,11,8,3,1,2025-05-17T20:41:27+00:00,0,1,0.45454545454545453,1.0,0,1,6,0.8333333333333334,1,6.0,0.8333333333333334,0.16666666666666666,1.0,1.6666666666666667,10,0,0,0,0,0,0,0,0,0,0,0,2,0.0,0,unknown,unknown,Human,2,0.3333333333333333,2,1,1,6,6,1,1,PrimeIntellect-ai/verifiers,103,6afddc1be14c82fc691dcfa413e92b73707db2a3,delta clip,0.0,0,1.0,1.0,5
317,0.5,1,1.0,104,1.0,1.0,williambrown97@gmail.com,1.0,1.0,1.0,1.0,20,1.0,1.0,1.0,1.0,124,1.0,103,1.0,1,0,0,1,1,0.2,0,0,0.0,42.4,5,0,0,9.0,0.8888888888888888,8,9,1,1,1,2025-05-17T20:46:54+00:00,0,1,1.0,1.0,0,1,317,0.028391167192429023,67,317.0,0.028391167192429023,0.08832807570977919,67.0,2.0,10,0,0,0,0,0,0,0,0,0,0,0,2,0.0,0,feature,perfective,Human,6,4.687697160883281,1486,1,1,86,86,2,2,PrimeIntellect-ai/verifiers,103,0057beba20d5bc6464c6177d42aa26c99b4dc310,delta clip,0.0,0,1.0,1.0,5
578,0.5,1,1.0,105,1.0,1.0,williambrown97@gmail.com,1.0,1.0,1.0,1.0,5,1.0,1.0,1.0,1.0,125,1.0,104,0.5,6,0,0,1,35,0.10382513661202186,0,2,0.01092896174863388,46.240437158469945,183,60,0,34.833333333333336,0.7320574162679426,153,209,56,12,1,2025-05-18T05:27:45+00:00,0,1,0.9760765550239234,0.8333333333333334,0,1,434,1.52,74,96.33333333333333,0.6277219972381263,0.09756318949867337,14.166666666666666,2.0833333333333335,7,0,0,0,0,0,0,0,0,1,0,0,1,0.0,0,refactor_cleanup,preventive,Human,10,2.9394463667820068,1699,1,1,149,149,8,8,PrimeIntellect-ai/verifiers,104,4242c053174089c6f98c9fa5c60078bfa72345f3,cleanup,0.0,0,0.8333333333333334,1.0,6
30,0.5,1,1.0,106,1.0,1.0,williambrown97@gmail.com,1.0,1.0,1.0,1.0,8,1.0,1.0,1.0,1.0,126,1.0,104,1.0,1,0,0,0,0,0.0,0,0,0.0,23.0,2,2,0,2.0,0.5,1,2,1,1,1,2025-05-18T08:11:17+00:00,0,1,1.0,1.0,0,1,30,0.06666666666666667,0,30.0,0.06666666666666667,0.0,0.0,0.0,4,0,1,0,0,0,0,0,0,0,0,0,1,0.0,0,documentation,perfective,Human,0,0.0,0,1,1,24,24,3,3,PrimeIntellect-ai/verifiers,104,6b0ad53796bd68226f456d525aee7d2d750959e9,docs,0.0,0,1.0,1.0,6
1594,0.5,1,1.0,107,1.0,1.0,williambrown97@gmail.com,1.0,1.0,1.0,1.0,0,1.0,1.0,1.0,1.0,128,1.0,105,1.0,11,0,0,34,237,0.1736111111111111,1,1,0.005555555555555556,54.50416666666667,720,152,0,74.9090909090909,0.6092233009708737,502,824,322,11,1,2025-05-19T00:24:55+00:00,0,1,1.0,0.36363636363636365,0,0,497,1.16,92,144.9090909090909,0.41610692830483953,0.12112879849770723,34.90909090909091,2.1818181818181817,7,0,0,0,0,0,0,0,0,0,0,0,1,0.0,0,unknown,unknown,Human,104,5.344416562107905,8519,1,1,146,192,7,8,PrimeIntellect-ai/verifiers,105,1d663e2f92a1b227bde028d3315c37f735ce8b7c,checkin,0.0,0,0.36363636363636365,0.7777777777777778,0
1646,0.5,1,1.0,108,1.0,1.0,williambrown97@gmail.com,1.0,1.0,1.0,1.0,8,1.0,1.0,1.0,1.0,129,1.0,105,0.6153846153846154,8,0,11,34,136,0.09949409780775717,9,5,0.025295109612141653,51.83305227655986,593,102,0,83.75,0.5,335,670,335,13,1,2025-05-19T08:03:07+00:00,0,1,0.9985074626865672,0.75,0,0,492,1.3798882681564246,100,205.75,0.4518423081255678,0.09517092997622059,40.0,1.6153846153846154,12,0,0,0,0,0,0,0,0,0,0,1,2,0.125,1,test,preventive,Human,98,5.529161603888213,9101,1,1,383,383,7,7,PrimeIntellect-ai/verifiers,105,c5ae33816ad9fdd831cac599fd45989fbb9dea6c,test servers,0.07692307692307693,1,0.75,1.0,0
109,0.5,1,1.0,109,1.0,1.0,williambrown97@gmail.com,1.0,1.0,1.0,1.0,4,1.0,1.0,1.0,1.0,130,1.0,106,0.5,2,0,0,0,3,0.3333333333333333,0,0,0.0,59.333333333333336,6,1,0,3.5,0.42857142857142855,3,7,4,4,1,2025-05-20T04:15:56+00:00,0,1,1.0,1.0,0,0,103,0.5,14,54.5,0.26941747572815533,0.02912621359223301,7.0,1.0,3,0,0,0,0,0,0,0,0,0,0,0,1,0.0,0,test,preventive,Human,0,0.0,0,1,1,119,119,2,2,PrimeIntellect-ai/verifiers,106,b2d597b6ca06d0a1ac9e9ef61d7e4582669c0522,dev,0.5,2,1.0,1.0,1
2220,0.5,1,1.0,110,1.0,1.0,williambrown97@gmail.com,1.0,1.0,1.0,1.0,5,1.0,1.0,1.0,1.0,131,1.0,107,1.2142857142857142,17,1,22,69,347,0.1176923076923077,18,32,0.04923076923076923,59.31846153846154,1300,209,1,84.6470588235294,0.5670604586518415,816,1439,623,14,1,2025-05-21T05:54:04+00:00,1,1,0.985406532314107,0.29411764705882354,0,0,703,1.186046511627907,225,130.58823529411765,0.5705463236424153,0.08948871042575153,31.352941176470587,1.6428571428571428,12,0,0,0,0,0,0,0,0,0,0,0,2,0.17647058823529413,3,test,preventive,Human,124,2.8594594594594596,6348,1,1,583,597,10,14,PrimeIntellect-ai/verifiers,107,439fd36826e31c3d9a1001121d070c4664093169,buncha stuff,0.07142857142857142,1,0.35294117647058826,0.7,2
1000,0.5,1,1.0,111,1.0,1.0,williambrown97@gmail.com,1.0,1.0,1.0,1.0,8,1.0,1.0,1.0,1.0,132,1.0,107,1.1666666666666667,7,8,8,13,74,0.1440162271805274,4,3,0.004056795131845842,47.03245436105477,493,41,1,81.0,0.3509700176366843,199,567,368,6,1,2025-05-21T08:11:33+00:00,0,1,0.9964726631393298,0.42857142857142855,0,0,372,1.314516129032258,97,142.85714285714286,0.37541547338745157,0.07423738711688972,27.142857142857142,1.6666666666666667,51,0,0,0,0,0,0,0,0,0,0,0,8,0.0,0,bug_fix,corrective,Human,108,5.884,5884,1,1,106,117,3,6,PrimeIntellect-ai/verifiers,107,9e06289b77a5b5e6d58e5b8da5a487ad03aad726,trainer broken now but everything else taking shape,0.0,0,0.42857142857142855,1.0,2
1187,0.5,1,1.0,112,1.0,1.0,williambrown97@gmail.com,1.0,1.0,1.0,1.0,21,1.0,1.0,1.0,1.0,133,1.0,107,0.2692307692307692,7,0,3,23,49,0.043222003929273084,4,20,0.03536345776031434,44.04322200392927,509,110,0,85.42857142857143,0.5735785953177257,343,598,255,26,1,2025-05-21T21:51:18+00:00,0,1,0.8695652173913043,0.2857142857142857,0,0,369,0.9570815450643777,56,169.57142857142858,0.4402040592491242,0.03168250775726925,26.285714285714285,1.8846153846153846,7,0,0,0,0,0,0,0,0,0,0,0,1,0.14285714285714285,1,dependency_update,adaptive,Human,44,1.8921651221566975,2246,1,1,196,234,5,7,PrimeIntellect-ai/verifiers,107,69fc30bb1f6ee0c5bc537a53895f39ff5d8a01ac,updates,0.0,0,0.5714285714285714,0.8571428571428571,2
557,0.5,1,1.0,113,1.0,1.0,williambrown97@gmail.com,1.0,1.0,1.0,1.0,5,1.0,1.0,1.0,1.0,134,1.0,108,0.43478260869565216,10,0,14,9,26,0.09727626459143969,5,17,0.019455252918287938,48.237354085603116,257,14,0,27.6,0.4057971014492754,112,276,164,23,1,2025-05-22T05:28:03+00:00,0,1,0.967391304347826,0.7,0,0,217,1.0759493670886076,75,55.7,0.41633016186853417,0.09010730327247272,11.7,1.9130434782608696,11,0,0,0,0,0,0,0,0,0,0,0,2,0.1,1,unknown,unknown,Human,58,3.538599640933573,1971,1,1,870,963,13,19,PrimeIntellect-ai/verifiers,108,bd56c537c3e1469efdf717f986e8e80ea09917e5,lotsa stuff,0.0,0,0.7,0.8888888888888888,3
356,0.5,1,1.0,114,1.0,1.0,williambrown97@gmail.com,1.0,1.0,1.0,1.0,5,1.0,1.0,1.0,1.0,135,1.0,108,1.0,1,0,0,0,0,0.0,0,0,0.0,49.0,4,0,0,4.0,0.5,2,4,2,1,1,2025-05-22T05:34:15+00:00,0,1,1.0,1.0,0,0,356,0.011235955056179775,71,356.0,0.011235955056179775,0.06179775280898876,71.0,2.0,3,0,0,0,1,0,0,0,0,0,0,0,1,0.0,0,bug_fix,corrective,Human,82,12.5561797752809,4470,1,1,64,75,2,5,PrimeIntellect-ai/verifiers,108,2ca43664be79c0cfe6e6ad3151398612793c38f1,fix,0.0,0,1.0,1.0,3
598,0.5,1,1.0,115,1.0,1.0,williambrown97@gmail.com,1.0,1.0,1.0,1.0,9,1.0,1.0,1.0,1.0,137,1.0,108,0.6666666666666666,4,4,5,4,27,0.11351351351351352,1,2,0.010810810810810811,44.68648648648649,185,11,0,47.0,0.5372340425531915,101,188,87,6,1,2025-05-22T09:36:09+00:00,0,1,0.9893617021276596,1.0,0,0,361,0.9090909090909091,80,149.5,0.40726819925227126,0.08164743266890082,26.0,2.1666666666666665,15,0,0,0,0,0,0,0,0,0,0,0,2,0.25,1,bug_fix,corrective,Human,100,8.724080267558529,5217,1,1,293,304,6,9,PrimeIntellect-ai/verifiers,108,ff7ed1ec32f65dfa7fc7e9a05f893444354e9b70,async debugging,0.0,0,1.0,1.0,3
394,0.5,1,1.0,116,1.0,1.0,williambrown97@gmail.com,1.0,1.0,1.0,1.0,20,1.0,1.0,1.0,1.0,138,1.0,108,0.5,2,0,0,0,5,0.18181818181818182,1,1,0.0,40.63636363636363,33,9,0,17.0,0.8529411764705882,29,34,5,4,1,2025-05-22T20:20:17+00:00,0,1,1.0,0.5,0,0,377,0.8235294117647058,83,197.0,0.43828990482134494,0.11873927289748791,43.0,2.0,5,0,0,0,0,0,0,0,0,0,0,0,1,0.5,1,unknown,unknown,Human,80,11.02284263959391,4343,1,1,175,186,4,7,PrimeIntellect-ai/verifiers,108,881457b898182cfe98a1fd11926f917395b9ab07,stuff,0.0,0,0.5,1.0,3
67,0.5,1,1.0,117,nan,nan,williambrown97@gmail.com,nan,1.0,1.0,1.0,20,nan,1.0,nan,1.0,140,1.0,108,1.0,1,0,0,6,0,0.0,0,2,0.0,40.392857142857146,56,8,0,57.0,0.5087719298245614,29,57,28,1,1,2025-05-22T20:24:56+00:00,nan,1,1.0,0.0,0,0,67,0.8507462686567164,8,67.0,0.8507462686567164,0.13432835820895522,8.0,3.0,7,0,0,0,0,0,0,0,0,0,0,0,1,0.0,0,unknown,unknown,Human,1,0.4925373134328358,33,1,0,0,0,0,0,PrimeIntellect-ai/verifiers,108,3ccf892a012b994da4e9d68d7346c9234f018cd8,reverse,0.0,0,0.0,1.0,3
1014,0.5,1,1.0,118,1.0,1.0,williambrown97@gmail.com,1.0,1.0,1.0,1.0,3,1.0,1.0,1.0,1.0,141,1.0,109,0.6,9,0,0,4,18,0.06711409395973154,6,7,0.013422818791946308,47.91275167785235,149,42,0,17.22222222222222,0.6129032258064516,95,155,60,15,1,2025-05-23T03:30:40+00:00,0,1,0.864516129032258,0.5555555555555556,0,0,387,0.66,85,112.66666666666667,0.23959189814498405,0.06457548812045621,25.555555555555557,2.066666666666667,13,0,0,0,0,0,0,0,0,0,0,0,2,0.3333333333333333,3,dependency_update,adaptive,Human,105,4.968441814595661,5038,1,1,515,648,16,21,PrimeIntellect-ai/verifiers,109,638b068350e28f41af07ca9f2bdbfbdc0fd35ca5,reasoning-gym,0.0,0,0.6666666666666666,0.875,4
1303,0.5,1,1.0,119,1.0,1.0,williambrown97@gmail.com,1.0,1.0,1.0,1.0,7,1.0,1.0,1.0,1.0,142,1.0,109,0.5,4,0,0,81,227,0.15071090047393365,8,31,0.013270142180094787,59.7781990521327,1055,241,1,292.75,0.8590947907771136,1006,1171,165,8,1,2025-05-23T07:12:22+00:00,0,1,0.9581554227156277,0.75,0,0,1053,1.0408357075023742,271,325.75,0.3718698563076073,0.0590449915249112,73.5,1.875,22,0,0,0,0,0,0,0,0,0,0,0,3,0.0,0,dependency_update,adaptive,Human,46,0.5495011511895626,716,1,1,666,669,13,15,PrimeIntellect-ai/verifiers,109,e91dc266cfba69dd68d110f3253e0d1111c51469,"reasoning-gym, trainer",0.0,0,0.75,0.75,4
905,0.5,1,1.0,120,1.0,1.0,williambrown97@gmail.com,1.0,1.0,1.0,1.0,7,1.0,1.0,1.0,1.0,143,1.0,109,1.0,1,0,0,12,47,0.20270270270270271,0,0,0.006756756756756757,67.3445945945946,148,19,0,158.0,0.2848101265822785,45,158,113,1,1,2025-05-23T07:24:35+00:00,3,1,1.0,1.0,0,0,905,0.17458563535911603,235,905.0,0.17458563535911603,0.16353591160220995,235.0,2.0,15,0,0,0,0,0,0,0,0,0,0,0,2,0.0,0,feature,perfective,Human,87,8.773480662983426,7940,1,1,76,76,2,2,PrimeIntellect-ai/verifiers,109,80f127946a48442ff184ef5d06b96cafb3c767ce,trainer updates,0.0,0,1.0,1.0,4
1339,0.5,1,1.0,121,1.0,1.0,williambrown97@gmail.com,1.0,1.0,1.0,1.0,9,1.0,1.0,1.0,1.0,144,1.0,109,2.0,2,0,0,35,135,0.143646408839779,2,4,0.0027624309392265192,51.97790055248619,724,125,0,422.0,0.7440758293838863,628,844,216,1,1,2025-05-23T09:25:49+00:00,0,1,0.9940758293838863,0.5,0,0,1322,0.6338880484114977,293,669.5,0.3463557889116312,0.06883509833585477,147.5,2.0,7,0,0,0,0,0,0,0,0,0,0,0,1,0.0,0,feature,perfective,Human,86,5.303958177744586,7102,1,1,234,234,3,3,PrimeIntellect-ai/verifiers,109,0bdc6045e75b45eacf05fe811337805276faf15d,trainer,0.0,0,0.5,1.0,4
110,0.5,1,1.0,122,1.0,1.0,williambrown97@gmail.com,1.0,1.0,1.0,1.0,9,1.0,1.0,1.0,1.0,145,1.0,109,2.0,2,0,0,0,26,0.012345679012345678,0,0,0.0,43.5679012345679,162,90,0,95.0,0.5,95,190,95,1,1,2025-05-23T09:29:30+00:00,0,1,1.0,0.5,0,0,101,10.555555555555555,13,55.0,5.748074807480748,0.0605060506050605,6.5,2.0,13,0,0,0,0,0,0,0,0,0,0,0,2,0.0,0,refactor_cleanup,preventive,Human,1,0.01818181818181818,2,1,1,1484,1484,7,7,PrimeIntellect-ai/verifiers,109,3460e0056b1d0b87677dff2461e43cc69e565f3f,trainer reorg,0.0,0,0.5,1.0,4
804,0.5,1,1.0,123,1.0,1.0,williambrown97@gmail.com,1.0,1.0,1.0,1.0,9,1.0,1.0,1.0,1.0,146,1.0,109,1.0,2,0,0,31,107,0.11671469740634005,0,0,0.001440922190201729,46.21902017291066,694,88,0,404.5,0.5055624227441285,409,809,400,2,1,2025-05-23T09:54:30+00:00,0,1,1.0,0.5,0,0,796,50.0,155,402.0,25.256909547738694,0.10332914572864321,77.5,2.0,3,0,0,0,0,0,0,0,0,0,0,0,1,0.0,0,feature,perfective,Human,78,4.873134328358209,3918,1,1,211,222,6,9,PrimeIntellect-ai/verifiers,109,f0f16ce6dc745aeb394056e71a87f46a16f9a3ad,env,0.0,0,0.5,1.0,4
917,0.5,1,1.0,124,1.0,1.0,williambrown97@gmail.com,1.0,1.0,1.0,1.0,22,1.0,1.0,1.0,1.0,147,1.0,110,1.0,2,0,0,0,1,0.125,0,1,0.0,42.125,8,0,0,5.0,0.1,1,10,9,2,1,2025-05-24T22:48:17+00:00,1,1,1.0,1.0,0,1,909,0.25,224,458.5,0.1294004400440044,0.14005775577557755,112.0,2.0,13,0,0,0,0,0,0,0,0,0,0,0,2,0.0,0,documentation,perfective,Human,85,7.7360959651035985,7094,1,1,2651,2651,12,12,PrimeIntellect-ai/verifiers,110,1c44450e508365ef708bd7905a2f5b0294f6ea06,trainer stuff,0.0,0,1.0,1.0,5
834,0.5,1,1.0,125,1.0,1.0,williambrown97@gmail.com,1.0,1.0,1.0,1.0,23,1.0,1.0,1.0,1.0,148,1.0,110,1.0,2,5,0,6,0,0.07142857142857142,0,0,0.0,50.07142857142857,28,0,0,14.5,0.7586206896551724,22,29,7,2,1,2025-05-24T23:08:12+00:00,1,1,1.0,1.0,0,1,800,0.5,160,417.0,0.2575,0.06941176470588235,82.0,2.0,15,0,0,0,0,0,0,0,0,0,0,0,2,0.0,0,feature,perfective,Human,79,5.880095923261391,4904,1,1,674,685,9,12,PrimeIntellect-ai/verifiers,110,399382a6133fe14683011f470999a9aef5b01ea5,singleturn args,0.0,0,1.0,1.0,5
2056,0.5,1,1.0,126,1.0,1.0,williambrown97@gmail.com,1.0,1.0,1.0,1.0,1,1.0,1.0,1.0,1.0,149,1.0,111,0.6666666666666666,4,2,0,13,27,0.18055555555555555,2,7,0.013888888888888888,59.145833333333336,144,27,0,38.75,0.4838709677419355,75,155,80,6,1,2025-05-25T01:52:41+00:00,0,1,0.967741935483871,0.75,0,1,903,0.17,220,514.0,0.06466415367578159,0.06860385254280603,106.25,1.5,13,0,0,0,0,0,0,0,0,1,0,0,2,0.0,0,refactor_cleanup,preventive,Human,160,5.8837548638132295,12097,1,1,1739,1753,20,24,PrimeIntellect-ai/verifiers,111,fc2c088b69d935028792a45d4c4335bc08cc12c0,minor cleanup,0.16666666666666666,1,0.75,0.75,6
2475,0.5,1,1.0,127,1.0,1.0,williambrown97@gmail.com,1.0,1.0,1.0,1.0,3,1.0,1.0,1.0,1.0,150,1.0,113,0.9285714285714286,13,13,16,73,231,0.11538461538461539,12,19,0.00904977375565611,53.92156862745098,1326,162,4,113.92307692307692,0.4132343011478731,612,1481,869,14,1,2025-05-27T03:53:40+00:00,2,1,0.9831195138419987,0.8461538461538461,0,0,823,1.0984204131227218,173,190.3846153846154,0.3460871072859206,0.08138542777717636,36.76923076923077,1.9285714285714286,29,0,0,0,0,0,0,0,0,0,0,0,5,0.0,0,dependency_update,adaptive,Human,185,5.1313131313131315,12700,1,1,2214,2228,25,29,PrimeIntellect-ai/verifiers,113,18985261bee4d3b0e5211c454280b84ca3b70c7d,async off-policy GRPO working,0.0,0,0.8461538461538461,1.0,1
2083,0.5,1,1.0,128,1.0,1.0,williambrown97@gmail.com,1.0,1.0,1.0,1.0,5,1.0,1.0,1.0,1.0,151,1.0,113,0.5,6,0,1,12,49,0.18452380952380953,0,0,0.041666666666666664,65.68452380952381,168,24,1,34.166666666666664,0.8097560975609757,166,205,39,12,1,2025-05-27T05:13:08+00:00,0,1,1.0,0.5,0,0,907,0.49382716049382713,205,347.1666666666667,0.16616445131531854,0.09512635140142367,68.0,1.0,10,0,0,0,0,0,0,0,0,0,0,0,2,0.16666666666666666,1,bug_fix,corrective,Human,164,5.72347575612098,11922,1,1,3262,3330,17,20,PrimeIntellect-ai/verifiers,113,c8de64095263abb853813440c44f0dea4b5baa89,fixed logs,0.16666666666666666,2,0.6666666666666666,0.6666666666666666,1
1327,0.5,1,1.0,129,1.0,1.0,williambrown97@gmail.com,1.0,1.0,1.0,1.0,5,1.0,1.0,1.0,1.0,152,1.0,113,1.0,2,0,0,4,15,0.1951219512195122,0,0,0.04878048780487805,65.97560975609755,41,5,0,26.0,1.0,52,52,0,2,1,2025-05-27T05:23:55+00:00,0,1,1.0,1.0,0,0,955,0.050261780104712044,223,663.5,0.030507234138377526,0.09518662388110116,137.5,2.0,9,0,0,0,0,0,0,0,0,0,0,0,1,0.0,0,feature,perfective,Human,81,4.548605877920121,6036,1,1,2197,2197,8,8,PrimeIntellect-ai/verifiers,113,fdedea2f2bfd1178790b8764224051cf87ae427b,filtering,0.0,0,1.0,1.0,1
2229,0.5,1,1.0,130,1.0,1.0,williambrown97@gmail.com,1.0,1.0,1.0,1.0,19,1.0,1.0,1.0,1.0,153,1.0,113,2.0,10,1,7,41,202,0.11452513966480447,19,9,0.06983240223463687,67.87150837988827,716,108,0,77.6,0.5051546391752577,392,776,384,5,1,2025-05-27T19:33:56+00:00,0,1,0.9819587628865979,0.8,0,0,960,1.3710526315789473,223,222.9,0.3924958414315148,0.09571091307376503,55.2,2.0,10,0,0,0,0,0,0,0,0,0,0,0,2,0.0,0,bug_fix,corrective,Human,112,3.731269627635711,8317,1,1,3327,3345,15,19,PrimeIntellect-ai/verifiers,113,f1ddc6d16bdfc3bf66a90761831ecb54cc9dae6c,nccl fixes,0.0,0,0.9,1.0,1
44,0.5,1,1.0,131,1.0,1.0,williambrown97@gmail.com,1.0,1.0,1.0,1.0,20,1.0,1.0,1.0,1.0,154,1.0,113,2.0,2,0,0,0,0,0.5,0,0,0.0,52.642857142857146,14,2,0,8.0,0.4375,7,16,9,1,1,2025-05-27T20:44:13+00:00,4,1,0.875,0.5,0,0,37,0.32432432432432434,9,22.0,0.305019305019305,0.08108108108108109,4.5,1.0,6,0,0,0,0,0,0,0,0,0,0,0,1,0.5,1,unknown,unknown,Human,0,0.0,0,1,1,3,3,1,1,PrimeIntellect-ai/verifiers,113,50bec1bbe34f15e9edf35536e4377b12e8bbd7ae,script,0.0,0,0.5,1.0,1
54,0.5,1,1.0,132,nan,nan,williambrown97@gmail.com,nan,nan,nan,nan,21,nan,nan,nan,nan,156,1.0,113,1.5,3,0,0,4,9,0.0,0,0,0.04878048780487805,41.30487804878049,82,29,0,28.333333333333332,0.3411764705882353,29,85,56,2,1,2025-05-27T21:48:33+00:00,nan,1,0.9529411764705882,0.0,0,0,19,2.8125,1,18.0,1.569078947368421,0.0,0.6666666666666666,2.0,6,0,0,0,0,0,0,0,0,0,0,0,1,0.0,0,unknown,unknown,Human,1,0.037037037037037035,2,1,0,0,0,0,0,PrimeIntellect-ai/verifiers,113,a5d2454b594249e8a926f06e87b73304d063361e,script,0.0,0,0.0,0.0,1
19,0.5,1,1.0,133,nan,nan,williambrown97@gmail.com,nan,1.0,1.0,1.0,21,nan,1.0,nan,1.0,157,1.0,113,2.0,2,0,0,0,0,0.0,0,2,0.0,51.25,8,4,0,4.5,0.2222222222222222,2,9,7,1,1,2025-05-27T21:51:00+00:00,nan,1,1.0,0.0,0,0,12,0.5833333333333334,0,9.5,0.43452380952380953,0.0,0.0,2.0,6,0,0,0,0,0,0,0,0,0,0,0,1,0.0,0,unknown,unknown,Human,1,0.2631578947368421,5,1,0,0,0,0,0,PrimeIntellect-ai/verifiers,113,8ab0414336094f155268a879cdfc440263cfa29f,script,0.0,0,0.0,1.0,1
967,0.5,1,1.0,134,1.0,1.0,williambrown97@gmail.com,1.0,1.0,1.0,1.0,22,1.0,1.0,1.0,1.0,158,1.0,113,1.0,1,0,0,0,4,0.3333333333333333,0,0,0.0,56.666666666666664,12,0,0,13.0,0.7692307692307693,10,13,3,1,1,2025-05-27T22:10:04+00:00,0,1,1.0,1.0,0,0,967,0.01344364012409514,225,967.0,0.01344364012409514,0.16132368148914167,225.0,2.0,7,0,0,0,0,0,0,0,0,0,0,0,1,0.0,0,feature,perfective,Human,79,6.179937952430197,5976,1,1,2185,2185,10,10,PrimeIntellect-ai/verifiers,113,b3cded6322c8e01cdebc09322abcb461f43b2cef,trainer,0.0,0,1.0,1.0,1
7,0.5,1,1.0,135,nan,nan,williambrown97@gmail.com,nan,1.0,1.0,1.0,22,nan,1.0,nan,1.0,159,1.0,113,1.0,1,0,0,0,0,0.0,0,0,0.0,102.5,2,0,0,2.0,0.5,1,2,1,1,1,2025-05-27T22:37:41+00:00,nan,1,1.0,0.0,0,0,7,0.2857142857142857,0,7.0,0.2857142857142857,0.14285714285714285,0.0,2.0,3,0,0,0,0,0,0,0,0,0,0,0,1,1.0,1,unknown,unknown,Human,2,0.42857142857142855,3,1,0,0,0,0,0,PrimeIntellect-ai/verifiers,113,4acf70e4eb5586babd97b37323de9e55b14c9ca9,oai,0.0,0,0.0,1.0,1
972,0.5,1,1.0,136,1.0,1.0,williambrown97@gmail.com,1.0,1.0,1.0,1.0,22,1.0,1.0,1.0,1.0,160,1.0,113,1.0,1,0,0,0,2,0.5,0,0,0.0,63.0,4,0,0,5.0,1.0,5,5,0,1,1,2025-05-27T22:47:40+00:00,0,1,1.0,1.0,0,0,972,0.0051440329218107,227,972.0,0.0051440329218107,0.16255144032921812,227.0,2.0,3,0,0,0,0,0,0,0,0,0,0,0,1,0.0,0,unknown,unknown,Human,78,6.143004115226337,5971,1,1,2198,2198,11,11,PrimeIntellect-ai/verifiers,113,d112c3292d7d96ed94fcea6b726b2dabc8d5aba4,oai,0.0,0,1.0,1.0,1
1004,0.5,1,1.0,137,1.0,1.0,williambrown97@gmail.com,1.0,1.0,1.0,1.0,22,1.0,1.0,1.0,1.0,161,1.0,113,1.0,1,0,0,1,9,0.10344827586206896,0,0,0.06896551724137931,56.89655172413793,29,19,0,32.0,1.0,32,32,0,1,1,2025-05-27T22:57:29+00:00,0,1,1.0,1.0,0,0,1004,0.03187250996015936,237,1004.0,0.03187250996015936,0.1603585657370518,237.0,2.0,23,0,0,0,0,0,0,0,0,0,0,0,3,0.0,0,feature,perfective,Human,77,5.915338645418327,5939,1,1,2203,2203,12,12,PrimeIntellect-ai/verifiers,113,72be5408549e969b9aaa64883cf8656af175206e,throttle weight updates,0.0,0,1.0,1.0,1
1792,0.5,1,1.0,138,1.0,1.0,williambrown97@gmail.com,1.0,1.0,1.0,1.0,0,1.0,1.0,1.0,1.0,162,1.0,114,1.3333333333333333,4,0,8,10,71,0.1686746987951807,13,0,0.040160642570281124,61.54216867469879,249,58,0,70.75,0.7455830388692579,211,283,72,3,1,2025-05-28T00:22:41+00:00,0,1,1.0,0.75,0,0,1010,0.4,230,448.0,0.24124144424037286,0.1323157608937866,103.5,2.0,7,0,0,0,0,0,0,0,0,0,0,0,1,0.25,1,unknown,unknown,Human,95,3.9291294642857144,7041,1,1,2622,2622,16,16,PrimeIntellect-ai/verifiers,114,581ef87cb3358bf2400531a2d290d99ffebe3ecd,updates,0.0,0,0.75,1.0,2
1809,0.5,1,1.0,139,1.0,1.0,williambrown97@gmail.com,1.0,1.0,1.0,1.0,0,1.0,1.0,1.0,1.0,163,1.0,114,1.3333333333333333,4,0,6,1,43,0.11029411764705882,11,0,0.014705882352941176,60.88970588235294,136,27,0,39.0,0.5641025641025641,88,156,68,3,1,2025-05-28T00:49:17+00:00,0,1,1.0,1.0,0,0,1010,0.2857142857142857,230,452.25,0.17210316904357403,0.15500610832774836,104.5,2.0,13,0,0,0,1,0,0,0,0,0,0,0,2,0.0,0,bug_fix,corrective,Human,94,3.8059701492537314,6885,1,1,2905,2905,17,17,PrimeIntellect-ai/verifiers,114,62d736481d14d524bf9e041e61c591ef5ac538dd,buffering fix,0.0,0,1.0,1.0,2
1535,0.5,1,1.0,140,1.0,1.0,williambrown97@gmail.com,1.0,1.0,1.0,1.0,1,1.0,1.0,1.0,1.0,164,1.0,114,1.0,2,0,0,1,9,0.08823529411764706,0,0,0.11764705882352941,80.1470588235294,34,10,0,19.5,0.7948717948717948,31,39,8,2,1,2025-05-28T01:05:31+00:00,0,1,1.0,1.0,0,0,1015,0.057692307692307696,235,767.5,0.033279651383099663,0.12745831754452444,185.0,2.0,7,0,0,0,0,0,0,0,0,0,0,0,1,0.0,0,unknown,unknown,Human,83,4.029315960912052,6185,1,1,2681,2681,16,16,PrimeIntellect-ai/verifiers,114,9df1bfb46211fbd673709c8917aa8e33c0343f80,updates,0.0,0,1.0,1.0,2
1030,0.5,1,1.0,141,1.0,1.0,williambrown97@gmail.com,1.0,1.0,1.0,1.0,3,1.0,1.0,1.0,1.0,165,1.0,114,1.0,1,1,4,4,16,0.1864406779661017,3,0,0.0,54.3728813559322,59,8,0,61.0,0.6229508196721312,38,61,23,1,1,2025-05-28T03:30:03+00:00,0,1,1.0,1.0,0,0,1030,0.059223300970873784,241,1030.0,0.059223300970873784,0.1650485436893204,241.0,2.0,14,0,0,0,1,0,0,0,0,0,0,0,3,0.0,0,bug_fix,corrective,Human,73,5.600970873786408,5769,1,1,2344,2344,16,16,PrimeIntellect-ai/verifiers,114,fc7fc84a2526507cf583249b216fbd676d48633d,async wait fix,0.0,0,1.0,1.0,2
1047,0.5,1,1.0,142,1.0,1.0,williambrown97@gmail.com,1.0,1.0,1.0,1.0,3,1.0,1.0,1.0,1.0,166,1.0,114,1.0,1,4,8,12,43,0.2,4,0,0.016666666666666666,59.68333333333333,120,17,0,143.0,0.5594405594405595,80,143,63,1,1,2025-05-28T03:40:52+00:00,0,1,1.0,1.0,0,0,1047,0.13658070678127984,250,1047.0,0.13658070678127984,0.1623686723973257,250.0,2.0,20,0,0,0,1,0,0,0,0,0,0,0,3,0.0,0,bug_fix,corrective,Human,72,5.373447946513849,5626,1,1,2405,2405,17,17,PrimeIntellect-ai/verifiers,114,67a53b4028effc65521e7e5b4dc11e3bb987eb90,async dataloader fix,0.0,0,1.0,1.0,2
136,0.5,1,1.0,143,nan,nan,williambrown97@gmail.com,nan,1.0,1.0,1.0,3,nan,1.0,nan,1.0,167,1.0,114,1.0,1,0,0,0,0,0.0,0,0,0.0,19.5,2,2,0,2.0,0.5,1,2,1,1,1,2025-05-28T03:45:58+00:00,nan,1,1.0,0.0,0,0,136,0.014705882352941176,40,136.0,0.014705882352941176,0.007352941176470588,40.0,2.0,20,0,0,0,1,0,0,0,0,0,0,0,3,0.0,0,bug_fix,corrective,Human,8,0.16176470588235295,22,1,0,0,0,0,0,PrimeIntellect-ai/verifiers,114,18b5287c33576b0496a6fdc8d92039c57566e6d9,async dataloader fix,0.0,0,0.0,1.0,2
1066,0.5,1,1.0,144,1.0,1.0,williambrown97@gmail.com,1.0,1.0,1.0,1.0,4,1.0,1.0,1.0,1.0,168,1.0,114,1.0,1,0,0,8,8,0.25,0,0,0.041666666666666664,68.04166666666667,24,14,0,27.0,0.8518518518518519,23,27,4,1,1,2025-05-28T04:08:07+00:00,0,1,1.0,1.0,0,0,1066,0.025328330206378986,250,1066.0,0.025328330206378986,0.16322701688555347,250.0,2.0,20,0,0,0,1,0,0,0,0,0,0,0,3,0.0,0,bug_fix,corrective,Human,71,5.25234521575985,5599,1,1,2548,2548,18,18,PrimeIntellect-ai/verifiers,114,931f386e4c89de7a83c1cabbdbf0701a17798bb9,async dataloader fix,0.0,0,1.0,1.0,2
1454,0.5,1,1.0,145,1.0,1.0,williambrown97@gmail.com,1.0,1.0,1.0,1.0,4,1.0,1.0,1.0,1.0,169,1.0,114,1.0,3,0,0,0,4,0.2222222222222222,0,0,0.2222222222222222,86.44444444444444,9,4,0,3.3333333333333335,0.9,9,10,1,3,1,2025-05-28T04:22:10+00:00,0,1,1.0,1.0,0,0,1068,0.03225806451612903,251,484.6666666666667,0.017065190036180417,0.11386893488720955,109.66666666666667,2.0,20,0,0,0,1,0,0,0,0,0,0,0,3,0.0,0,bug_fix,corrective,Human,78,4.259284731774415,6193,1,1,3085,3085,22,22,PrimeIntellect-ai/verifiers,114,0dacc01bfc3c76bfd8e174de5ce510ddfc72e730,async dataloader fix,0.0,0,1.0,1.0,2
1443,0.5,1,1.0,146,1.0,1.0,williambrown97@gmail.com,1.0,1.0,1.0,1.0,4,1.0,1.0,1.0,1.0,170,1.0,114,1.25,5,3,10,24,69,0.1875,10,0,0.0125,56.920833333333334,240,47,0,52.4,0.5916030534351145,155,262,107,4,1,2025-05-28T04:58:51+00:00,0,1,1.0,0.6,0,0,1085,0.7142857142857143,267,288.6,0.3512210252838818,0.15044176409283763,66.4,2.0,20,0,0,0,1,0,0,0,0,0,0,0,3,0.2,1,bug_fix,corrective,Human,79,4.141372141372141,5976,1,1,2958,2958,22,22,PrimeIntellect-ai/verifiers,114,995cfcfa0fbcce3612c52b02dae50303a28db66f,async dataloader fix,0.0,0,0.6,1.0,2
1118,0.5,1,1.0,147,1.0,1.0,williambrown97@gmail.com,1.0,1.0,1.0,1.0,5,1.0,1.0,1.0,1.0,171,1.0,114,1.5,3,0,0,1,12,0.2,2,1,0.0,58.32,25,3,0,9.333333333333334,0.6428571428571429,18,28,10,2,1,2025-05-28T05:14:12+00:00,0,1,1.0,1.0,0,0,1100,1.125,275,372.6666666666667,0.5128787878787878,0.16227272727272726,92.66666666666667,2.0,20,0,0,0,1,0,0,0,0,0,0,0,3,0.0,0,bug_fix,corrective,Human,68,4.8023255813953485,5369,1,1,2806,2806,21,21,PrimeIntellect-ai/verifiers,114,ec2383e059091140ba6f989abd2485f86dd479f4,async dataloader fix,0.0,0,1.0,1.0,2
378,0.5,1,1.0,148,1.0,1.0,williambrown97@gmail.com,1.0,1.0,1.0,1.0,5,1.0,1.0,1.0,1.0,172,1.0,114,1.0,1,0,0,1,0,0.0,0,0,0.3333333333333333,89.66666666666667,3,0,0,3.0,0.3333333333333333,1,3,2,1,1,2025-05-28T05:21:52+00:00,0,1,1.0,1.0,0,0,378,0.007936507936507936,129,378.0,0.007936507936507936,0.10846560846560846,129.0,2.0,20,0,0,0,1,0,0,0,0,0,0,0,3,0.0,0,bug_fix,corrective,Human,18,2.544973544973545,962,1,1,1315,1315,2,2,PrimeIntellect-ai/verifiers,114,1732473e2a06c0301721bc0fe39176bdcd722a96,async dataloader fix,0.0,0,1.0,1.0,2
1069,0.5,1,1.0,149,1.0,1.0,williambrown97@gmail.com,1.0,1.0,1.0,1.0,5,1.0,1.0,1.0,1.0,173,1.0,114,1.0,1,0,0,7,33,0.2564102564102564,4,2,0.02564102564102564,63.48717948717949,117,14,0,131.0,0.3816793893129771,50,131,81,1,1,2025-05-28T05:32:04+00:00,0,1,1.0,1.0,0,0,1069,0.1225444340505145,271,1069.0,0.1225444340505145,0.16089803554724041,271.0,2.0,16,0,0,0,1,0,0,0,0,0,0,0,4,0.0,0,bug_fix,corrective,Human,67,4.899906454630496,5238,1,1,2805,2805,22,22,PrimeIntellect-ai/verifiers,114,e641e6760ee2a39c9d54f3376f5974a6d7e063cd,move to vllm fix,0.0,0,1.0,1.0,2
398,0.5,1,1.0,150,1.0,1.0,williambrown97@gmail.com,1.0,1.0,1.0,1.0,5,1.0,1.0,1.0,1.0,174,1.0,114,1.0,1,0,0,2,24,0.125,0,0,0.041666666666666664,89.875,48,0,0,52.0,0.6923076923076923,36,52,16,1,1,2025-05-28T05:57:07+00:00,0,1,1.0,1.0,0,0,398,0.1306532663316583,135,398.0,0.1306532663316583,0.11809045226130653,135.0,2.0,8,0,0,0,1,0,0,0,0,0,0,0,2,0.0,0,bug_fix,corrective,Human,17,2.28643216080402,910,1,1,1318,1318,3,3,PrimeIntellect-ai/verifiers,114,50de2204e27ad6c57c3fd6d86f9a98d96014fe85,vllm fix,0.0,0,1.0,1.0,2
411,0.5,1,1.0,151,1.0,1.0,williambrown97@gmail.com,1.0,1.0,1.0,1.0,6,1.0,1.0,1.0,1.0,175,1.0,114,1.0,1,0,0,0,8,0.16666666666666666,0,0,0.05555555555555555,81.77777777777777,18,0,0,21.0,0.8095238095238095,17,21,4,1,1,2025-05-28T06:04:50+00:00,0,1,1.0,1.0,0,0,411,0.051094890510948905,139,411.0,0.051094890510948905,0.12165450121654502,139.0,2.0,8,0,0,0,1,0,0,0,0,0,0,0,2,0.0,0,bug_fix,corrective,Human,16,2.1630170316301705,889,1,1,1370,1370,4,4,PrimeIntellect-ai/verifiers,114,9fdd97f5ecde020f2b5b156185d665ba65df11df,vllm fix,0.0,0,1.0,1.0,2
443,0.5,1,1.0,152,1.0,1.0,williambrown97@gmail.com,1.0,1.0,1.0,1.0,6,1.0,1.0,1.0,1.0,176,1.0,114,1.0,1,0,4,0,6,0.09090909090909091,0,0,0.09090909090909091,67.32467532467533,77,4,0,80.0,0.7,56,80,24,1,1,2025-05-28T06:12:17+00:00,0,1,1.0,1.0,0,0,443,0.18058690744920994,145,443.0,0.18058690744920994,0.11963882618510158,145.0,2.0,8,0,0,0,1,0,0,0,0,0,0,0,2,0.0,0,bug_fix,corrective,Human,15,1.8261851015801354,809,1,1,1391,1391,5,5,PrimeIntellect-ai/verifiers,114,652872cb266677339fa064e78e6664d0924c7f9a,vllm fix,0.0,0,1.0,1.0,2
467,0.5,1,1.0,153,1.0,1.0,williambrown97@gmail.com,1.0,1.0,1.0,1.0,6,1.0,1.0,1.0,1.0,177,1.0,114,2.0,2,0,0,1,1,0.0,0,0,0.16666666666666666,97.33333333333333,6,0,0,3.0,0.8333333333333334,5,6,1,1,1,2025-05-28T06:18:16+00:00,0,1,1.0,0.5,0,0,446,0.047619047619047616,146,233.5,0.02941490497544309,0.05941704035874439,74.5,2.0,8,0,0,0,1,0,0,0,0,0,0,0,2,0.5,1,bug_fix,corrective,Human,14,1.828693790149893,854,1,1,1471,1471,6,6,PrimeIntellect-ai/verifiers,114,23ad2e0e0233c518d811929e3bbe223ea8e2a1cc,vllm fix,0.0,0,0.5,1.0,2
453,0.5,1,1.0,154,1.0,1.0,williambrown97@gmail.com,1.0,1.0,1.0,1.0,6,1.0,1.0,1.0,1.0,178,1.0,114,2.0,2,0,1,16,35,0.14444444444444443,0,0,0.2111111111111111,89.13333333333334,90,1,0,47.0,0.425531914893617,40,94,54,1,1,2025-05-28T06:24:52+00:00,0,1,1.0,1.0,0,0,415,0.4473684210526316,130,226.5,0.3164552948636652,0.06987951807228916,71.0,2.0,8,0,0,0,1,0,0,0,0,0,0,0,2,0.0,0,bug_fix,corrective,Human,13,1.6777041942604856,760,1,1,1477,1477,7,7,PrimeIntellect-ai/verifiers,114,525bb1e73cb4868f5cdac189efe3b8fbc56e4975,vllm fix,0.0,0,1.0,1.0,2
507,0.5,1,1.0,155,1.0,1.0,williambrown97@gmail.com,1.0,1.0,1.0,1.0,14,1.0,1.0,1.0,1.0,179,1.0,114,2.0,2,0,6,1,20,0.12903225806451613,6,0,0.1774193548387097,81.61290322580645,62,12,0,32.5,0.9230769230769231,60,65,5,1,1,2025-05-28T14:47:05+00:00,0,1,1.0,1.0,0,0,462,0.17777777777777778,146,253.5,0.1505772005772006,0.09935064935064936,81.5,2.0,8,0,0,0,1,0,0,0,0,0,0,0,2,0.0,0,bug_fix,corrective,Human,12,1.370808678500986,695,1,1,1571,1571,8,8,PrimeIntellect-ai/verifiers,114,82eac4eb44212dca3c3acb29a36eab7f7f2cef95,vllm fix,0.0,0,1.0,1.0,2
615,0.5,1,1.0,156,1.0,1.0,williambrown97@gmail.com,1.0,1.0,1.0,1.0,15,1.0,1.0,1.0,1.0,180,1.0,114,4.0,4,0,19,7,67,0.17582417582417584,12,0,0.11538461538461539,80.27472527472527,182,29,0,50.0,0.74,148,200,52,1,1,2025-05-28T15:16:02+00:00,0,1,1.0,1.0,0,0,515,0.8333333333333334,162,153.75,0.5889710208884966,0.10967931744630774,45.5,2.0,8,0,0,0,1,0,0,0,0,0,0,0,2,0.0,0,bug_fix,corrective,Human,17,1.0,615,1,1,1781,1781,12,12,PrimeIntellect-ai/verifiers,114,aae5287f0f5b72e310b345b930c947b907a14a8d,vllm fix,0.0,0,1.0,1.0,2
1138,0.5,1,1.0,157,1.0,1.0,williambrown97@gmail.com,1.0,1.0,1.0,1.0,17,1.0,1.0,1.0,1.0,181,1.0,114,3.0,3,0,0,4,23,0.20652173913043478,0,0,0.32608695652173914,106.92391304347827,92,2,0,33.666666666666664,0.7920792079207921,80,101,21,1,1,2025-05-28T17:40:37+00:00,0,1,1.0,0.6666666666666666,0,0,563,0.3333333333333333,171,379.3333333333333,0.161020945287348,0.11112739492861219,106.0,2.0,10,0,0,0,1,0,0,0,0,0,0,0,2,0.0,0,bug_fix,corrective,Human,17,0.718804920913884,818,1,1,2117,2117,15,15,PrimeIntellect-ai/verifiers,114,ea4999aa804eea327e423439490563da5e2b0445,length fix,0.0,0,0.6666666666666666,1.0,2
603,0.5,1,1.0,158,1.0,1.0,williambrown97@gmail.com,1.0,1.0,1.0,1.0,20,1.0,1.0,1.0,1.0,182,1.0,114,1.0,1,0,0,2,24,0.11764705882352941,0,0,0.4411764705882353,116.5,34,22,0,40.0,1.0,40,40,0,1,1,2025-05-28T20:15:29+00:00,0,1,1.0,1.0,0,0,603,0.06633499170812604,197,603.0,0.06633499170812604,0.14262023217247097,197.0,2.0,10,0,0,0,1,0,0,0,0,0,0,0,2,0.0,0,bug_fix,corrective,Human,9,0.6948590381426202,419,1,1,1821,1821,11,11,PrimeIntellect-ai/verifiers,114,5eb8b95781eddcb714fb14dde83257c94c47c8ce,length fix,0.0,0,1.0,1.0,2
725,0.5,1,1.0,159,1.0,1.0,williambrown97@gmail.com,1.0,1.0,1.0,1.0,20,1.0,1.0,1.0,1.0,183,1.0,114,3.0,3,0,0,0,13,0.18867924528301888,2,1,0.1320754716981132,84.9245283018868,53,1,0,19.333333333333332,0.7586206896551724,44,58,14,1,1,2025-05-28T20:40:05+00:00,0,1,0.9827586206896551,0.6666666666666666,0,0,611,0.4375,201,241.66666666666666,0.16777550463720678,0.1230087288597927,74.33333333333333,2.0,18,0,0,0,0,0,0,0,0,0,0,0,3,0.0,0,bug_fix,corrective,Human,15,0.8455172413793104,613,1,1,1878,1878,12,12,PrimeIntellect-ai/verifiers,114,33047d7628c72bcc295749cd2a05387a4761c14a,edge case handling,0.0,0,0.6666666666666666,1.0,2
604,0.5,1,1.0,160,1.0,1.0,williambrown97@gmail.com,1.0,1.0,1.0,1.0,20,1.0,1.0,1.0,1.0,184,1.0,114,1.0,2,4,0,4,14,0.15384615384615385,4,0,0.0,45.71153846153846,52,6,0,26.0,0.6538461538461539,34,52,18,2,1,2025-05-28T20:58:51+00:00,1,1,1.0,1.0,0,0,548,0.08941605839416059,113,302.0,0.07149374348279458,0.06875651720542231,58.5,2.0,14,0,0,0,0,0,0,0,0,0,0,0,2,0.0,0,bug_fix,corrective,Human,83,7.798013245033113,4710,1,1,1194,1205,12,15,PrimeIntellect-ai/verifiers,114,9ce3f39ff7d80bd841dd70e654c072ee27d4ab09,error handling,0.0,0,1.0,1.0,2
761,0.5,1,1.0,161,1.0,1.0,williambrown97@gmail.com,1.0,1.0,1.0,1.0,21,1.0,1.0,1.0,1.0,185,1.0,114,4.0,4,0,0,3,24,0.08888888888888889,0,0,0.4,112.6,45,24,0,12.25,0.04081632653061224,2,49,47,1,1,2025-05-28T21:39:06+00:00,0,1,1.0,1.0,0,0,573,0.2857142857142857,175,190.25,0.13057333753745826,0.10197951344586699,56.5,2.0,15,0,0,0,0,0,0,0,0,1,0,0,2,0.25,1,refactor_cleanup,preventive,Human,13,0.4914586070959264,374,1,1,1911,1911,15,15,PrimeIntellect-ai/verifiers,114,0bdbc6a3c3bd3e2c3bf2a505b6ac62cd121e505b,logging cleanup,0.0,0,1.0,1.0,2
1536,0.5,1,1.0,162,1.0,1.0,williambrown97@gmail.com,1.0,1.0,1.0,1.0,0,1.0,1.0,1.0,1.0,187,1.0,115,0.3125,5,0,2,2,12,0.09333333333333334,1,0,0.013333333333333334,53.2,75,25,0,17.0,0.6941176470588235,59,85,26,16,1,2025-05-29T00:45:33+00:00,0,1,0.9411764705882353,0.8,0,0,1096,0.4782608695652174,275,307.2,0.1865789630185535,0.05633877386680217,65.8,2.5625,18,0,0,0,0,0,0,0,0,0,0,0,2,0.2,1,dependency_update,adaptive,Human,86,3.55859375,5466,1,1,3021,3036,23,26,PrimeIntellect-ai/verifiers,115,3cbfa258b306213270b25f2a0e43ad0ec8075ba3,"examples, defaults",0.0,0,0.8,0.8,3
33,0.5,1,1.0,163,1.0,1.0,williambrown97@gmail.com,1.0,1.0,1.0,1.0,0,1.0,1.0,1.0,1.0,188,1.0,115,1.0,1,0,0,0,0,0.0,0,0,0.0,51.0,4,0,0,5.0,0.2,1,5,4,1,1,2025-05-29T00:53:50+00:00,0,1,1.0,1.0,0,0,33,0.15151515151515152,0,33.0,0.15151515151515152,0.0,0.0,2.0,6,0,0,0,0,0,0,0,0,0,0,0,1,0.0,0,dependency_update,adaptive,Human,0,0.0,0,1,1,8,23,2,5,PrimeIntellect-ai/verifiers,115,efb3bd5c8e3b891db340af2d8a75c7bf77c87457,pyproj,0.0,0,1.0,1.0,3
28,0.5,1,1.0,164,1.0,1.0,williambrown97@gmail.com,1.0,1.0,1.0,1.0,0,1.0,1.0,1.0,1.0,189,1.0,115,0.5,1,0,0,0,0,0.0,0,2,0.0,51.666666666666664,3,0,0,3.0,0.6666666666666666,2,3,1,2,1,2025-05-29T00:59:08+00:00,1,1,0.3333333333333333,1.0,0,0,28,0.03571428571428571,0,28.0,0.03571428571428571,0.0,0.0,1.5,6,0,0,0,0,0,0,0,0,0,0,0,1,0.0,0,unknown,unknown,Human,17,6.0,168,1,1,30,33,11,13,PrimeIntellect-ai/verifiers,115,935ce71e2d82f1ca625818a6a3e7e811776bb3c2,pyproj,0.0,0,1.0,1.0,3
1095,0.5,1,1.0,165,1.0,1.0,williambrown97@gmail.com,1.0,1.0,1.0,1.0,1,1.0,1.0,1.0,1.0,190,1.0,115,1.0,1,1,0,0,0,0.0,0,0,0.0,62.0,1,0,0,1.0,0.0,0,1,1,1,1,2025-05-29T01:02:39+00:00,0,1,1.0,1.0,0,0,1095,0.0009132420091324201,275,1095.0,0.0009132420091324201,0.16164383561643836,275.0,2.0,6,0,0,0,0,0,0,0,0,0,0,0,1,0.0,0,,,,65,4.754337899543379,5206,1,1,2967,2967,24,24,PrimeIntellect-ai/verifiers,115,abc07121cee0a0ab458b393b5e89abe84c939fa5,pyproj,0.0,0,1.0,1.0,3
1094,0.5,1,1.0,166,1.0,1.0,williambrown97@gmail.com,1.0,1.0,1.0,1.0,1,1.0,1.0,1.0,1.0,191,1.0,115,1.0,1,0,0,0,0,0.0,0,0,0.4,105.6,5,0,0,5.0,0.4,2,5,3,1,1,2025-05-29T01:29:39+00:00,0,1,1.0,1.0,0,0,1094,0.004570383912248629,275,1094.0,0.004570383912248629,0.16179159049360145,275.0,2.0,5,0,0,0,0,0,0,0,0,0,0,0,1,0.0,0,unknown,unknown,Human,64,4.754113345521024,5201,1,1,2968,2968,25,25,PrimeIntellect-ai/verifiers,115,efebd519b63fa3001c72908f201b83cf8ddeb86c,stuff,0.0,0,1.0,1.0,3
1096,0.5,1,1.0,167,1.0,1.0,williambrown97@gmail.com,1.0,1.0,1.0,1.0,3,1.0,1.0,1.0,1.0,192,1.0,115,1.0,1,0,0,6,26,0.1780821917808219,0,0,0.0821917808219178,68.08219178082192,73,5,0,78.0,0.5128205128205128,40,78,38,1,1,2025-05-29T03:07:55+00:00,0,1,1.0,1.0,0,0,1096,0.07116788321167883,267,1096.0,0.07116788321167883,0.15875912408759124,267.0,2.0,5,0,0,0,0,0,0,0,0,0,0,0,1,0.0,0,unknown,unknown,Human,63,4.674270072992701,5123,1,1,2973,2973,26,26,PrimeIntellect-ai/verifiers,115,fd9909b62ee46beb4f151eaa160c68b063b79ac4,stuff,0.0,0,1.0,1.0,3
1069,0.5,1,1.0,168,1.0,1.0,williambrown97@gmail.com,1.0,1.0,1.0,1.0,3,1.0,1.0,1.0,1.0,193,1.0,115,1.0,1,1,2,7,29,0.17475728155339806,0,0,0.08737864077669903,73.58252427184466,103,11,0,115.0,0.3826086956521739,44,115,71,1,1,2025-05-29T03:57:24+00:00,0,1,1.0,1.0,0,0,1069,0.10757717492984098,271,1069.0,0.10757717492984098,0.16089803554724041,271.0,2.0,20,0,0,0,0,0,0,0,0,0,1,0,3,0.0,0,revert,corrective,Human,62,4.684752104770814,5008,1,1,3051,3051,27,27,PrimeIntellect-ai/verifiers,115,914fb02b13bc06ae9a870337d55ae29a39cd90ef,revert logging stuff,0.0,0,1.0,1.0,3
1068,0.5,1,1.0,169,1.0,1.0,williambrown97@gmail.com,1.0,1.0,1.0,1.0,4,1.0,1.0,1.0,1.0,194,1.0,115,1.0,1,1,0,0,0,0.0,0,0,0.0,62.0,1,0,0,1.0,0.0,0,1,1,1,1,2025-05-29T04:00:21+00:00,0,1,1.0,1.0,0,0,1068,0.0009363295880149813,271,1068.0,0.0009363295880149813,0.16104868913857678,271.0,2.0,20,0,0,0,0,0,0,0,0,0,1,0,3,0.0,0,,,,61,4.688202247191011,5007,1,1,3166,3166,28,28,PrimeIntellect-ai/verifiers,115,a6f21e8b0b947c4c9e40a68890118df8ede10cdb,revert logging stuff,0.0,0,1.0,1.0,3
1159,0.5,1,1.0,170,1.0,1.0,williambrown97@gmail.com,1.0,1.0,1.0,1.0,20,1.0,1.0,1.0,1.0,195,1.0,116,1.0,2,0,2,14,58,0.1598639455782313,0,2,0.017006802721088437,60.75170068027211,294,46,0,166.5,0.5435435435435435,181,333,152,2,1,2025-05-30T20:38:18+00:00,1,1,0.987987987987988,1.0,0,0,1097,0.29808568824065634,253,579.5,0.1651718763783927,0.14427911900491075,131.5,2.0,27,0,0,0,0,0,0,0,0,0,0,0,3,0.0,0,refactor_cleanup,preventive,Human,66,4.2217428817946505,4893,1,1,3195,3195,30,30,PrimeIntellect-ai/verifiers,116,0e5165780eb04190f29b52d149f99ce187781aba,trainer logic consolidation,0.0,0,1.0,1.0,4
1412,0.5,1,1.0,171,1.0,1.0,williambrown97@gmail.com,1.0,1.0,1.0,1.0,1,1.0,1.0,1.0,1.0,196,1.0,117,1.0,3,0,20,47,166,0.1866151866151866,7,1,0.029601029601029602,60.08880308880309,777,169,0,291.0,0.46964490263459335,410,873,463,3,1,2025-05-31T01:00:48+00:00,0,1,1.0,1.0,0,1,1051,0.8144624167459562,211,470.6666666666667,0.38084986127205805,0.06521633956361174,86.66666666666667,2.0,13,0,0,0,0,0,0,0,0,0,0,0,2,0.0,0,bug_fix,corrective,Human,62,2.7372521246458925,3865,1,1,3595,3595,30,30,PrimeIntellect-ai/verifiers,117,e795ad2007ce9c02c1f8fecad17080115a6c277e,trainer fixes,0.0,0,1.0,1.0,5
1561,0.5,1,1.0,172,1.0,1.0,williambrown97@gmail.com,1.0,1.0,1.0,1.0,2,1.0,1.0,1.0,1.0,197,1.0,117,0.5555555555555556,5,0,0,8,20,0.14166666666666666,0,12,0.008333333333333333,48.78333333333333,120,7,0,27.4,0.8905109489051095,122,137,15,9,1,2025-05-31T02:08:32+00:00,0,1,0.8978102189781022,1.0,0,1,1153,0.4,237,312.2,0.18652175426238204,0.09329094733676821,57.2,1.8888888888888888,17,0,0,0,0,0,0,0,0,0,0,0,3,0.0,0,feature,perfective,Human,75,2.507367072389494,3914,1,1,4515,4518,44,46,PrimeIntellect-ai/verifiers,117,368c267907f6b9eff27928c70df9a7f5f91078e2,eval during train,0.0,0,1.0,1.0,5
38,0.5,1,1.0,173,1.0,1.0,williambrown97@gmail.com,1.0,1.0,1.0,1.0,2,1.0,1.0,1.0,1.0,198,1.0,117,0.8,4,0,0,0,1,0.0,0,0,0.03571428571428571,31.214285714285715,56,22,0,14.0,0.125,7,56,49,5,1,2025-05-31T02:29:08+00:00,2,1,1.0,0.25,0,1,11,4.090909090909091,1,9.5,1.3282828282828283,0.0,0.25,2.0,14,0,0,0,0,0,0,0,0,0,0,0,2,0.0,0,refactor_cleanup,preventive,Human,1,0.10526315789473684,4,1,1,2,2,1,1,PrimeIntellect-ai/verifiers,117,28fb83890a9b5f4aec0a3ffb8e6b5892fac8c452,rename trainer,0.0,0,0.25,0.75,5
1170,0.5,1,1.0,174,1.0,1.0,williambrown97@gmail.com,1.0,1.0,1.0,1.0,7,1.0,1.0,1.0,1.0,199,1.0,117,2.0,4,0,0,6,14,0.021052631578947368,0,1,0.10526315789473684,69.41052631578947,95,28,0,25.5,0.7058823529411765,72,102,30,2,1,2025-05-31T07:53:37+00:00,2,1,0.9901960784313726,0.5,0,1,593,0.6,172,292.5,0.2609589556733317,0.08228965911828476,80.75,2.0,32,0,0,0,0,0,0,0,0,1,0,0,5,0.0,0,refactor_cleanup,preventive,Human,14,0.535042735042735,626,1,1,2307,2307,19,19,PrimeIntellect-ai/verifiers,117,09ee92101b82c6bdaac2ba21d1340f1c8d9df37e,"vllm server cli, logging cleanup",0.0,0,0.5,1.0,5
1157,0.5,1,1.0,175,1.0,1.0,williambrown97@gmail.com,1.0,1.0,1.0,1.0,9,1.0,1.0,1.0,1.0,200,1.0,117,1.0,2,0,0,0,0,0.0,0,0,0.0,75.66666666666667,9,3,0,4.5,0.5555555555555556,5,9,4,2,1,2025-05-31T09:33:04+00:00,0,1,1.0,1.0,0,1,1150,0.14285714285714285,237,578.5,0.07490683229813665,0.0808695652173913,118.5,2.0,13,0,0,0,1,0,0,0,0,0,0,0,3,0.0,0,bug_fix,corrective,Human,58,3.2143474503025065,3719,1,1,4480,4480,34,34,PrimeIntellect-ai/verifiers,117,778be45fba3b80dee96b2ab2a7ae00080d6bd8d6,eval save fix,0.0,0,1.0,1.0,5
7,0.5,1,1.0,176,nan,nan,williambrown97@gmail.com,nan,1.0,1.0,1.0,9,nan,1.0,nan,1.0,201,1.0,117,1.0,1,0,0,0,0,0.0,0,0,0.0,53.5,2,0,0,2.0,0.5,1,2,1,1,1,2025-05-31T09:40:29+00:00,nan,1,1.0,0.0,0,1,7,0.2857142857142857,0,7.0,0.2857142857142857,0.0,0.0,2.0,12,0,0,0,0,0,0,0,0,0,0,0,2,1.0,1,resource,perfective,Human,3,1.5714285714285714,11,1,0,0,0,0,0,PrimeIntellect-ai/verifiers,117,0ea375ea22f1c54c58d0cad8e2a18af522def3aa,math dataset,0.0,0,0.0,1.0,5
1177,0.5,1,1.0,177,1.0,1.0,williambrown97@gmail.com,1.0,1.0,1.0,1.0,9,1.0,1.0,1.0,1.0,202,1.0,117,1.0,1,0,1,0,8,0.1111111111111111,1,0,0.0,63.36507936507937,63,11,0,69.0,0.6956521739130435,48,69,21,1,1,2025-05-31T09:58:31+00:00,0,1,1.0,1.0,0,1,1177,0.05862361937128292,243,1177.0,0.05862361937128292,0.1622769753610875,243.0,2.0,13,0,0,0,1,0,0,0,0,0,0,0,3,0.0,0,bug_fix,corrective,Human,56,3.092608326253186,3640,1,1,4465,4465,33,33,PrimeIntellect-ai/verifiers,117,630166964594478d44e82938877f611735b04179,multi-gpu fix,0.0,0,1.0,1.0,5
1175,0.5,1,1.0,178,1.0,1.0,williambrown97@gmail.com,1.0,1.0,1.0,1.0,10,1.0,1.0,1.0,1.0,203,1.0,117,1.0,1,0,1,5,49,0.1875,9,0,0.008928571428571428,60.857142857142854,224,41,0,248.0,0.4959677419354839,123,248,125,1,1,2025-05-31T10:03:13+00:00,0,1,1.0,1.0,0,1,1175,0.21106382978723404,243,1175.0,0.21106382978723404,0.16085106382978723,243.0,2.0,13,0,0,0,1,0,0,0,0,0,0,0,3,0.0,0,bug_fix,corrective,Human,55,2.8868085106382977,3392,1,1,4534,4534,34,34,PrimeIntellect-ai/verifiers,117,97123283c168b9fc3ee3bdd7ef2600a7a2a1faf9,multi-gpu fix,0.0,0,1.0,1.0,5
1175,0.5,1,1.0,179,1.0,1.0,williambrown97@gmail.com,1.0,1.0,1.0,1.0,10,1.0,1.0,1.0,1.0,204,1.0,117,1.0,1,0,0,1,5,0.5,0,0,0.0,69.16666666666667,12,0,0,12.0,0.5,6,12,6,1,1,2025-05-31T10:25:18+00:00,0,1,1.0,1.0,0,1,1175,0.010212765957446808,243,1175.0,0.010212765957446808,0.16085106382978723,243.0,2.0,20,0,0,0,1,0,0,0,0,0,0,0,3,0.0,0,bug_fix,corrective,Human,54,2.876595744680851,3380,1,1,4782,4782,35,35,PrimeIntellect-ai/verifiers,117,9caa897c92003e8f82917e963b6d177cb8a37153,fix lookahead gather,0.0,0,1.0,1.0,5
1163,0.5,1,1.0,180,1.0,1.0,williambrown97@gmail.com,1.0,1.0,1.0,1.0,10,1.0,1.0,1.0,1.0,205,1.0,117,1.0,1,0,0,2,16,0.11627906976744186,0,0,0.0,63.83720930232558,43,6,0,44.0,0.36363636363636365,16,44,28,1,1,2025-05-31T10:30:34+00:00,0,1,1.0,1.0,0,1,1163,0.037833190025795355,243,1163.0,0.037833190025795355,0.16165090283748926,243.0,2.0,20,0,0,0,1,0,0,0,0,0,0,0,3,0.0,0,bug_fix,corrective,Human,53,2.8684436801375752,3336,1,1,4794,4794,36,36,PrimeIntellect-ai/verifiers,117,bedfc631bb72c741e329d3c9bcbc9a94160e1584,fix lookahead gather,0.0,0,1.0,1.0,5
1185,0.5,1,1.0,181,1.0,1.0,williambrown97@gmail.com,1.0,1.0,1.0,1.0,10,1.0,1.0,1.0,1.0,206,1.0,117,1.0,1,0,0,0,6,0.38461538461538464,0,0,0.0,66.46153846153847,26,0,0,30.0,0.8666666666666667,26,30,4,1,1,2025-05-31T10:36:21+00:00,0,1,1.0,1.0,0,1,1185,0.02531645569620253,245,1185.0,0.02531645569620253,0.16371308016877636,245.0,2.0,20,0,0,0,1,0,0,0,0,0,0,0,3,0.0,0,bug_fix,corrective,Human,52,2.789873417721519,3306,1,1,4838,4838,37,37,PrimeIntellect-ai/verifiers,117,e33671484c3ac89c96d2122fb6af7b2367f72a41,fix lookahead gather,0.0,0,1.0,1.0,5
1292,0.5,1,1.0,182,1.0,1.0,williambrown97@gmail.com,1.0,1.0,1.0,1.0,10,1.0,1.0,1.0,1.0,207,1.0,117,1.0,1,0,1,2,25,0.15217391304347827,2,0,0.010869565217391304,53.78260869565217,92,9,0,107.0,1.0,107,107,0,1,1,2025-05-31T10:53:33+00:00,0,1,1.0,1.0,0,1,1292,0.08281733746130031,272,1292.0,0.08281733746130031,0.1609907120743034,272.0,2.0,7,0,0,0,0,0,0,0,0,0,0,0,1,0.0,0,documentation,perfective,Human,51,2.4760061919504643,3199,1,1,4868,4868,38,38,PrimeIntellect-ai/verifiers,117,5cdbbff0fbdc9e1c13c749a39cd1db582df1877e,logging,0.0,0,1.0,1.0,5
1351,0.5,1,1.0,183,1.0,1.0,williambrown97@gmail.com,1.0,1.0,1.0,1.0,11,1.0,1.0,1.0,1.0,208,1.0,117,1.0,1,0,0,3,19,0.171875,0,0,0.015625,60.65625,64,8,0,75.0,0.8933333333333333,67,75,8,1,1,2025-05-31T11:03:52+00:00,0,1,1.0,1.0,0,1,1351,0.05551443375277572,294,1351.0,0.05551443375277572,0.16062176165803108,294.0,2.0,7,0,0,0,0,0,0,0,0,0,0,0,1,0.0,0,documentation,perfective,Human,50,2.312361213915618,3124,1,1,4975,4975,39,39,PrimeIntellect-ai/verifiers,117,7b17a90f11c5c3a6cbe9531a98ea13cd4332b3cf,logging,0.0,0,1.0,1.0,5
1352,0.5,1,1.0,184,1.0,1.0,williambrown97@gmail.com,1.0,1.0,1.0,1.0,11,1.0,1.0,1.0,1.0,209,1.0,117,0.3333333333333333,1,0,0,0,0,0.0,0,0,0.0,58.2,5,1,0,5.0,0.6,3,5,2,3,1,2025-05-31T11:09:13+00:00,0,1,1.0,1.0,0,1,1352,0.0036982248520710057,294,1352.0,0.0036982248520710057,0.16050295857988164,294.0,1.3333333333333333,7,0,0,0,0,0,0,0,0,0,0,0,1,0.0,0,refactor_cleanup,preventive,Human,49,2.3069526627218937,3119,1,1,5050,5050,40,40,PrimeIntellect-ai/verifiers,117,15f36666f52e2c2eb8262ff77e35bcd0ccaec978,logging,0.0,0,1.0,1.0,5
1353,0.5,1,1.0,185,1.0,1.0,williambrown97@gmail.com,1.0,1.0,1.0,1.0,21,1.0,1.0,1.0,1.0,210,1.0,117,1.0,1,0,0,0,0,0.0,0,0,0.0,42.2,5,0,0,5.0,0.6,3,5,2,1,1,2025-05-31T21:41:26+00:00,0,1,1.0,1.0,0,1,1353,0.003695491500369549,294,1353.0,0.003695491500369549,0.16038433111603842,294.0,2.0,3,0,1,0,0,0,0,0,0,0,0,0,1,0.0,0,documentation,perfective,Human,48,2.3015521064301554,3114,1,1,5055,5055,41,41,PrimeIntellect-ai/verifiers,117,404182c5b6b22ecfdf6a2631deddbbcbe3807026,doc,0.0,0,1.0,1.0,5
1677,0.5,1,1.0,186,1.0,1.0,williambrown97@gmail.com,1.0,1.0,1.0,1.0,22,1.0,1.0,1.0,1.0,211,1.0,118,0.8,4,0,18,37,163,0.17408376963350786,15,0,0.020942408376963352,58.41492146596859,764,96,0,212.25,0.2744405182567727,233,849,616,5,1,2025-06-01T22:58:27+00:00,1,1,1.0,0.5,0,1,981,0.8073394495412844,190,419.25,0.27484753271250345,0.07830830548265998,74.5,2.2,35,0,0,0,0,0,0,0,0,1,0,0,5,0.25,1,refactor_cleanup,preventive,Human,53,1.637447823494335,2746,1,1,5074,5074,42,42,PrimeIntellect-ai/verifiers,118,ca3ff242ed5d0d7b7fe12934f316cf38d60cce89,lots of trainer refactoring/cleanup,0.0,0,0.5,0.75,6
986,0.5,1,1.0,187,1.0,1.0,williambrown97@gmail.com,1.0,1.0,1.0,1.0,23,1.0,1.0,1.0,1.0,212,1.0,118,1.0,1,0,0,0,1,0.03125,0,0,0.0625,80.59375,32,4,0,33.0,0.5757575757575758,19,33,14,1,1,2025-06-01T23:07:12+00:00,0,1,1.0,1.0,0,1,986,0.033468559837728194,191,986.0,0.033468559837728194,0.15212981744421908,191.0,2.0,13,0,0,0,0,0,0,0,0,0,0,0,3,0.0,0,bug_fix,corrective,Human,46,2.321501014198783,2289,1,1,5852,5852,43,43,PrimeIntellect-ai/verifiers,118,7f3056a2c71bc455ff850a9e8e1144b4b103d507,batch id sync,0.0,0,1.0,1.0,6
993,0.5,1,1.0,188,1.0,1.0,williambrown97@gmail.com,1.0,1.0,1.0,1.0,23,1.0,1.0,1.0,1.0,213,1.0,118,1.0,1,0,0,0,2,0.05555555555555555,0,0,0.0,59.22222222222222,18,4,0,31.0,0.6129032258064516,19,31,12,1,1,2025-06-01T23:21:15+00:00,0,1,1.0,1.0,0,1,993,0.03121852970795569,191,993.0,0.03121852970795569,0.15206445115810674,191.0,2.0,13,0,0,0,0,0,0,0,0,0,0,0,3,0.0,0,feature,perfective,Human,45,2.2739174219536755,2258,1,1,5885,5885,44,44,PrimeIntellect-ai/verifiers,118,a9fde7645196e9480e976a8792f905cd1f30e0bb,batch id sync,0.0,0,1.0,1.0,6
998,0.5,1,1.0,189,1.0,1.0,williambrown97@gmail.com,1.0,1.0,1.0,1.0,23,1.0,1.0,1.0,1.0,214,1.0,119,1.0,1,0,0,0,0,0.0,0,0,0.0,81.14285714285714,14,9,0,15.0,0.6666666666666666,10,15,5,1,1,2025-06-01T23:40:29+00:00,0,1,1.0,1.0,0,1,998,0.01503006012024048,191,998.0,0.01503006012024048,0.15130260521042085,191.0,2.0,5,0,0,0,0,0,0,0,0,0,0,0,1,0.0,0,unknown,unknown,Human,44,2.24749498997996,2243,1,1,5916,5916,45,45,PrimeIntellect-ai/verifiers,119,0ce412425d4eef26ad6ef0318c6b4286b66b33cc,syncs,0.0,0,1.0,1.0,6
997,0.5,1,1.0,190,1.0,1.0,williambrown97@gmail.com,1.0,1.0,1.0,1.0,0,1.0,1.0,1.0,1.0,215,1.0,119,1.0,1,0,0,1,0,0.05660377358490566,0,0,0.018867924528301886,64.86792452830188,53,10,0,55.0,0.4909090909090909,27,55,28,1,1,2025-06-02T00:00:10+00:00,0,1,1.0,1.0,0,0,997,0.055165496489468405,190,997.0,0.055165496489468405,0.15045135406218657,190.0,2.0,14,0,0,0,0,0,0,0,0,1,0,0,2,0.0,0,refactor_cleanup,preventive,Human,43,2.194583751253761,2188,1,1,5931,5931,46,46,PrimeIntellect-ai/verifiers,119,141bb4ee6f8898196ddc5aa4839a3a905595454f,rework logging,0.0,0,1.0,1.0,0
1004,0.5,1,1.0,191,1.0,1.0,williambrown97@gmail.com,1.0,1.0,1.0,1.0,0,1.0,1.0,1.0,1.0,216,1.0,119,1.0,1,0,0,0,1,0.16666666666666666,0,0,0.0,66.66666666666667,6,0,0,7.0,1.0,7,7,0,1,1,2025-06-02T00:16:21+00:00,0,1,1.0,1.0,0,0,1004,0.0069721115537848604,191,1004.0,0.0069721115537848604,0.150398406374502,191.0,2.0,11,0,0,0,0,0,0,0,0,0,0,0,2,0.0,0,refactor_cleanup,preventive,Human,42,2.1723107569721116,2181,1,1,5986,5986,47,47,PrimeIntellect-ai/verifiers,119,1910721efa2cfabe05df43148bc8adb179bdd5c0,move device,0.0,0,1.0,1.0,0
1003,0.5,1,1.0,192,1.0,1.0,williambrown97@gmail.com,1.0,1.0,1.0,1.0,0,1.0,1.0,1.0,1.0,217,1.0,119,1.0,1,0,0,1,4,0.1,0,0,0.0,64.95,20,0,0,23.0,0.4782608695652174,11,23,12,1,1,2025-06-02T00:40:52+00:00,0,1,1.0,1.0,0,0,1003,0.022931206380857428,194,1003.0,0.022931206380857428,0.15054835493519442,194.0,2.0,11,0,0,0,0,0,0,0,0,0,0,0,2,0.0,0,refactor_cleanup,preventive,Human,41,2.151545363908275,2158,1,1,5993,5993,48,48,PrimeIntellect-ai/verifiers,119,df43deff6f84eb17627777742722ed5d44ae533f,move device,0.0,0,1.0,1.0,0
8,0.5,1,1.0,193,nan,nan,williambrown97@gmail.com,nan,1.0,1.0,1.0,0,nan,1.0,nan,1.0,218,1.0,119,1.0,1,0,0,0,0,0.0,0,0,0.0,37.0,4,4,0,4.0,0.5,2,4,2,1,1,2025-06-02T00:45:15+00:00,nan,1,1.0,0.0,0,0,8,0.5,0,8.0,0.5,0.0,0.0,2.0,5,0,0,0,0,0,0,0,0,0,0,0,1,0.0,0,unknown,unknown,Human,1,0.5,4,1,0,0,0,0,0,PrimeIntellect-ai/verifiers,119,087f0a4a89325abcc97494158acd9cffdf9b3c76,stuff,0.0,0,0.0,1.0,0
996,0.5,1,1.0,194,1.0,1.0,williambrown97@gmail.com,1.0,1.0,1.0,1.0,1,1.0,1.0,1.0,1.0,219,1.0,119,1.0,1,1,0,8,33,0.1130952380952381,0,0,0.07142857142857142,69.5,168,13,0,193.0,0.48186528497409326,93,193,100,1,1,2025-06-02T01:01:24+00:00,0,1,1.0,1.0,0,0,996,0.19377510040160642,195,996.0,0.19377510040160642,0.15261044176706828,195.0,2.0,5,0,0,0,0,0,0,0,0,0,0,0,1,0.0,0,unknown,unknown,Human,40,1.9728915662650603,1965,1,1,6016,6016,49,49,PrimeIntellect-ai/verifiers,119,d995ae3be388f55a3b0bfb87fd87163d1819ba0e,stuff,0.0,0,1.0,1.0,0
8,0.5,1,1.0,195,1.0,1.0,williambrown97@gmail.com,1.0,1.0,1.0,1.0,1,1.0,1.0,1.0,1.0,220,1.0,119,1.0,1,0,0,0,0,0.0,0,0,0.0,37.0,4,4,0,4.0,0.5,2,4,2,1,1,2025-06-02T01:23:58+00:00,0,1,1.0,1.0,0,0,8,0.5,0,8.0,0.5,0.0,0.0,2.0,5,0,0,0,0,0,0,0,0,0,0,0,1,0.0,0,unknown,unknown,Human,0,0.0,0,1,1,4,4,1,1,PrimeIntellect-ai/verifiers,119,6a91ed0b201bb1185f4fba025b19184908ed7b7e,stuff,0.0,0,1.0,1.0,0
984,0.5,1,1.0,196,1.0,1.0,williambrown97@gmail.com,1.0,1.0,1.0,1.0,2,1.0,1.0,1.0,1.0,221,1.0,119,1.0,1,0,0,0,0,0.07692307692307693,0,0,0.0,72.76923076923077,13,9,0,14.0,0.07142857142857142,1,14,13,1,1,2025-06-02T02:06:37+00:00,0,1,1.0,1.0,0,0,984,0.014227642276422764,195,984.0,0.014227642276422764,0.15345528455284552,195.0,2.0,5,0,0,0,0,0,0,0,0,0,0,0,1,0.0,0,unknown,unknown,Human,39,1.9827235772357723,1951,1,1,6209,6209,50,50,PrimeIntellect-ai/verifiers,119,ccac447269fd5e67b597d49552a05ba47578f84b,stuff,0.0,0,1.0,1.0,0
984,0.5,1,1.0,197,1.0,1.0,williambrown97@gmail.com,1.0,1.0,1.0,1.0,2,1.0,1.0,1.0,1.0,222,1.0,119,1.0,1,0,0,0,1,0.3333333333333333,0,0,0.0,66.83333333333333,6,0,0,6.0,0.5,3,6,3,1,1,2025-06-02T02:11:38+00:00,0,1,1.0,1.0,0,0,984,0.006097560975609756,196,984.0,0.006097560975609756,0.15345528455284552,196.0,2.0,5,0,0,0,0,0,0,0,0,0,0,0,1,0.0,0,unknown,unknown,Human,38,1.9766260162601625,1945,1,1,6223,6223,51,51,PrimeIntellect-ai/verifiers,119,e38999a79c2d33c8191c26d0d3990e7ae992f2d2,stuff,0.0,0,1.0,1.0,0
984,0.5,1,1.0,198,1.0,1.0,williambrown97@gmail.com,1.0,1.0,1.0,1.0,2,1.0,1.0,1.0,1.0,223,1.0,119,1.0,1,0,4,20,77,0.06666666666666667,4,2,0.005797101449275362,51.64927536231884,345,23,0,386.0,0.5,193,386,193,1,1,2025-06-02T02:34:24+00:00,0,1,1.0,1.0,0,0,984,0.39227642276422764,197,984.0,0.39227642276422764,0.1524390243902439,197.0,2.0,5,0,0,0,0,0,0,0,0,0,0,0,1,0.0,0,unknown,unknown,Human,37,1.5843495934959348,1559,1,1,6229,6229,52,52,PrimeIntellect-ai/verifiers,119,15b37144a791065674d68efe79984a0a26bdd31f,stuff,0.0,0,1.0,1.0,0
561,0.5,1,1.0,199,1.0,1.0,williambrown97@gmail.com,1.0,1.0,1.0,1.0,3,1.0,1.0,1.0,1.0,224,1.0,119,1.0,1,0,0,0,0,0.0,0,0,0.0,85.0,1,1,0,1.0,1.0,1,1,0,1,1,2025-06-02T03:06:33+00:00,1,1,1.0,1.0,0,0,561,0.0017825311942959,172,561.0,0.0017825311942959,0.14795008912655971,172.0,2.0,5,0,0,0,0,0,0,0,0,0,0,0,1,0.0,0,unknown,unknown,Human,5,0.6042780748663101,339,1,1,1940,1940,15,15,PrimeIntellect-ai/verifiers,119,31662601e498a9c3b5f9de94c40a8a0d8606c1fc,stuff,0.0,0,1.0,1.0,0
697,0.5,1,1.0,200,1.0,1.0,williambrown97@gmail.com,1.0,1.0,1.0,1.0,3,1.0,1.0,1.0,1.0,225,1.0,119,2.0,2,0,0,0,0,0.0,0,0,0.0,67.25,4,2,0,2.0,0.5,2,4,2,1,1,2025-06-02T03:15:04+00:00,0,1,1.0,1.0,0,0,561,0.014705882352941176,172,348.5,0.009135472370766489,0.07765151515151515,106.0,2.0,5,0,0,0,0,0,0,0,0,0,0,0,1,0.0,0,unknown,unknown,Human,10,0.509325681492109,355,1,1,1945,1945,17,17,PrimeIntellect-ai/verifiers,119,2e8c1e31d2f5f6be7b8561606c23f3b81adf6831,stuff,0.0,0,1.0,1.0,0
2273,0.5,1,1.0,201,1.0,1.0,williambrown97@gmail.com,1.0,1.0,1.0,1.0,3,1.0,1.0,1.0,1.0,226,1.0,119,1.0,6,0,0,8,3,0.4772727272727273,0,2,0.0,53.22727272727273,44,11,1,7.833333333333333,0.5957446808510638,28,47,19,6,1,2025-06-02T03:55:53+00:00,0,1,0.9574468085106383,0.6666666666666666,0,0,986,0.15384615384615385,197,378.8333333333333,0.04184864990384005,0.05720542889288468,72.33333333333333,2.0,5,0,0,0,0,0,0,0,0,0,0,0,1,0.0,0,unknown,unknown,Human,110,2.73383194016718,6214,1,1,7821,7823,65,66,PrimeIntellect-ai/verifiers,119,a9045dda050494dd5dfbbf4a633798d4b7d2c796,stuff,0.0,0,0.6666666666666666,1.0,0
561,0.5,1,1.0,202,1.0,1.0,williambrown97@gmail.com,1.0,1.0,1.0,1.0,4,1.0,1.0,1.0,1.0,227,1.0,119,1.0,1,0,0,0,0,0.0,0,0,0.5,119.0,2,2,0,2.0,0.5,1,2,1,1,1,2025-06-02T04:03:48+00:00,0,1,1.0,1.0,0,0,561,0.0035650623885918,172,561.0,0.0035650623885918,0.14795008912655971,172.0,2.0,5,0,0,0,0,0,0,0,0,0,0,0,1,0.0,0,unknown,unknown,Human,3,0.5971479500891266,335,1,1,1943,1943,17,17,PrimeIntellect-ai/verifiers,119,7f3385fce95d6caf14eb5a8858de2b3c0f549a39,stuff,0.0,0,1.0,1.0,0
80,0.5,1,1.0,203,1.0,1.0,williambrown97@gmail.com,1.0,1.0,1.0,1.0,4,1.0,1.0,1.0,1.0,228,1.0,119,1.0,1,0,0,1,1,0.0,0,0,0.0,66.25,4,2,0,4.0,0.75,3,4,1,1,1,2025-06-02T04:05:44+00:00,10,1,1.0,1.0,0,0,80,0.05,18,80.0,0.05,0.0875,18.0,2.0,5,0,0,0,0,0,0,0,0,0,0,0,1,0.0,0,unknown,unknown,Human,3,0.35,28,1,1,93,93,2,2,PrimeIntellect-ai/verifiers,119,5d718efc94c6eab66cd2fa9dd72a720f30f21ec2,stuff,0.0,0,1.0,1.0,0
14,0.5,1,1.0,204,1.0,1.0,williambrown97@gmail.com,1.0,1.0,1.0,1.0,4,1.0,1.0,1.0,1.0,229,1.0,119,1.0,2,0,0,0,0,0.0,0,0,0.0,56.5,4,2,0,2.0,0.5,2,4,2,2,1,2025-06-02T04:40:42+00:00,1,1,1.0,1.0,0,0,7,0.2857142857142857,0,7.0,0.2857142857142857,0.0,0.0,2.0,5,0,0,0,0,0,0,0,0,0,0,0,1,0.5,1,documentation,perfective,Human,2,0.6428571428571429,9,1,1,47,47,2,2,PrimeIntellect-ai/verifiers,119,75fb0ca49fd576dd16290bb4d60d771856878ae9,stuff,0.0,0,1.0,1.0,0
20,0.5,1,1.0,205,1.0,1.0,williambrown97@gmail.com,1.0,1.0,1.0,1.0,4,1.0,1.0,1.0,1.0,230,1.0,119,1.0,1,0,0,0,0,0.0,0,0,0.0,42.666666666666664,6,4,0,6.0,0.5,3,6,3,1,1,2025-06-02T04:41:13+00:00,0,1,1.0,1.0,0,0,20,0.3,0,20.0,0.3,0.0,0.0,2.0,5,0,0,0,0,0,0,0,0,0,0,0,1,1.0,1,unknown,unknown,Human,1,0.15,3,1,1,4,4,2,2,PrimeIntellect-ai/verifiers,119,57de578f0c0d10d7e7be998fd6d31f5c7c703b82,stuff,0.0,0,1.0,1.0,0
136,0.5,1,1.0,206,1.0,1.0,williambrown97@gmail.com,1.0,1.0,1.0,1.0,4,1.0,1.0,1.0,1.0,231,1.0,119,1.0,1,0,0,0,0,0.0,0,0,0.0,21.5,2,2,0,2.0,0.5,1,2,1,1,1,2025-06-02T04:42:20+00:00,0,1,1.0,1.0,0,0,136,0.014705882352941176,40,136.0,0.014705882352941176,0.007352941176470588,40.0,2.0,5,0,0,0,0,0,0,0,0,0,0,0,1,0.0,0,unknown,unknown,Human,4,0.10294117647058823,14,1,1,8,8,4,4,PrimeIntellect-ai/verifiers,119,77a9b00a32277b9506740a457b2eb745aeaefe2d,stuff,0.0,0,1.0,1.0,0
551,0.5,1,1.0,207,1.0,1.0,williambrown97@gmail.com,1.0,1.0,1.0,1.0,4,1.0,1.0,1.0,1.0,232,1.0,119,1.0,1,0,0,0,0,0.0,0,0,0.0,41.0,2,0,0,2.0,0.5,1,2,1,1,1,2025-06-02T04:58:07+00:00,0,1,1.0,1.0,0,0,551,0.003629764065335753,114,551.0,0.003629764065335753,0.08166969147005444,114.0,2.0,5,0,0,0,0,0,0,0,0,0,0,0,1,0.0,0,unknown,unknown,Human,73,7.7676950998185115,4280,1,1,1223,1225,13,14,PrimeIntellect-ai/verifiers,119,37e7aa54333eb4e391e8744079564b957eaaa3aa,stuff,0.0,0,1.0,1.0,0
1202,0.5,1,1.0,208,1.0,1.0,williambrown97@gmail.com,1.0,1.0,1.0,1.0,17,1.0,1.0,1.0,1.0,234,1.0,119,2.0,2,0,12,2,70,0.07086614173228346,18,1,0.11811023622047244,77.39763779527559,254,12,0,134.5,0.7174721189591078,193,269,76,1,1,2025-06-02T17:24:41+00:00,0,1,0.9888475836431226,1.0,0,0,1195,0.2217573221757322,330,601.0,0.18230723251643755,0.0598326359832636,165.0,2.0,5,0,0,0,0,0,0,0,0,0,0,0,1,0.0,0,unknown,unknown,Human,2,0.05823627287853577,70,1,1,1949,1949,19,19,PrimeIntellect-ai/verifiers,119,15976a56b98b5d4f9210392855a8e6512ade705b,stuff,0.0,0,1.0,1.0,0
692,0.5,1,1.0,209,1.0,1.0,williambrown97@gmail.com,1.0,1.0,1.0,1.0,18,1.0,1.0,1.0,1.0,235,1.0,119,1.0,1,0,0,2,1,0.03571428571428571,0,0,0.03571428571428571,69.42857142857143,28,3,0,28.0,0.9642857142857143,27,28,1,1,1,2025-06-02T18:32:43+00:00,0,1,1.0,1.0,0,0,692,0.04046242774566474,197,692.0,0.04046242774566474,0.13872832369942195,197.0,2.0,5,0,0,0,0,0,0,0,0,0,0,0,1,0.0,0,unknown,unknown,Human,1,0.06069364161849711,42,1,1,2210,2210,19,19,PrimeIntellect-ai/verifiers,119,a9fb6b56745a69def47d3b8ea2b2d3dfcc75fd66,stuff,0.0,0,1.0,1.0,0
706,0.5,1,1.0,210,1.0,1.0,williambrown97@gmail.com,1.0,1.0,1.0,1.0,18,1.0,1.0,1.0,1.0,236,1.0,119,1.0,1,0,0,5,11,0.29411764705882354,0,0,0.20588235294117646,91.05882352941177,34,0,0,42.0,0.6666666666666666,28,42,14,1,1,2025-06-02T18:50:27+00:00,0,1,1.0,1.0,0,0,706,0.059490084985835696,203,706.0,0.059490084985835696,0.14447592067988668,203.0,2.0,5,0,0,0,0,0,0,0,0,0,0,0,1,0.0,0,unknown,unknown,Human,0,0.0,0,1,1,2238,2238,20,20,PrimeIntellect-ai/verifiers,119,e5ece6825f2122345e06e1c8d9ada601dc8ff90d,stuff,0.0,0,1.0,1.0,0
118,0.5,1,1.0,211,1.0,1.0,williambrown97@gmail.com,1.0,1.0,1.0,1.0,23,1.0,1.0,1.0,1.0,237,1.0,120,1.0,2,0,0,1,5,0.0,2,2,0.0,60.125,24,6,0,12.5,0.84,21,25,4,2,1,2025-06-02T23:48:32+00:00,4,1,0.92,1.0,1,0,71,0.2676056338028169,8,59.0,0.17635600839077015,0.056637698531615224,6.0,2.0,2,0,0,0,0,0,0,0,0,0,0,0,1,0.0,0,,,,20,2.0677966101694913,244,2,1,54,54,3,3,PrimeIntellect-ai/verifiers,120,c50b762aa2c4b610eb1b59f46c9f44904f78d258,mc,0.0,0,1.0,1.0,0
908,0.5,1,1.0,212,1.0,1.0,williambrown97@gmail.com,1.0,1.0,1.0,1.0,6,1.0,1.0,1.0,1.0,238,1.0,120,0.6666666666666666,4,0,2,4,5,0.0,0,0,0.02702702702702703,56.891891891891895,37,4,0,9.25,0.6756756756756757,25,37,12,6,1,2025-06-03T06:05:58+00:00,0,1,1.0,1.0,0,0,560,0.1,114,227.0,0.06011005549425586,0.06036886642435257,50.5,2.3333333333333335,16,0,0,0,0,0,0,0,0,0,0,0,2,0.0,0,feature,perfective,Human,85,5.213656387665198,4734,1,1,1721,1723,19,20,PrimeIntellect-ai/verifiers,120,48243f9c0b6d6bc890c8a88593ea83a648154b7f,textarena wordle,0.0,0,1.0,1.0,1
52,0.5,1,1.0,213,nan,nan,williambrown97@gmail.com,nan,nan,nan,nan,6,nan,nan,nan,nan,240,1.0,120,1.0,1,0,0,0,0,0.0,0,0,0.0,36.25,4,2,0,4.0,0.5,2,4,2,1,1,2025-06-03T06:21:59+00:00,nan,1,1.0,0.0,0,0,52,0.07692307692307693,9,52.0,0.07692307692307693,0.11538461538461539,9.0,3.0,11,0,0,0,0,0,0,0,0,0,0,0,2,0.0,0,feature,perfective,Human,1,0.07692307692307693,4,1,0,0,0,0,0,PrimeIntellect-ai/verifiers,120,a6225ccc0359b992ef4aec389e2d43f4d175f853,eval script,0.0,0,0.0,0.0,1
7,0.5,1,1.0,214,nan,nan,williambrown97@gmail.com,nan,nan,nan,nan,17,nan,nan,nan,nan,242,1.0,120,1.0,1,0,0,0,0,0.0,0,0,0.0,47.25,8,8,0,8.0,0.5,4,8,4,1,1,2025-06-03T17:01:13+00:00,nan,1,0.25,0.0,0,0,7,0.2857142857142857,1,7.0,0.2857142857142857,0.14285714285714285,1.0,3.0,11,0,0,0,0,0,0,0,0,0,0,0,1,1.0,1,feature,perfective,Human,1,0.2857142857142857,2,1,0,0,0,0,0,PrimeIntellect-ai/verifiers,120,bbffe30330bcbee294eaa82c6c2f1ae77643e60d,hyperparams,0.0,0,0.0,0.0,1
107,0.5,1,1.0,215,nan,nan,williambrown97@gmail.com,nan,nan,nan,nan,17,nan,nan,nan,nan,244,1.0,120,0.3333333333333333,1,0,0,0,0,0.0,0,0,0.0,30.0,2,0,0,2.0,0.0,0,2,2,3,1,2025-06-03T17:27:43+00:00,nan,1,1.0,0.0,0,0,107,0.018691588785046728,10,107.0,0.018691588785046728,0.07476635514018691,10.0,2.3333333333333335,11,0,0,0,0,0,0,0,0,0,0,0,2,0.0,0,feature,perfective,Human,13,1.0654205607476634,114,1,0,0,0,0,0,PrimeIntellect-ai/verifiers,120,816f845bf037f1f0024217a88f78eb6c1d0fe84b,wordle grpo,0.0,0,0.0,0.0,1
105,0.5,1,1.0,216,1.0,1.0,williambrown97@gmail.com,1.0,1.0,1.0,1.0,17,1.0,1.0,1.0,1.0,245,1.0,120,1.0,1,0,0,0,0,0.0,0,0,0.0,25.0,2,0,0,2.0,0.0,0,2,2,1,1,2025-06-03T17:29:02+00:00,0,1,1.0,1.0,0,0,105,0.01904761904761905,10,105.0,0.01904761904761905,0.0761904761904762,10.0,2.0,11,0,0,0,0,0,0,0,0,0,0,0,2,0.0,0,,,,12,1.0666666666666667,112,1,1,2,2,1,1,PrimeIntellect-ai/verifiers,120,cca1bc9b56e8f6ff459437fa8c795806b791987d,wordle grpo,0.0,0,1.0,1.0,1
1368,0.5,1,1.0,217,1.0,1.0,williambrown97@gmail.com,1.0,1.0,1.0,1.0,18,1.0,1.0,1.0,1.0,246,1.0,120,1.0,4,0,0,1,0,0.0,0,0,0.038461538461538464,49.69230769230769,26,13,0,6.5,0.6538461538461539,17,26,9,4,1,2025-06-03T18:08:20+00:00,1,1,0.9230769230769231,0.5,0,0,986,0.5384615384615384,197,342.0,0.26598432821918966,0.04634270366853399,61.75,2.0,6,0,0,0,0,0,0,0,0,0,0,0,1,0.25,1,refactor_cleanup,preventive,Human,40,1.2309941520467835,1684,1,1,6627,6627,54,54,PrimeIntellect-ai/verifiers,120,b846032b8ca4fb8e61c9326fd0fda3d24d4f6d5b,params,0.0,0,0.5,0.75,1
478,0.5,1,1.0,218,1.0,1.0,williambrown97@gmail.com,1.0,1.0,1.0,1.0,23,1.0,1.0,1.0,1.0,247,1.0,120,0.7142857142857143,5,0,0,0,0,0.07142857142857142,0,1,0.0,25.071428571428573,14,3,0,3.2,0.625,10,16,6,7,1,2025-06-03T23:14:55+00:00,0,1,0.9375,0.6,0,0,361,0.45454545454545453,50,95.6,0.1959477286499526,0.043615596375429645,12.6,2.4285714285714284,6,0,0,0,0,0,0,0,0,0,0,0,1,0.4,2,feature,perfective,Human,19,0.3807531380753138,182,1,1,133,133,11,11,PrimeIntellect-ai/verifiers,120,2f6ee4af815cb28c24f5b248f4c5cb4cb743d551,arc_1d,0.0,0,0.6,1.0,1
7,0.5,1,1.0,219,nan,nan,williambrown97@gmail.com,nan,nan,nan,nan,23,nan,nan,nan,nan,248,1.0,120,1.0,1,0,0,0,0,0.0,0,0,0.0,35.642857142857146,14,9,0,14.0,0.5,7,14,7,1,1,2025-06-03T23:21:15+00:00,nan,1,0.14285714285714285,0.0,0,0,7,0.2857142857142857,2,7.0,0.2857142857142857,0.14285714285714285,2.0,3.0,10,0,0,0,0,0,0,0,0,0,0,0,3,0.0,0,feature,perfective,Human,3,0.8571428571428571,6,1,0,0,0,0,0,PrimeIntellect-ai/verifiers,120,058405d27fafea566aacba29563c0badc1d725ea,arc 1d sft,0.0,0,0.0,0.0,1
7,0.5,1,1.0,220,1.0,1.0,williambrown97@gmail.com,1.0,1.0,1.0,1.0,0,1.0,1.0,1.0,1.0,249,1.0,121,0.5,1,0,0,0,0,0.0,0,0,0.0,41.666666666666664,6,5,0,6.0,0.5,3,6,3,2,1,2025-06-04T00:03:54+00:00,0,1,0.3333333333333333,1.0,0,0,7,0.2857142857142857,2,7.0,0.2857142857142857,0.14285714285714285,2.0,2.5,6,0,0,0,0,0,0,0,0,0,0,0,1,0.0,0,documentation,perfective,Human,2,0.5714285714285714,4,1,1,2,2,1,1,PrimeIntellect-ai/verifiers,121,073ce78a969e5076d82965e7b428060cc91ab347,arc_1d,0.0,0,1.0,1.0,2
18,0.5,1,1.0,221,1.0,1.0,williambrown97@gmail.com,1.0,1.0,1.0,1.0,1,1.0,1.0,1.0,1.0,251,1.0,121,1.0,2,0,0,0,0,0.0,0,1,0.0,43.083333333333336,12,9,0,6.5,0.6923076923076923,9,13,4,2,1,2025-06-04T01:20:58+00:00,0,1,0.5384615384615384,0.5,0,0,11,0.45454545454545453,1,9.0,0.3701298701298701,0.07142857142857142,0.5,2.5,11,0,0,0,0,0,0,0,0,0,0,0,1,1.0,2,unknown,unknown,Human,1,0.2777777777777778,5,1,1,2,2,1,1,PrimeIntellect-ai/verifiers,121,0cf3b4001e015faf8285ab8b006680f135a8f335,hyperparams,0.0,0,0.5,1.0,2
419,0.5,1,1.0,222,1.0,1.0,williambrown97@gmail.com,1.0,1.0,1.0,1.0,0,1.0,1.0,1.0,1.0,252,1.0,123,1.0,4,0,0,2,4,0.027777777777777776,0,0,0.1388888888888889,69.27777777777777,36,32,0,9.0,0.6111111111111112,22,36,14,4,1,2025-06-06T00:37:09+00:00,3,1,1.0,0.75,1,0,229,0.8823529411764706,74,104.75,0.2711328701321651,0.06146166540573304,26.0,2.0,60,0,0,0,1,0,1,0,0,0,0,0,10,0.0,0,,,,24,0.6992840095465394,293,2,1,62,62,5,5,PrimeIntellect-ai/verifiers,123,1c1af31c8e9bbd9fb039ea3afdab9666932a4da0,Merge pull request #71 from SamComber/fix-smol-agent-example,0.0,0,0.75,0.75,4
122,0.5,1,1.0,223,1.0,1.0,williambrown97@gmail.com,1.0,1.0,1.0,1.0,4,1.0,1.0,1.0,1.0,253,1.0,123,1.0,1,0,0,0,0,0.25,0,0,0.25,60.5,4,0,0,4.0,0.0,0,4,4,1,1,2025-06-06T04:06:57+00:00,0,1,1.0,1.0,0,0,122,0.03278688524590164,25,122.0,0.03278688524590164,0.09016393442622951,25.0,2.0,6,0,1,0,0,0,0,0,0,0,0,0,1,0.0,0,documentation,perfective,Human,3,0.07377049180327869,9,1,1,12,12,1,1,PrimeIntellect-ai/verifiers,123,d61b24501b30fa48e41451cb24632981ca98c2dc,readme,0.0,0,1.0,1.0,4
1013,0.5,1,1.0,224,1.0,1.0,williambrown97@gmail.com,1.0,1.0,1.0,1.0,15,1.0,1.0,1.0,1.0,254,1.0,123,0.5714285714285714,4,0,0,0,3,0.08695652173913043,0,11,0.0,48.78260869565217,23,6,0,6.25,0.2,5,25,20,7,1,2025-06-06T15:42:59+00:00,2,1,0.36,0.25,0,0,987,0.25,198,253.25,0.17437098953056399,0.037993920972644375,50.25,2.2857142857142856,16,0,0,0,0,0,0,0,0,0,0,0,2,0.0,0,dependency_update,adaptive,Human,37,1.5824284304047385,1603,1,1,6625,6625,55,55,PrimeIntellect-ai/verifiers,123,90fdf91b36d6ab5d59fa98af93c17f2555f7d116,optional imports,0.0,0,0.25,0.25,4
31,0.5,1,1.0,225,1.0,1.0,williambrown97@gmail.com,1.0,1.0,1.0,1.0,15,1.0,1.0,1.0,1.0,255,1.0,123,1.0,2,0,0,0,0,0.0,0,4,0.0,43.22222222222222,9,0,0,4.5,0.2222222222222222,2,9,7,2,1,2025-06-06T15:50:13+00:00,6,1,1.0,1.0,0,0,23,0.5,0,15.5,0.358695652173913,0.0,0.0,1.5,18,0,0,0,0,0,0,0,0,0,0,0,2,0.0,0,dependency_update,adaptive,Human,25,22.483870967741936,697,1,1,440,441,21,22,PrimeIntellect-ai/verifiers,123,857e841896cefeae133215102edaa75227b4cb77,deepspeed optional,0.0,0,1.0,1.0,4
7,0.5,1,1.0,226,nan,nan,williambrown97@gmail.com,nan,nan,nan,nan,22,nan,nan,nan,nan,259,1.0,123,1.0,1,0,0,0,0,0.0,0,0,0.0,21.0,2,0,0,2.0,0.5,1,2,1,1,1,2025-06-06T22:16:10+00:00,nan,1,1.0,0.0,0,0,7,0.2857142857142857,0,7.0,0.2857142857142857,0.2857142857142857,0.0,2.0,9,0,0,0,0,0,0,0,0,0,0,0,2,0.0,0,documentation,perfective,Human,0,0.0,0,1,0,0,0,0,0,PrimeIntellect-ai/verifiers,123,c10a9beaa152dafd75e00c6cc06ddc3890eab2c5,rtd theme,0.0,0,0.0,0.0,4
396,0.5,1,1.0,227,1.0,1.0,williambrown97@gmail.com,1.0,1.0,1.0,1.0,23,1.0,1.0,1.0,1.0,260,1.0,123,1.0,2,0,0,0,0,0.0,0,0,0.0,44.0,3,0,0,1.5,0.6666666666666666,2,3,1,2,1,2025-06-06T23:25:02+00:00,0,1,1.0,1.0,0,0,230,0.012048192771084338,74,198.0,0.00819800942902043,0.05971712938711367,47.5,2.0,10,0,1,0,0,0,0,0,0,0,0,1,2,0.0,0,documentation,perfective,Human,25,2.2045454545454546,873,1,1,296,296,8,8,PrimeIntellect-ai/verifiers,123,cf4a2c12432d0b3efe8a5c6fd3f58cc51d5fb4a9,tests/docs,0.0,0,1.0,1.0,4
7,0.5,1,1.0,228,1.0,1.0,williambrown97@gmail.com,1.0,1.0,1.0,1.0,0,1.0,1.0,1.0,1.0,262,1.0,125,1.0,1,0,0,0,0,0.0,0,0,0.0,85.5,2,1,0,2.0,0.5,1,2,1,1,1,2025-06-08T00:27:11+00:00,4,1,1.0,1.0,0,1,7,0.2857142857142857,1,7.0,0.2857142857142857,0.14285714285714285,1.0,3.0,5,0,0,0,0,0,0,0,0,0,0,0,1,1.0,1,unknown,unknown,Human,1,0.2857142857142857,2,1,1,4,4,2,2,PrimeIntellect-ai/verifiers,125,3c3d71385d00b42f8a88400691a87190fc3bfd46,qwen3,0.0,0,1.0,1.0,6
7,0.5,1,1.0,229,1.0,1.0,williambrown97@gmail.com,1.0,1.0,1.0,1.0,0,1.0,1.0,1.0,1.0,264,1.0,125,1.0,1,0,0,0,0,0.0,0,0,0.0,60.5,4,0,0,4.0,0.5,2,4,2,1,1,2025-06-08T00:37:59+00:00,0,1,0.5,1.0,0,1,7,0.2857142857142857,1,7.0,0.2857142857142857,0.14285714285714285,1.0,3.0,4,0,0,0,0,0,0,0,0,0,0,0,1,1.0,1,feature,perfective,Human,0,0.0,0,1,1,6,6,3,3,PrimeIntellect-ai/verifiers,125,0ce5e7234ba8843c5abe8520e440bb6613354fa0,qwen,0.0,0,1.0,1.0,6
23,0.5,1,1.0,230,nan,nan,williambrown97@gmail.com,nan,nan,nan,nan,0,nan,nan,nan,nan,265,1.0,125,1.0,2,0,0,0,0,0.0,0,0,0.0,42.714285714285715,14,20,0,7.0,0.5,7,14,7,2,1,2025-06-08T00:47:50+00:00,nan,1,0.7142857142857143,0.0,0,1,14,0.4444444444444444,0,11.5,0.4365079365079365,0.0,0.0,2.5,3,0,0,0,0,0,0,0,0,0,0,0,1,0.0,0,unknown,unknown,Human,6,1.4782608695652173,34,1,0,0,0,0,0,PrimeIntellect-ai/verifiers,125,c73d61fe68d7f919510552fe619501fb6ed5ac53,hps,0.0,0,0.0,0.0,6
38,0.5,1,1.0,231,1.0,1.0,williambrown97@gmail.com,1.0,1.0,1.0,1.0,1,1.0,1.0,1.0,1.0,267,1.0,125,1.5,3,0,0,0,0,0.0,0,0,0.0,25.692307692307693,13,4,0,4.333333333333333,0.6153846153846154,8,13,5,2,1,2025-06-08T01:09:26+00:00,0,1,0.8461538461538461,0.3333333333333333,0,1,25,0.5,0,12.666666666666666,0.34190476190476193,0.0,0.0,2.5,6,0,0,0,0,0,0,0,0,0,0,0,2,0.3333333333333333,1,feature,perfective,Human,5,0.8421052631578947,32,1,1,6,6,1,1,PrimeIntellect-ai/verifiers,125,479a7984077a51d9848fcf9386cf58bfb9b03b57,arc 1d,0.0,0,0.3333333333333333,1.0,6
151,0.5,1,1.0,232,1.0,1.0,williambrown97@gmail.com,1.0,1.0,1.0,1.0,3,1.0,1.0,1.0,1.0,268,1.0,125,0.6666666666666666,2,0,0,0,0,0.0,0,0,0.07692307692307693,41.46153846153846,13,21,0,8.0,0.8125,13,16,3,3,1,2025-06-08T03:07:09+00:00,5,1,0.8125,1.0,0,1,136,0.6,40,75.5,0.31470588235294117,0.07034313725490196,20.0,2.0,8,0,0,0,0,0,0,0,0,0,0,0,1,0.0,0,feature,perfective,Human,7,0.152317880794702,23,1,1,22,22,10,10,PrimeIntellect-ai/verifiers,125,9898ef399edad25c78d62dd84f062eae006a6542,batching,0.0,0,1.0,1.0,6
7,0.5,1,1.0,233,1.0,1.0,williambrown97@gmail.com,1.0,1.0,1.0,1.0,3,1.0,1.0,1.0,1.0,269,1.0,125,1.0,1,0,0,0,0,0.0,0,0,0.0,26.666666666666668,3,3,0,3.0,0.6666666666666666,2,3,1,1,1,2025-06-08T03:13:30+00:00,0,1,0.6666666666666666,1.0,0,1,7,0.2857142857142857,0,7.0,0.2857142857142857,0.0,0.0,2.0,5,0,0,0,0,0,0,0,0,0,0,0,1,0.0,0,unknown,unknown,Human,4,4.285714285714286,30,1,1,8,8,2,2,PrimeIntellect-ai/verifiers,125,5376263155ca35ef104e9f284cdcce7c5a2094fb,stuff,0.0,0,1.0,1.0,6
567,0.5,1,1.0,234,1.0,1.0,williambrown97@gmail.com,1.0,1.0,1.0,1.0,3,1.0,1.0,1.0,1.0,270,1.0,125,1.0,2,0,0,0,0,0.0,0,0,0.0,40.0,6,4,0,3.0,0.5,3,6,3,2,1,2025-06-08T03:15:27+00:00,0,1,1.0,1.0,0,1,560,0.2857142857142857,114,283.5,0.1464285714285714,0.04017857142857143,57.0,2.0,16,0,0,0,0,0,0,0,0,0,0,0,3,0.0,0,resource,perfective,Human,73,7.553791887125221,4283,1,1,1256,1258,18,19,PrimeIntellect-ai/verifiers,125,99d780a063ae374ae348fd39faddcb131ad7b8a6,max dataset conc,0.0,0,1.0,1.0,6
40,0.5,1,1.0,235,nan,nan,williambrown97@gmail.com,nan,1.0,1.0,1.0,3,nan,1.0,nan,1.0,271,1.0,125,1.0,1,0,0,0,0,0.0,0,0,0.0,65.5,2,2,0,2.0,0.5,1,2,1,1,1,2025-06-08T03:20:14+00:00,nan,1,1.0,0.0,0,1,40,0.05,13,40.0,0.05,0.0,13.0,2.0,10,0,0,0,0,0,0,0,0,0,0,0,2,0.0,0,refactor_cleanup,preventive,Human,3,0.175,7,1,0,0,0,0,0,PrimeIntellect-ai/verifiers,125,8c125e91e205be08c24ad70286f5cfb7cb8c3ebe,default bs,0.0,0,0.0,1.0,6
560,0.5,1,1.0,236,1.0,1.0,williambrown97@gmail.com,1.0,1.0,1.0,1.0,3,1.0,1.0,1.0,1.0,272,1.0,125,1.0,1,0,0,0,0,0.0,0,0,0.0,44.5,4,4,0,4.0,0.5,2,4,2,1,1,2025-06-08T03:32:45+00:00,0,1,1.0,1.0,0,1,560,0.007142857142857143,114,560.0,0.007142857142857143,0.08035714285714286,114.0,2.0,7,0,0,0,0,0,0,0,0,0,0,0,1,0.0,0,unknown,unknown,Human,70,7.5910714285714285,4251,1,1,1250,1252,16,17,PrimeIntellect-ai/verifiers,125,aae250235e45fef9f8b21133a64f6c7b50f36743,default,0.0,0,1.0,1.0,6
8,0.5,1,1.0,237,1.0,1.0,williambrown97@gmail.com,1.0,1.0,1.0,1.0,3,1.0,1.0,1.0,1.0,273,1.0,125,1.0,1,0,0,0,0,0.0,0,0,0.0,11.0,1,1,0,1.0,1.0,1,1,0,1,1,2025-06-08T03:35:11+00:00,0,1,1.0,1.0,0,1,8,0.125,0,8.0,0.125,0.0,0.0,2.0,4,0,0,0,0,0,0,0,0,0,0,0,1,0.0,0,unknown,unknown,Human,2,3.375,27,1,1,12,12,4,4,PrimeIntellect-ai/verifiers,125,2bc48f94053a49bad4a38fe564dce012b1876580,seed,0.0,0,1.0,1.0,6
560,0.5,1,1.0,238,1.0,1.0,williambrown97@gmail.com,1.0,1.0,1.0,1.0,3,1.0,1.0,1.0,1.0,274,1.0,125,1.0,1,0,0,0,0,0.0,0,0,0.0,45.5,4,4,0,4.0,0.5,2,4,2,1,1,2025-06-08T03:42:39+00:00,0,1,1.0,1.0,0,1,560,0.007142857142857143,114,560.0,0.007142857142857143,0.08035714285714286,114.0,2.0,2,0,0,0,0,0,0,0,0,0,0,0,1,0.0,0,unknown,unknown,Human,69,7.583928571428571,4247,1,1,1254,1256,17,18,PrimeIntellect-ai/verifiers,125,991a1c369ff6f9647d414fa633dff738dc5d0798,bs,0.0,0,1.0,1.0,6
994,0.5,1,1.0,239,1.0,1.0,williambrown97@gmail.com,1.0,1.0,1.0,1.0,3,1.0,1.0,1.0,1.0,275,1.0,125,1.0,1,0,0,0,0,0.0,0,1,0.0,41.77777777777778,9,0,0,9.0,0.8888888888888888,8,9,1,1,1,2025-06-08T03:57:00+00:00,1,1,1.0,1.0,0,1,994,0.009054325955734407,198,994.0,0.009054325955734407,0.15090543259557343,198.0,2.0,21,0,0,0,0,0,0,0,0,0,0,0,3,0.0,0,unknown,unknown,Human,33,1.5462776659959758,1537,1,1,6628,6628,56,56,PrimeIntellect-ai/verifiers,125,5a0ce43edd6c98d87ec086643536c219c371e6f3,httpx client override,0.0,0,1.0,1.0,6
113,0.5,1,1.0,240,1.0,1.0,williambrown97@gmail.com,1.0,1.0,1.0,1.0,3,1.0,1.0,1.0,1.0,276,1.0,125,1.0,1,0,0,0,0,0.0,0,0,0.0,0.0,0,0,0,2.0,0.5,1,2,1,1,1,2025-06-08T03:57:26+00:00,6,1,1.0,1.0,0,1,113,0.017699115044247787,23,113.0,0.017699115044247787,0.061946902654867256,23.0,2.0,10,0,0,0,0,0,0,0,0,0,0,0,1,0.0,0,style_formatting,preventive,Human,4,0.7079646017699115,80,1,1,11,11,1,1,PrimeIntellect-ai/verifiers,125,c57229bbc1fe5b3f8d9055ba81f9bef46274d0a4,whitespace,0.0,0,1.0,1.0,6
1367,0.5,1,1.0,241,1.0,1.0,williambrown97@gmail.com,1.0,1.0,1.0,1.0,20,1.0,1.0,1.0,1.0,278,1.0,125,1.25,5,0,0,2,5,0.13793103448275862,6,3,0.0,39.87931034482759,58,10,0,12.4,0.8387096774193549,52,62,10,4,1,2025-06-08T20:35:46+00:00,0,1,0.9838709677419355,1.0,0,1,584,0.5,136,273.4,0.14151789716558363,0.07172650798557872,57.6,2.0,21,0,0,0,0,0,0,0,0,0,0,0,3,0.0,0,unknown,unknown,Human,91,4.038039502560351,5520,1,1,2028,2030,32,33,PrimeIntellect-ai/verifiers,125,34146f468ea39cb101d951e8616102a0809f134a,override thread limit,0.0,0,1.0,1.0,6
60,0.5,1,1.0,242,1.0,1.0,williambrown97@gmail.com,1.0,1.0,1.0,1.0,19,1.0,1.0,1.0,1.0,279,1.0,128,0.375,3,0,0,0,0,0.0,0,11,0.0,53.25,20,0,0,7.0,0.5238095238095238,11,21,10,8,1,2025-06-11T19:53:56+00:00,5,1,0.42857142857142855,0.3333333333333333,0,0,27,0.25,7,20.0,0.17074074074074075,0.024691358024691357,2.3333333333333335,1.875,12,0,0,0,0,0,0,0,0,0,0,0,2,0.3333333333333333,1,feature,perfective,Human,16,2.7333333333333334,164,1,1,40,261,14,15,PrimeIntellect-ai/verifiers,128,53b7182071be31a6612d05d91b60ec44967a0815,think parser,0.0,0,0.6666666666666666,1.0,2
687,0.5,1,1.0,243,1.0,1.0,williambrown97@gmail.com,1.0,1.0,1.0,1.0,21,1.0,1.0,1.0,1.0,280,1.0,128,0.4,2,2,0,1,11,0.05747126436781609,0,1,0.034482758620689655,43.57471264367816,87,171,0,50.0,0.98,98,100,2,5,1,2025-06-11T21:48:07+00:00,3,1,1.0,0.5,0,0,584,0.9514563106796117,117,343.5,0.47744048410692913,0.06936593961963028,64.5,2.2,37,0,0,0,1,0,0,0,0,0,0,0,5,0.5,1,bug_fix,corrective,Human,69,6.215429403202329,4270,1,1,1286,1286,19,19,PrimeIntellect-ai/verifiers,128,72a58e0d530c1f0eeee338a811ec01f871e78696,"gsm8k thinkparser example, assert fix",0.0,0,0.5,1.0,2
2320,0.5,1,1.0,244,1.0,1.0,williambrown97@gmail.com,1.0,1.0,1.0,1.0,2,1.0,1.0,1.0,1.0,281,1.0,129,0.7857142857142857,11,0,6,0,19,0.044642857142857144,0,2,0.008928571428571428,50.973214285714285,112,17,0,10.545454545454545,0.5775862068965517,67,116,49,14,1,2025-06-12T02:36:57+00:00,0,1,0.9655172413793104,0.7272727272727273,0,0,994,0.4,199,210.9090909090909,0.12328256057487702,0.047385076938621234,40.45454545454545,2.0,35,0,0,0,0,0,0,0,0,1,0,0,5,0.09090909090909091,1,refactor_cleanup,preventive,Human,119,3.1051724137931034,7204,1,1,8422,8423,89,90,PrimeIntellect-ai/verifiers,129,a3b7ffcb1d247ab5a557218c8290fdafd82a138d,"EnvGroup, info dicts, other cleanup",0.0,0,0.7272727272727273,0.8,3
84,0.5,1,1.0,245,1.0,1.0,williambrown97@gmail.com,1.0,1.0,1.0,1.0,20,1.0,1.0,1.0,1.0,282,1.0,129,0.5,1,0,0,0,1,0.0,0,0,0.0,55.5,8,0,0,8.0,0.75,6,8,2,2,1,2025-06-12T20:51:42+00:00,10,1,1.0,1.0,0,0,84,0.09523809523809523,19,84.0,0.09523809523809523,0.08333333333333333,19.0,2.5,11,0,0,0,0,0,0,0,0,0,0,0,2,1.0,1,feature,perfective,Human,2,0.23809523809523808,20,1,1,97,97,3,3,PrimeIntellect-ai/verifiers,129,51af1dd5ab1b795bb89382fe5772ae05551e721c,wiki search,0.0,0,1.0,1.0,3
59,0.5,1,1.0,246,nan,nan,williambrown97@gmail.com,nan,nan,nan,nan,21,nan,nan,nan,nan,284,1.0,129,1.0,1,0,0,0,0,0.0,0,0,0.0,56.0,1,0,0,1.0,1.0,1,1,0,1,1,2025-06-12T21:28:31+00:00,nan,1,1.0,0.0,0,0,59,0.01694915254237288,9,59.0,0.01694915254237288,0.03389830508474576,9.0,2.0,17,0,0,0,0,0,0,0,0,0,0,0,3,0.0,0,feature,perfective,Human,8,3.4915254237288136,206,1,0,0,0,0,0,PrimeIntellect-ai/verifiers,129,2fabb3cf3ea5c704ad41d6e744692ae733892b02,rubric group info,0.0,0,0.0,0.0,3
7,0.5,1,1.0,247,nan,nan,williambrown97@gmail.com,nan,nan,nan,nan,2,nan,nan,nan,nan,285,1.0,130,1.0,1,0,0,0,0,0.0,0,0,0.0,63.0,4,0,0,4.0,0.5,2,4,2,1,1,2025-06-13T02:18:28+00:00,nan,1,0.5,0.0,0,0,7,0.2857142857142857,1,7.0,0.2857142857142857,0.14285714285714285,1.0,3.0,2,0,0,0,0,0,0,0,0,0,0,0,1,1.0,1,unknown,unknown,Human,0,0.0,0,1,0,0,0,0,0,PrimeIntellect-ai/verifiers,130,fbda00ffa4e5892c5c8fa555d4e822aecf41b315,8b,0.0,0,0.0,0.0,4
35,0.5,1,1.0,248,nan,nan,williambrown97@gmail.com,nan,nan,nan,nan,2,nan,nan,nan,nan,286,1.0,130,2.0,2,0,0,0,0,0.0,0,0,0.0,38.35,20,19,0,10.0,0.55,11,20,9,1,1,2025-06-13T02:38:21+00:00,nan,1,1.0,0.0,0,0,27,0.5925925925925926,0,17.5,0.5462962962962963,0.0,0.0,2.0,3,0,0,0,0,0,0,0,0,0,0,0,1,0.5,1,feature,perfective,Human,4,0.5428571428571428,19,1,0,0,0,0,0,PrimeIntellect-ai/verifiers,130,c6c514461d34d23d341d18a5fd748e01516c3c1d,hps,0.0,0,0.0,0.0,4
36,0.5,1,1.0,249,1.0,1.0,williambrown97@gmail.com,1.0,1.0,1.0,1.0,2,1.0,1.0,1.0,1.0,287,1.0,130,4.0,4,0,0,0,0,0.0,0,0,0.0,38.8235294117647,17,18,0,4.75,0.47368421052631576,9,19,10,1,1,2025-06-13T02:52:45+00:00,0,1,1.0,0.25,0,0,16,0.8125,3,9.0,0.42931547619047616,0.0,0.75,2.0,9,0,0,0,1,0,0,0,0,0,0,0,2,0.25,1,bug_fix,corrective,Human,3,0.1388888888888889,5,1,1,4,4,1,1,PrimeIntellect-ai/verifiers,130,3d955c5ca779192dcbd983d674ad19cc23dcfe6c,judge bug,0.0,0,0.25,1.0,4
187,0.5,1,1.0,250,1.0,1.0,williambrown97@gmail.com,1.0,1.0,1.0,1.0,3,1.0,1.0,1.0,1.0,288,1.0,130,1.0,1,0,0,0,0,0.0,0,0,0.0,22.0,1,0,0,1.0,1.0,1,1,0,1,1,2025-06-13T03:00:12+00:00,1,1,1.0,1.0,0,0,187,0.0053475935828877,25,187.0,0.0053475935828877,0.058823529411764705,25.0,2.0,5,0,0,0,0,0,0,0,0,0,0,0,1,0.0,0,unknown,unknown,Human,19,4.096256684491979,766,1,1,315,315,10,10,PrimeIntellect-ai/verifiers,130,3ee7e3172233c5cee3e8302c2d3ba860fda77afa,stuff,0.0,0,1.0,1.0,4
7,0.5,1,1.0,251,1.0,1.0,williambrown97@gmail.com,1.0,1.0,1.0,1.0,3,1.0,1.0,1.0,1.0,289,1.0,130,1.0,1,0,0,0,0,0.0,0,0,0.0,27.5,2,0,0,2.0,0.5,1,2,1,1,1,2025-06-13T03:04:10+00:00,0,1,1.0,1.0,0,0,7,0.2857142857142857,0,7.0,0.2857142857142857,0.0,0.0,2.0,5,0,0,0,0,0,0,0,0,0,0,0,1,0.0,0,unknown,unknown,Human,1,0.14285714285714285,1,1,1,17,17,2,2,PrimeIntellect-ai/verifiers,130,50600c035d82cb1768efdb854e652ec6b7a0e274,stuff,0.0,0,1.0,1.0,4
59,0.5,1,1.0,252,1.0,1.0,williambrown97@gmail.com,1.0,1.0,1.0,1.0,3,1.0,1.0,1.0,1.0,290,1.0,130,1.0,1,0,0,0,0,0.0,0,0,0.0,64.5,2,0,0,2.0,0.5,1,2,1,1,1,2025-06-13T03:08:34+00:00,0,1,1.0,1.0,0,0,59,0.03389830508474576,9,59.0,0.03389830508474576,0.03389830508474576,9.0,2.0,5,0,0,0,0,0,0,0,0,0,0,0,1,0.0,0,unknown,unknown,Human,7,3.457627118644068,204,1,1,1,1,1,1,PrimeIntellect-ai/verifiers,130,0bece3cdfdfa2e92679d3410bcb3803e83398bf9,stuff,0.0,0,1.0,1.0,4
186,0.5,1,1.0,253,1.0,1.0,williambrown97@gmail.com,1.0,1.0,1.0,1.0,3,1.0,1.0,1.0,1.0,291,1.0,130,1.0,1,0,0,0,0,0.0,0,0,0.0,22.0,1,0,0,1.0,0.0,0,1,1,1,1,2025-06-13T03:08:51+00:00,0,1,1.0,1.0,0,0,186,0.005376344086021506,25,186.0,0.005376344086021506,0.05913978494623656,25.0,2.0,5,0,0,0,0,0,0,0,0,0,0,0,1,0.0,0,,,,18,4.112903225806452,765,1,1,316,316,11,11,PrimeIntellect-ai/verifiers,130,4931347bfcda4417b255ee85ba15020235156229,stuff,0.0,0,1.0,1.0,4
16,0.5,1,1.0,254,1.0,1.0,williambrown97@gmail.com,1.0,1.0,1.0,1.0,3,1.0,1.0,1.0,1.0,292,1.0,130,2.0,2,0,0,0,0,0.0,0,0,0.0,32.75,4,4,0,2.0,0.5,2,4,2,1,1,2025-06-13T03:12:49+00:00,0,1,1.0,1.0,0,0,9,0.2857142857142857,0,8.0,0.25396825396825395,0.0,0.0,2.0,5,0,0,0,0,0,0,0,0,0,0,0,1,0.0,0,unknown,unknown,Human,1,0.0625,1,1,1,18,18,2,2,PrimeIntellect-ai/verifiers,130,5f8a9b4c84ba791e60c6c8c196f00d03ba91a268,stuff,0.0,0,1.0,1.0,4
9,0.5,1,1.0,255,nan,nan,williambrown97@gmail.com,nan,1.0,1.0,1.0,3,nan,1.0,nan,1.0,293,1.0,130,1.0,1,0,0,0,0,0.0,0,0,0.0,40.0,6,6,0,6.0,0.5,3,6,3,1,1,2025-06-13T03:13:21+00:00,nan,1,1.0,0.0,0,0,9,0.6666666666666666,0,9.0,0.6666666666666666,0.0,0.0,2.0,5,0,0,0,0,0,0,0,0,0,0,0,1,0.0,0,unknown,unknown,Human,0,0.0,0,1,0,0,0,0,0,PrimeIntellect-ai/verifiers,130,44011928aea545504d894d2458e6405e74df7eba,stuff,0.0,0,0.0,1.0,4
531,0.5,1,1.0,256,1.0,1.0,williambrown97@gmail.com,1.0,1.0,1.0,1.0,3,1.0,1.0,1.0,1.0,294,1.0,130,1.0,1,0,0,0,0,0.0,0,0,0.0,24.5,2,2,0,2.0,0.5,1,2,1,1,1,2025-06-13T03:21:54+00:00,4,1,1.0,1.0,0,0,531,0.003766478342749529,136,531.0,0.003766478342749529,0.0903954802259887,136.0,2.0,5,0,0,0,0,0,0,0,0,0,0,0,1,0.0,0,unknown,unknown,Human,5,0.5009416195856874,266,1,1,463,463,9,9,PrimeIntellect-ai/verifiers,130,8160888f329d45155e76ed22c011757ce5c39adf,stuff,0.0,0,1.0,1.0,4
723,0.5,1,1.0,257,1.0,1.0,williambrown97@gmail.com,1.0,1.0,1.0,1.0,3,1.0,1.0,1.0,1.0,295,1.0,130,1.3333333333333333,4,0,0,0,0,0.0,0,0,0.0,35.833333333333336,12,12,0,3.0,0.5,6,12,6,3,1,2025-06-13T03:29:22+00:00,0,1,1.0,1.0,0,0,361,0.05,50,180.75,0.026614326813738633,0.024933430838156013,32.0,2.0,5,0,0,0,0,0,0,0,0,0,0,0,1,0.0,0,unknown,unknown,Human,26,1.2448132780082988,900,1,1,350,350,22,22,PrimeIntellect-ai/verifiers,130,3725d20b5bf401b7f55f072df9a93e7f566ffbf5,stuff,0.0,0,1.0,1.0,4
1191,0.5,1,1.0,258,1.0,1.0,williambrown97@gmail.com,1.0,1.0,1.0,1.0,22,1.0,1.0,1.0,1.0,296,1.0,135,1.8333333333333333,11,0,0,0,4,0.21951219512195122,0,0,0.0,45.951219512195124,41,10,0,5.2727272727272725,0.6896551724137931,40,58,18,6,1,2025-06-18T22:12:43+00:00,5,1,1.0,0.5454545454545454,0,0,998,0.5952380952380952,201,108.27272727272727,0.219788274437814,0.04464350141586968,20.545454545454547,2.1666666666666665,22,0,0,0,0,0,0,0,0,0,0,0,3,0.2727272727272727,3,refactor_cleanup,preventive,Human,35,1.2997481108312343,1548,1,1,6695,6695,64,64,PrimeIntellect-ai/verifiers,135,c32b5d96e650f8259093d0a3bc122688a09e0ece,peft sync_ref override,0.0,0,0.5454545454545454,0.8333333333333334,2
616,0.5,1,1.0,259,1.0,1.0,williambrown97@gmail.com,1.0,1.0,1.0,1.0,18,1.0,1.0,1.0,1.0,297,1.0,146,1.0,1,2,0,3,3,0.0,2,0,0.15384615384615385,80.38461538461539,13,1,0,14.0,0.9285714285714286,13,14,1,1,1,2025-06-29T18:45:15+00:00,17,1,1.0,1.0,0,1,616,0.022727272727272728,127,616.0,0.022727272727272728,0.07792207792207792,127.0,2.0,43,0,0,0,0,0,0,0,0,0,0,0,6,0.0,0,feature,perfective,Human,76,7.37987012987013,4546,1,1,124,1320,9,21,PrimeIntellect-ai/verifiers,146,3eb445777ab09b6c3aa9f62e3e1de397bdf59f3d,"optional answer column, warning about Qwen3",0.0,0,1.0,1.0,6
26,0.5,1,1.0,260,nan,nan,williambrown97@gmail.com,nan,nan,nan,nan,18,nan,nan,nan,nan,298,1.0,146,1.0,1,0,0,0,0,0.0,0,0,0.0,25.0,2,2,0,2.0,0.5,1,2,1,1,1,2025-06-29T18:49:56+00:00,nan,1,1.0,0.0,0,1,26,0.07692307692307693,0,26.0,0.07692307692307693,0.0,0.0,2.0,26,0,0,0,1,0,0,0,0,0,0,0,3,0.0,0,bug_fix,corrective,Human,1,0.038461538461538464,1,1,0,0,0,0,0,PrimeIntellect-ai/verifiers,146,5430de94c64b725ad21b1eb621d2f89bb25ad9c6,fix num_iterations default,0.0,0,0.0,0.0,6
136,0.5,1,1.0,261,1.0,1.0,williambrown97@gmail.com,1.0,1.0,1.0,1.0,19,1.0,1.0,1.0,1.0,299,1.0,146,1.0,1,0,0,0,0,0.0,0,0,0.0,29.25,4,0,0,4.0,0.5,2,4,2,1,1,2025-06-29T19:27:44+00:00,16,1,1.0,1.0,0,1,136,0.029411764705882353,40,136.0,0.029411764705882353,0.007352941176470588,40.0,2.0,27,0,0,0,0,0,0,0,0,0,0,0,3,0.0,0,bug_fix,corrective,Human,1,0.014705882352941176,2,1,1,14,18,5,7,PrimeIntellect-ai/verifiers,146,fa6420848aed8b192b7730eadc6311e6c7e4855d,fixed enforce_eager default,0.0,0,1.0,1.0,6
177,0.5,1,1.0,262,1.0,1.0,williambrown97@gmail.com,1.0,1.0,1.0,1.0,19,1.0,1.0,1.0,1.0,300,1.0,146,2.0,2,0,0,1,0,0.0,0,0,0.0,70.0,4,0,0,2.0,0.5,2,4,2,1,1,2025-06-29T19:28:31+00:00,0,1,1.0,1.0,0,1,136,0.04878048780487805,39,88.5,0.031743185078909615,0.003676470588235294,26.0,2.0,27,0,0,0,0,0,0,0,0,0,0,0,3,0.0,0,bug_fix,corrective,Human,0,0.0,0,1,1,25,29,8,10,PrimeIntellect-ai/verifiers,146,6a38fa4c9d762019da38db451fe232e855cbe5d8,fixed enforce_eager default,0.0,0,1.0,1.0,6
871,0.5,1,1.0,263,1.0,1.0,williambrown97@gmail.com,1.0,1.0,1.0,1.0,1,1.0,1.0,1.0,1.0,301,1.0,147,1.2,6,0,0,0,0,0.0,0,0,0.0,44.13333333333333,30,23,0,5.5,0.5454545454545454,18,33,15,5,1,2025-06-30T01:25:48+00:00,0,1,1.0,0.5,1,0,438,0.6470588235294118,89,145.16666666666666,0.2024677252553818,0.05187690716752297,26.833333333333332,2.0,8,0,0,0,0,0,0,0,0,0,0,0,2,0.0,0,unknown,unknown,Human,92,6.076923076923077,5293,2,1,158,1354,14,26,PrimeIntellect-ai/verifiers,147,accaf7d32725095adb49bb3b81178215a7b91657,ta tweak,0.0,0,0.5,1.0,0
969,0.5,1,1.0,264,1.0,1.0,williambrown97@gmail.com,1.0,1.0,1.0,1.0,2,1.0,1.0,1.0,1.0,302,1.0,147,1.0,8,1,2,3,50,0.10559006211180125,24,0,0.031055900621118012,64.46583850931677,161,28,0,23.25,0.26344086021505375,49,186,137,8,1,2025-06-30T02:55:46+00:00,16,1,1.0,0.5,0,0,479,0.42857142857142855,116,121.125,0.21113257387300743,0.0342653235048469,24.0,2.125,8,0,0,0,0,0,0,0,0,0,0,0,2,0.125,1,bug_fix,corrective,Human,35,1.1382868937048503,1103,1,1,109,1037,8,26,PrimeIntellect-ai/verifiers,147,0d17bb090d085a7d6aa9b0affe42cbabfa843815,dp fixes,0.0,0,0.5,0.75,0
521,0.5,1,1.0,265,1.0,1.0,williambrown97@gmail.com,1.0,1.0,1.0,1.0,3,1.0,1.0,1.0,1.0,303,1.0,147,2.0,2,0,0,0,6,0.15625,2,0,0.03125,64.46875,32,0,0,18.5,0.16216216216216217,6,37,31,1,1,2025-06-30T03:17:07+00:00,0,1,1.0,1.0,0,0,479,0.8333333333333334,116,260.5,0.4187543493389005,0.08059946316731285,61.0,2.0,19,0,0,0,0,0,0,0,0,0,0,0,3,0.0,0,bug_fix,corrective,Human,4,0.7236084452975048,377,1,1,152,560,5,13,PrimeIntellect-ai/verifiers,147,53083af3802029f58b6f4b9a6ef656fe1a4ba769,dp worker isolation,0.0,0,1.0,1.0,0
544,0.5,1,1.0,266,1.0,1.0,williambrown97@gmail.com,1.0,1.0,1.0,1.0,3,1.0,1.0,1.0,1.0,304,1.0,147,2.0,2,0,0,0,6,0.4166666666666667,1,0,0.041666666666666664,63.166666666666664,24,1,0,14.5,0.9310344827586207,27,29,2,1,1,2025-06-30T03:32:05+00:00,0,1,1.0,1.0,0,0,479,0.4153846153846154,116,272.0,0.20977999036454154,0.14488517745302715,64.0,2.0,25,0,0,0,0,0,0,0,0,0,0,0,4,0.0,0,feature,perfective,Human,3,0.6397058823529411,348,1,1,189,597,6,14,PrimeIntellect-ai/verifiers,147,724acc281dddba9a650840a835d1eae179900627,assigning GPUs to workers,0.0,0,1.0,1.0,0
67,0.5,1,1.0,267,1.0,1.0,williambrown97@gmail.com,1.0,1.0,1.0,1.0,18,1.0,1.0,1.0,1.0,305,1.0,148,1.0,1,0,0,0,10,0.2708333333333333,3,0,0.041666666666666664,61.229166666666664,48,1,0,58.0,0.5,29,58,29,1,1,2025-07-01T18:21:04+00:00,1,1,1.0,1.0,0,0,67,0.8656716417910447,10,67.0,0.8656716417910447,0.11940298507462686,10.0,2.0,16,0,0,0,0,0,0,0,0,0,0,0,2,0.0,0,revert,corrective,Human,2,1.373134328358209,92,1,1,63,93,3,5,PrimeIntellect-ai/verifiers,148,6c2f1542e42a0b757e60218dd164639ddb65165c,reverting server,0.0,0,1.0,1.0,1
927,0.5,1,1.0,268,1.0,1.0,williambrown97@gmail.com,1.0,1.0,1.0,1.0,20,1.0,1.0,1.0,1.0,306,1.0,148,1.5,3,0,0,1,61,0.21081081081081082,21,0,0.05405405405405406,67.4,185,50,0,69.66666666666667,0.784688995215311,164,209,45,2,1,2025-07-01T20:56:53+00:00,0,1,1.0,1.0,0,0,519,0.4742268041237113,136,309.0,0.3035714122236144,0.13064371977367095,73.33333333333333,2.0,4,0,0,0,0,0,0,0,0,0,0,0,1,0.0,0,unknown,unknown,Human,10,0.5652642934196332,524,1,1,291,1186,7,23,PrimeIntellect-ai/verifiers,148,de6a06dfb55853ffcccf846140083424ab4fb5b9,temp,0.0,0,1.0,1.0,1
594,0.5,1,1.0,269,1.0,1.0,williambrown97@gmail.com,1.0,1.0,1.0,1.0,21,1.0,1.0,1.0,1.0,307,1.0,148,2.0,2,1,2,4,59,0.22641509433962265,7,0,0.05660377358490566,71.23270440251572,159,32,0,88.0,0.4375,77,176,99,1,1,2025-07-01T21:34:57+00:00,0,1,1.0,1.0,0,0,529,0.7076923076923077,136,297.0,0.47671949978188166,0.10690708157626873,73.0,2.0,16,0,0,0,0,0,0,0,0,0,0,0,2,0.0,0,revert,corrective,Human,0,0.0,0,1,1,308,798,7,17,PrimeIntellect-ai/verifiers,148,1570ef296c1fbfd8e0d6c7c8570d1ba45600ff13,reverting server,0.0,0,1.0,1.0,1
62,0.5,1,1.0,270,1.0,1.0,williambrown97@gmail.com,1.0,1.0,1.0,1.0,21,1.0,1.0,1.0,1.0,308,1.0,148,1.0,1,0,0,0,0,0.0,0,0,0.0,32.0,2,0,0,3.0,0.3333333333333333,1,3,2,1,1,2025-07-01T21:35:10+00:00,1,1,1.0,1.0,0,0,62,0.04838709677419355,5,62.0,0.04838709677419355,0.04838709677419355,5.0,2.0,7,0,0,0,0,0,0,0,0,0,0,0,1,0.0,0,style_formatting,preventive,Human,17,6.225806451612903,386,1,1,15,65,3,7,PrimeIntellect-ai/verifiers,148,7096480ace53df291ae32d66782b197c65fc7441,spacing,0.0,0,1.0,1.0,1
1416,0.5,1,1.0,271,1.0,1.0,williambrown97@gmail.com,1.0,1.0,1.0,1.0,8,1.0,1.0,1.0,1.0,309,1.0,149,1.0,12,0,29,4,51,0.0944206008583691,23,13,0.012875536480686695,49.96137339055794,466,31,0,41.916666666666664,0.30417495029821073,153,503,350,12,1,2025-07-02T08:41:21+00:00,0,1,0.9840954274353877,0.9166666666666666,0,0,390,0.7956204379562044,83,118.0,0.30548953499014503,0.057309033330342485,20.25,2.0833333333333335,10,0,0,0,0,0,0,0,0,0,0,0,2,0.0,0,dependency_update,adaptive,Human,116,4.860169491525424,6882,1,1,463,2452,24,49,PrimeIntellect-ai/verifiers,149,9333cc9722daf2e0df5f2b3ae80c3dabd0a73913,async vllm,0.0,0,0.9166666666666666,0.9090909090909091,2
118,0.5,1,1.0,272,1.0,1.0,williambrown97@gmail.com,1.0,1.0,1.0,1.0,9,1.0,1.0,1.0,1.0,310,1.0,149,1.0,2,0,3,2,0,0.15384615384615385,0,0,0.0,46.30769230769231,13,6,0,7.5,0.6666666666666666,10,15,5,2,1,2025-07-02T09:12:19+00:00,23,1,1.0,0.5,0,0,109,0.6666666666666666,11,59.0,0.3746177370030581,0.022935779816513763,5.5,2.0,23,0,0,0,0,0,0,0,0,0,0,0,3,0.0,0,unknown,unknown,Human,13,0.423728813559322,50,1,1,4,15,1,3,PrimeIntellect-ai/verifiers,149,bae879ba5731e2c2b3e3f010750665c51a6a1f34,weight update semaphore,0.0,0,0.5,1.0,2
217,0.5,1,1.0,273,1.0,1.0,williambrown97@gmail.com,1.0,1.0,1.0,1.0,3,1.0,1.0,1.0,1.0,311,1.0,151,1.0,2,0,0,0,0,0.0,0,0,0.0,74.14285714285714,7,17,0,3.5,0.2857142857142857,2,7,5,2,1,2025-07-04T03:30:52+00:00,1,1,1.0,0.5,0,0,210,0.7142857142857143,35,108.5,0.3619047619047619,0.03571428571428571,17.5,2.0,6,0,0,0,0,0,0,0,0,0,0,0,1,0.0,0,feature,perfective,Human,7,0.9815668202764977,213,1,1,325,732,4,14,PrimeIntellect-ai/verifiers,151,14853404d9d191cb53422a89b3d7127461f55f83,client,0.0,0,1.0,1.0,4
136,0.5,1,1.0,274,1.0,1.0,williambrown97@gmail.com,1.0,1.0,1.0,1.0,7,1.0,1.0,1.0,1.0,313,1.0,151,1.0,2,0,1,0,2,0.09523809523809523,2,0,0.0,50.857142857142854,21,2,0,10.5,0.5238095238095238,11,21,10,2,1,2025-07-04T07:19:31+00:00,21,1,1.0,0.5,0,0,77,0.3050847457627119,16,68.0,0.17202289236187543,0.036429672022892365,12.5,2.0,27,0,0,0,0,0,0,0,0,0,0,0,4,0.0,0,bug_fix,corrective,Human,6,1.3676470588235294,186,1,1,3,3,2,2,PrimeIntellect-ai/verifiers,151,4f44d7ea4dae70791dde89aedc8f1747cda01cc0,fixed await for rubricgroup,0.0,0,0.5,0.5,4
1161,0.5,1,1.0,275,1.0,1.0,williambrown97@gmail.com,1.0,1.0,1.0,1.0,23,1.0,1.0,1.0,1.0,315,1.0,152,1.0,5,30,29,1,9,0.12075471698113208,0,0,0.022641509433962263,37.91698113207547,265,72,0,60.2,0.8239202657807309,248,301,53,5,1,2025-07-05T23:30:44+00:00,1,1,1.0,0.4,1,1,358,0.6452513966480447,23,232.2,0.18649042919512032,0.04417385510823267,12.4,1.4,89,0,0,1,1,0,1,0,0,0,0,1,15,0.0,0,,,,19,1.3385012919896642,1554,2,1,184,451,10,17,PrimeIntellect-ai/verifiers,152,e210982f202e30ab9838a25479bb44fa572a7023,Merge pull request #124 from willccbb/cursor/re-add-rubricgroup-tests-and-fix-errors-dcaa,0.6,3,0.4,0.4,5
390,0.5,1,1.0,276,1.0,1.0,williambrown97@gmail.com,1.0,1.0,1.0,1.0,10,1.0,1.0,1.0,1.0,317,1.0,153,1.0,1,0,0,0,0,0.0,0,0,0.0,94.5,4,6,0,4.0,0.5,2,4,2,1,1,2025-07-06T10:14:59+00:00,4,1,1.0,1.0,0,1,390,0.010256410256410256,83,390.0,0.010256410256410256,0.07692307692307693,83.0,2.0,20,0,0,0,0,0,0,0,0,0,0,0,3,0.0,0,refactor_cleanup,preventive,Human,74,11.207692307692307,4371,1,1,269,1515,9,24,PrimeIntellect-ai/verifiers,153,802adcd4eb6ffebe7b618c34b6659095f8c0f144,optional seed = None,0.0,0,1.0,1.0,6
572,0.5,1,1.0,277,1.0,1.0,williambrown97@gmail.com,1.0,1.0,1.0,1.0,10,1.0,1.0,1.0,1.0,318,1.0,154,2.0,2,0,0,0,3,0.1111111111111111,2,0,0.0,69.44444444444444,9,4,1,5.0,0.6,6,10,4,1,1,2025-07-07T10:02:56+00:00,0,1,1.0,1.0,0,0,394,0.02030456852791878,85,286.0,0.015770261792049278,0.06616095363029716,60.5,2.0,28,0,0,0,0,0,0,0,0,0,0,0,5,0.0,0,resource,perfective,Human,83,8.66958041958042,4959,1,1,279,1525,10,25,PrimeIntellect-ai/verifiers,154,94222db53cb929783f95015088081ba0fb311c45,remove None for dataset type,0.0,0,1.0,1.0,0
185,0.5,1,1.0,278,1.0,1.0,williambrown97@gmail.com,1.0,1.0,1.0,1.0,13,1.0,1.0,1.0,1.0,319,1.0,154,1.0,1,0,0,5,4,0.0,0,0,0.0,64.22222222222223,9,4,0,9.0,0.8888888888888888,8,9,1,1,1,2025-07-07T13:06:50+00:00,0,1,1.0,1.0,0,0,185,0.04864864864864865,39,185.0,0.04864864864864865,0.05405405405405406,39.0,2.0,42,0,0,1,0,0,0,0,0,0,0,0,4,0.0,0,feature,perfective,Human,19,3.1675675675675676,586,1,1,8,8,3,3,PrimeIntellect-ai/verifiers,154,d9ea3d7abd3e2882d2a63f2fc43ca053bf3ed6b4,support max_seq_len in process_env_results,0.0,0,1.0,1.0,0
727,0.5,1,1.0,279,1.0,1.0,williambrown97@gmail.com,1.0,1.0,1.0,1.0,16,1.0,1.0,1.0,1.0,320,1.0,154,1.25,5,6,9,4,14,0.12195121951219512,4,2,0.012195121951219513,49.51219512195122,82,6,0,16.6,0.4819277108433735,40,83,43,4,1,2025-07-07T16:06:31+00:00,0,1,0.9759036144578314,1.0,0,0,385,0.1935483870967742,77,145.4,0.13534507905475648,0.055908780586199934,25.8,2.0,18,0,0,0,0,0,0,0,0,0,0,0,3,0.0,0,feature,perfective,Human,86,7.281980742778542,5294,1,1,363,1737,14,33,PrimeIntellect-ai/verifiers,154,520461b338bf9753c720939bb0816c760e46fd9a,responses in state,0.0,0,1.0,1.0,0
145,0.5,1,1.0,280,1.0,1.0,williambrown97@gmail.com,1.0,1.0,1.0,1.0,16,1.0,1.0,1.0,1.0,321,1.0,154,1.0,1,0,0,0,0,0.0,0,0,0.0,21.0,1,0,0,1.0,1.0,1,1,0,1,1,2025-07-07T16:49:54+00:00,1,1,1.0,1.0,0,0,145,0.006896551724137931,23,145.0,0.006896551724137931,0.04827586206896552,23.0,2.0,11,0,0,0,0,0,0,0,0,0,0,0,2,0.0,0,unknown,unknown,Human,16,4.510344827586207,654,1,1,170,437,8,15,PrimeIntellect-ai/verifiers,154,ba937d26b2a47d3a6c1f5fc4e54d968aff869630,debug print,0.0,0,1.0,1.0,0
144,0.5,1,1.0,281,1.0,1.0,williambrown97@gmail.com,1.0,1.0,1.0,1.0,17,1.0,1.0,1.0,1.0,322,1.0,154,1.0,1,0,0,0,0,0.0,0,0,0.0,21.0,1,0,0,1.0,0.0,0,1,1,1,1,2025-07-07T17:35:22+00:00,0,1,1.0,1.0,0,0,144,0.006944444444444444,23,144.0,0.006944444444444444,0.04861111111111111,23.0,2.0,12,0,0,0,0,0,0,0,0,0,0,0,2,0.0,0,,,,15,4.534722222222222,653,1,1,171,438,9,16,PrimeIntellect-ai/verifiers,154,295c7c688f80bea92f35be7d682b91ffbfcc60ee,remove debug,0.0,0,1.0,1.0,0
601,0.5,1,1.0,282,1.0,1.0,williambrown97@gmail.com,1.0,1.0,1.0,1.0,22,1.0,1.0,1.0,1.0,323,1.0,154,1.0,3,7,0,1,8,0.045454545454545456,2,10,0.030303030303030304,43.515151515151516,66,0,0,23.666666666666668,0.6056338028169014,43,71,28,3,1,2025-07-07T22:54:36+00:00,0,1,0.7746478873239436,1.0,0,0,380,0.7941176470588235,77,200.33333333333334,0.3091847265221878,0.0486537198611502,38.666666666666664,1.6666666666666667,48,0,0,0,0,0,0,0,0,0,0,0,8,0.0,0,dependency_update,adaptive,Human,94,8.334442595673877,5009,1,1,354,1640,14,39,PrimeIntellect-ai/verifiers,154,9f66041f2e9503d8ad0a7f97d9f8be3863a0de7c,"move deps to optional, seq len truncation option",0.0,0,1.0,1.0,0
1720,0.5,1,1.0,283,1.0,1.0,williambrown97@gmail.com,1.0,1.0,1.0,1.0,20,1.0,1.0,1.0,1.0,324,1.0,155,1.25,5,1,0,0,14,0.043478260869565216,2,0,0.014492753623188406,54.42028985507246,69,25,0,16.8,0.6904761904761905,58,84,26,4,1,2025-07-08T20:25:55+00:00,0,1,0.9166666666666666,1.0,0,0,1026,0.625,208,344.0,0.17523958122802796,0.09092917142339478,69.0,2.0,38,1,0,0,1,0,0,0,0,0,0,0,6,0.4,2,bug_fix,corrective,Human,103,3.7517441860465115,6453,1,1,414,8299,17,84,PrimeIntellect-ai/verifiers,155,6ab7d4624e2a6567185dc279596e230b045e7b37,"bumped versions, fixed multi-epoch bug",0.0,0,1.0,1.0,1
385,0.5,1,1.0,284,1.0,1.0,williambrown97@gmail.com,1.0,1.0,1.0,1.0,21,1.0,1.0,1.0,1.0,325,1.0,155,1.0,1,0,0,2,8,0.0,0,0,0.0,50.63157894736842,19,4,0,19.0,0.6842105263157895,13,19,6,1,1,2025-07-08T21:47:21+00:00,0,1,1.0,1.0,0,0,385,0.04935064935064935,77,385.0,0.04935064935064935,0.06753246753246753,77.0,2.0,24,0,0,0,0,0,0,0,0,0,0,0,5,0.0,0,bug_fix,corrective,Human,72,11.251948051948052,4332,1,1,345,1591,14,29,PrimeIntellect-ai/verifiers,155,722e258732c257ea6a7189bf6a810f1f26744203,shuffle only if seed set,0.0,0,1.0,1.0,1
385,0.5,1,1.0,285,1.0,1.0,williambrown97@gmail.com,1.0,1.0,1.0,1.0,22,1.0,1.0,1.0,1.0,326,1.0,155,1.0,1,0,0,0,0,0.5,0,0,0.0,50.5,4,0,0,4.0,0.5,2,4,2,1,1,2025-07-08T22:25:46+00:00,0,1,1.0,1.0,0,0,385,0.01038961038961039,77,385.0,0.01038961038961039,0.07272727272727272,77.0,2.0,32,0,0,0,0,0,0,0,0,0,0,1,5,0.0,0,refactor_cleanup,preventive,Human,71,11.24155844155844,4328,1,1,364,1610,15,30,PrimeIntellect-ai/verifiers,155,6a4e07eedeb8a35fce61a04298f5b645c094a882,remove default vllm special toks,0.0,0,1.0,1.0,1
385,0.5,1,1.0,286,1.0,1.0,williambrown97@gmail.com,1.0,1.0,1.0,1.0,23,1.0,1.0,1.0,1.0,327,1.0,155,1.0,1,0,0,0,0,0.0,0,0,0.0,43.0,2,2,0,4.0,0.5,2,4,2,1,1,2025-07-08T23:22:21+00:00,0,1,1.0,1.0,0,0,385,0.01038961038961039,77,385.0,0.01038961038961039,0.07272727272727272,77.0,2.0,15,0,0,0,1,0,0,0,0,0,0,0,3,0.0,0,bug_fix,corrective,Human,70,11.231168831168832,4324,1,1,368,1614,16,31,PrimeIntellect-ai/verifiers,155,a51e2bdc8d2f05ea4aa3d49af90cbf059175a955,prompt mask bug,0.0,0,1.0,1.0,1
386,0.5,1,1.0,287,1.0,1.0,williambrown97@gmail.com,1.0,1.0,1.0,1.0,23,1.0,1.0,1.0,1.0,328,1.0,155,1.0,1,0,0,0,0,0.0,0,0,0.0,46.0,1,2,0,1.0,1.0,1,1,0,1,1,2025-07-08T23:27:41+00:00,0,1,1.0,1.0,0,0,386,0.0025906735751295338,77,386.0,0.0025906735751295338,0.07253886010362694,77.0,2.0,17,0,0,0,0,0,0,0,0,0,0,0,3,0.0,0,unknown,unknown,Human,69,11.199481865284975,4323,1,1,372,1618,17,32,PrimeIntellect-ai/verifiers,155,4e5889cd34f2965e0bef5a18460c304dec964c23,state debug print,0.0,0,1.0,1.0,1
420,0.5,1,1.0,288,1.0,1.0,williambrown97@gmail.com,1.0,1.0,1.0,1.0,23,1.0,1.0,1.0,1.0,329,1.0,156,1.0,2,0,0,0,0,0.0,0,0,0.0,62.333333333333336,3,2,0,1.5,0.3333333333333333,1,3,2,2,1,2025-07-08T23:37:35+00:00,0,1,1.0,1.0,0,0,385,0.05714285714285714,77,210.0,0.02987012987012987,0.06493506493506493,41.0,2.0,29,0,0,0,1,0,0,0,0,0,0,0,6,0.0,0,bug_fix,corrective,Human,68,10.33095238095238,4339,1,1,387,1705,18,36,PrimeIntellect-ai/verifiers,156,2381da1b5426b493da3af8785b46bb4972747aef,fix state return in chat case,0.0,0,1.0,1.0,1
36,0.5,1,1.0,289,1.0,1.0,williambrown97@gmail.com,1.0,1.0,1.0,1.0,16,1.0,1.0,1.0,1.0,331,1.0,156,1.0,1,0,0,0,4,0.12,0,0,0.0,41.12,25,0,0,30.0,1.0,30,30,0,1,1,2025-07-09T16:58:37+00:00,1,1,1.0,1.0,0,0,36,0.8333333333333334,4,36.0,0.8333333333333334,0.1111111111111111,4.0,1.0,12,0,0,0,0,0,0,0,0,0,0,0,2,1.0,1,refactor_cleanup,preventive,Human,15,2.9444444444444446,106,1,1,29,69,3,17,PrimeIntellect-ai/verifiers,156,4cc5af7e6d83e0745c9d6780af69a7e07ae005df,move logging,0.0,0,1.0,1.0,2
369,0.5,1,1.0,290,1.0,1.0,williambrown97@gmail.com,1.0,1.0,1.0,1.0,20,1.0,1.0,1.0,1.0,332,1.0,157,1.0,1,0,0,0,2,0.21052631578947367,0,1,0.0,44.63157894736842,19,4,0,20.0,0.1,2,20,18,1,1,2025-07-10T20:24:11+00:00,1,1,1.0,1.0,0,0,369,0.05420054200542006,75,369.0,0.05420054200542006,0.07588075880758807,75.0,2.0,29,0,0,0,0,0,0,0,0,0,0,0,2,0.0,0,refactor_cleanup,preventive,Human,69,11.710027100271002,4321,1,1,334,1620,15,34,PrimeIntellect-ai/verifiers,157,8363357a75a57ef15805611e0105149617799d94,remove sanitize_sampling_args,0.0,0,1.0,1.0,3
9,0.5,1,1.0,291,1.0,1.0,williambrown97@gmail.com,1.0,1.0,1.0,1.0,21,1.0,1.0,1.0,1.0,333,1.0,157,1.0,1,0,0,0,0,0.0,0,0,0.0,79.75,4,6,0,4.0,0.5,2,4,2,1,1,2025-07-10T21:28:17+00:00,40,1,1.0,0.0,0,0,9,0.4444444444444444,2,9.0,0.4444444444444444,0.0,2.0,2.0,32,0,0,1,0,0,0,0,0,0,0,0,5,1.0,1,feature,perfective,Human,0,0.0,0,1,1,0,6,0,2,PrimeIntellect-ai/verifiers,157,3727eb67b914ff77dd932379856fe0a203e01d9a,add '/v1' to judgerubric example,0.0,0,1.0,1.0,3
933,0.5,1,1.0,292,1.0,1.0,williambrown97@gmail.com,1.0,1.0,1.0,1.0,13,1.0,1.0,1.0,1.0,334,1.0,158,0.6666666666666666,10,3,4,2,1,0.07692307692307693,0,17,0.004273504273504274,44.85897435897436,234,9,0,24.1,0.5933609958506224,143,241,98,15,1,2025-07-11T13:53:17+00:00,0,1,0.9253112033195021,0.6,0,0,373,0.8333333333333334,75,93.3,0.39003919267553366,0.05173081267436207,14.1,2.0,110,0,0,1,0,0,0,0,0,1,0,0,16,0.0,0,refactor_cleanup,preventive,Human,101,5.663451232583065,5284,1,1,463,1862,18,47,PrimeIntellect-ai/verifiers,158,ef265820e92f5c1aa233bfc81177214583777d16,"custom types, rework single+multiturn env shared logic, silence nltk downloads in TA, additional minor changes",0.0,0,1.0,1.0,4
1277,0.5,1,1.0,293,1.0,1.0,williambrown97@gmail.com,1.0,1.0,1.0,1.0,16,1.0,1.0,1.0,1.0,335,1.0,158,0.6666666666666666,4,0,0,2,4,0.0,3,5,0.0,47.31818181818182,22,6,0,5.5,0.5909090909090909,13,22,9,6,1,2025-07-11T16:58:28+00:00,0,1,0.8181818181818182,1.0,0,0,1026,0.6111111111111112,208,319.25,0.16859985448754908,0.06689900612250502,62.25,2.0,29,0,0,0,0,0,0,0,0,0,0,0,4,0.0,0,feature,perfective,Human,50,1.5262333594361785,1949,1,1,438,7545,11,80,PrimeIntellect-ai/verifiers,158,259ad287913be64bf0b7a15dbf7f1259d13ac46d,"vllm asyncopenai, math rubric",0.0,0,1.0,1.0,4
183,0.5,1,1.0,294,1.0,1.0,williambrown97@gmail.com,1.0,1.0,1.0,1.0,19,1.0,1.0,1.0,1.0,336,1.0,158,3.0,3,0,4,0,0,0.15384615384615385,0,0,0.0,70.15384615384616,13,1,0,4.333333333333333,0.5384615384615384,7,13,6,1,1,2025-07-11T19:25:26+00:00,9,1,1.0,0.3333333333333333,0,0,109,0.2857142857142857,11,61.0,0.14229638178700207,0.16120576671035386,7.666666666666667,2.0,16,0,0,0,0,0,0,0,0,0,0,0,2,0.3333333333333333,1,bug_fix,corrective,Human,7,0.546448087431694,100,1,1,9,29,1,4,PrimeIntellect-ai/verifiers,158,2456c857c71b659f2b8ca4d2c25f69cf1a2c7b94,server debugging,0.0,0,0.6666666666666666,1.0,4
118,0.5,1,1.0,295,1.0,1.0,williambrown97@gmail.com,1.0,1.0,1.0,1.0,20,1.0,1.0,1.0,1.0,337,1.0,158,2.0,2,0,4,0,0,0.2727272727272727,0,0,0.0,60.81818181818182,11,3,0,6.0,0.4166666666666667,5,12,7,1,1,2025-07-11T20:52:22+00:00,0,1,1.0,1.0,0,0,107,0.36363636363636365,11,59.0,0.21920135938827529,0.15972812234494477,6.0,2.0,16,0,0,0,0,0,0,0,0,0,0,0,2,0.5,1,dependency_update,adaptive,Human,5,0.6864406779661016,81,1,1,15,35,2,5,PrimeIntellect-ai/verifiers,158,984e223f0445276b1aed48885f70e72f32a14c3e,server debugging,0.0,0,1.0,1.0,4
115,0.5,1,1.0,296,1.0,1.0,williambrown97@gmail.com,1.0,1.0,1.0,1.0,21,1.0,1.0,1.0,1.0,338,1.0,158,2.0,2,0,1,1,0,0.3333333333333333,0,0,0.0,46.333333333333336,6,3,0,4.0,0.375,3,8,5,1,1,2025-07-11T21:29:59+00:00,0,1,1.0,1.0,0,0,106,0.3333333333333333,10,57.5,0.190251572327044,0.129979035639413,5.5,2.0,37,0,0,0,0,0,0,0,0,0,0,0,5,0.0,0,bug_fix,corrective,Human,4,0.6347826086956522,73,1,1,27,47,3,6,PrimeIntellect-ai/verifiers,158,a4cc9231e779ebb82d82d58d92e9ecf56d00cb95,"setuptools all, vllm server debugging",0.0,0,1.0,1.0,4
725,0.5,1,1.0,297,1.0,1.0,williambrown97@gmail.com,1.0,1.0,1.0,1.0,0,1.0,1.0,1.0,1.0,339,1.0,159,0.8333333333333334,5,18,0,5,9,0.0979020979020979,0,6,0.0,46.31468531468531,143,3,0,29.2,0.684931506849315,100,146,46,6,1,2025-07-12T00:06:30+00:00,0,1,0.9657534246575342,0.8,0,1,372,0.6302521008403361,75,145.0,0.32383798192337093,0.06537714998815568,24.4,1.8333333333333333,46,0,0,0,0,0,0,0,0,0,0,0,5,0.2,1,refactor_cleanup,preventive,Human,81,6.917241379310345,5015,1,1,576,1990,20,43,PrimeIntellect-ai/verifiers,159,8211692fd08fa0d39c8b7df5e9c0c7a86c4ae7b4,consolidated completion envs into multiturnenv,0.0,0,0.8,1.0,5
791,0.5,1,1.0,298,1.0,1.0,williambrown97@gmail.com,1.0,1.0,1.0,1.0,0,1.0,1.0,1.0,1.0,340,1.0,159,0.5714285714285714,8,2,0,7,7,0.18181818181818182,2,6,0.01652892561983471,46.04132231404959,121,7,0,15.5,0.4596774193548387,57,124,67,14,1,2025-07-12T00:50:35+00:00,0,1,0.9112903225806451,0.75,0,1,226,0.5384615384615384,75,98.875,0.206009940518692,0.05593749774836378,19.125,1.9285714285714286,19,0,0,0,0,0,0,0,0,1,0,0,3,0.0,0,refactor_cleanup,preventive,Human,45,1.5549936788874843,1230,1,1,317,936,13,27,PrimeIntellect-ai/verifiers,159,deaca93d040b447862e4d38cfc6e01791934da84,more typing cleanup,0.0,0,1.0,1.0,5
152,0.5,1,1.0,299,1.0,1.0,williambrown97@gmail.com,1.0,1.0,1.0,1.0,1,1.0,1.0,1.0,1.0,341,1.0,159,0.6,6,0,0,0,0,0.0,0,8,0.0,40.333333333333336,18,3,0,3.0,0.5,9,18,9,10,1,2025-07-12T01:25:43+00:00,0,1,0.7222222222222222,0.6666666666666666,0,1,68,0.2857142857142857,11,25.333333333333332,0.15390773773126715,0.05595238095238095,3.6666666666666665,1.9,14,0,0,0,0,0,0,0,0,0,0,0,2,0.0,0,refactor_cleanup,preventive,Human,25,1.4013157894736843,213,1,1,81,141,9,26,PrimeIntellect-ai/verifiers,159,de919cff493e7785bc662a1e7eb55473d9dc3e8f,moving imports,0.0,0,1.0,1.0,5
1887,0.5,1,1.0,300,1.0,1.0,williambrown97@gmail.com,1.0,1.0,1.0,1.0,21,1.0,1.0,1.0,1.0,342,1.0,159,1.2,6,0,0,1,0,0.1111111111111111,0,1,0.0,48.166666666666664,18,7,0,8.333333333333334,0.44,22,50,28,5,1,2025-07-12T21:33:52+00:00,0,1,0.98,0.8333333333333334,0,1,1020,0.2857142857142857,208,314.5,0.07058088662806812,0.06034744421126371,60.5,2.0,15,0,0,0,0,0,0,0,0,0,0,0,2,0.0,0,dependency_update,adaptive,Human,92,3.311075781664017,6248,1,1,869,9205,28,103,PrimeIntellect-ai/verifiers,159,b9bfbd1a09b4250b0c206f7b1ca63c04cf43187d,torch downgrade,0.0,0,1.0,1.0,5
1031,0.5,1,1.0,301,1.0,1.0,williambrown97@gmail.com,1.0,1.0,1.0,1.0,0,1.0,1.0,1.0,1.0,343,1.0,160,1.0,2,0,0,0,0,0.0,0,0,0.36363636363636365,96.36363636363636,11,26,0,5.5,0.5454545454545454,6,11,5,2,1,2025-07-13T00:23:05+00:00,0,1,0.6363636363636364,0.5,0,1,1022,0.3333333333333333,208,515.5,0.16862361382909327,0.07338551859099804,104.0,2.0,29,1,0,0,0,0,0,0,0,0,0,0,4,0.0,0,dependency_update,adaptive,Human,27,1.4112512124151309,1455,1,1,78,6722,5,62,PrimeIntellect-ai/verifiers,160,d8e61edca9c145504d28d1040494b7f0d7a87e80,"trainer logging, version pins",0.0,0,1.0,1.0,6
378,0.5,1,1.0,302,1.0,1.0,williambrown97@gmail.com,1.0,1.0,1.0,1.0,0,1.0,1.0,1.0,1.0,344,1.0,160,1.0,3,0,0,0,0,0.08333333333333333,1,0,0.0,43.666666666666664,12,2,0,4.0,0.5,6,12,6,3,1,2025-07-13T00:33:08+00:00,0,1,1.0,1.0,0,1,366,0.16666666666666666,74,126.0,0.12021857923497266,0.0273224043715847,24.666666666666668,2.0,16,0,0,0,0,0,0,0,0,1,0,0,2,0.0,0,refactor_cleanup,preventive,Human,75,11.60846560846561,4388,1,1,465,1768,19,41,PrimeIntellect-ai/verifiers,160,41e5c81dedeadd6aa55a0de74fce36c6d268adfe,resource cleanup,0.0,0,1.0,1.0,6
1278,0.5,1,1.0,303,1.0,1.0,williambrown97@gmail.com,1.0,1.0,1.0,1.0,1,1.0,1.0,1.0,1.0,345,1.0,160,1.3333333333333333,4,0,3,0,11,0.11864406779661017,6,1,0.01694915254237288,42.728813559322035,59,4,0,15.75,0.6666666666666666,42,63,21,3,1,2025-07-13T01:41:58+00:00,0,1,0.9841269841269841,0.75,0,1,1029,0.3333333333333333,212,319.5,0.21329488317065956,0.08185518513823749,61.75,2.0,18,0,0,0,0,0,0,0,0,0,0,0,3,0.0,0,refactor_cleanup,preventive,Human,28,1.2801251956181534,1636,1,1,104,6784,8,68,PrimeIntellect-ai/verifiers,160,f443ea6b2a20525b5c195320d4db72520ac14abb,move to a_generate,0.0,0,1.0,1.0,6
1276,0.5,1,1.0,304,1.0,1.0,williambrown97@gmail.com,1.0,1.0,1.0,1.0,1,1.0,1.0,1.0,1.0,346,1.0,160,1.0,2,0,0,0,1,0.05555555555555555,0,2,0.027777777777777776,40.166666666666664,36,0,0,18.5,0.7297297297297297,27,37,10,2,1,2025-07-13T01:55:29+00:00,0,1,1.0,1.0,0,1,1030,0.08130081300813008,212,638.0,0.04890283368853106,0.10988633672744494,124.0,2.0,37,0,0,0,0,0,0,0,0,0,0,0,6,0.0,0,refactor_cleanup,preventive,Human,26,1.2296238244514106,1569,1,1,153,6794,7,64,PrimeIntellect-ai/verifiers,160,a83bdabdcec1113eda0616e8962eaa7c1fdb3d24,move client init inside worker thread,0.0,0,1.0,1.0,6
1322,0.5,1,1.0,305,1.0,1.0,williambrown97@gmail.com,1.0,1.0,1.0,1.0,2,1.0,1.0,1.0,1.0,347,1.0,160,1.0,3,2,3,0,6,0.13559322033898305,1,2,0.0,41.898305084745765,59,4,0,21.666666666666668,0.8153846153846154,53,65,12,3,1,2025-07-13T02:15:56+00:00,0,1,0.9230769230769231,1.0,0,1,1030,0.3333333333333333,214,440.6666666666667,0.16692390672973198,0.0748319641523525,84.66666666666667,2.0,35,0,0,0,0,0,0,0,0,0,0,0,6,0.0,0,refactor_cleanup,preventive,Human,25,1.1588502269288956,1532,1,1,200,6856,10,68,PrimeIntellect-ai/verifiers,160,8ac2990aa0e228dc3eb93000fccf0ceb3aafcab8,move eval into async batch generate,0.0,0,1.0,1.0,6
1334,0.5,1,1.0,306,1.0,1.0,williambrown97@gmail.com,1.0,1.0,1.0,1.0,2,1.0,1.0,1.0,1.0,348,1.0,160,1.0,2,0,0,2,9,0.2608695652173913,0,0,0.08695652173913043,57.73913043478261,23,6,0,13.0,0.8461538461538461,22,26,4,2,1,2025-07-13T02:24:38+00:00,0,1,1.0,1.0,0,1,1047,0.02387774594078319,218,667.0,0.013681033249137239,0.11282609346764774,129.5,2.0,24,0,0,0,0,0,0,0,0,0,0,0,4,0.0,0,bug_fix,corrective,Human,24,1.1131934032983508,1485,1,1,248,6889,9,66,PrimeIntellect-ai/verifiers,160,55e304d7e0300014a9a9a3181f89a38b3bca3e06,sync polling to generate,0.0,0,1.0,1.0,6
1388,0.5,1,1.0,307,1.0,1.0,williambrown97@gmail.com,1.0,1.0,1.0,1.0,2,1.0,1.0,1.0,1.0,349,1.0,160,1.3333333333333333,4,0,1,0,4,0.047619047619047616,0,0,0.0,43.23809523809524,21,8,0,6.0,0.875,21,24,3,3,1,2025-07-13T02:43:02+00:00,0,1,1.0,1.0,0,1,1053,0.2857142857142857,222,347.0,0.09570544983389019,0.13499576932298646,67.0,2.0,18,0,0,0,0,0,0,0,0,0,0,0,2,0.0,0,feature,perfective,Human,24,1.1844380403458212,1644,1,1,501,7579,18,80,PrimeIntellect-ai/verifiers,160,28930399ae987115205e0dd82b0d8e5fc2be0621,background waiting,0.0,0,1.0,1.0,6
830,0.5,1,1.0,308,1.0,1.0,williambrown97@gmail.com,1.0,1.0,1.0,1.0,12,1.0,1.0,1.0,1.0,350,1.0,160,1.3333333333333333,4,0,2,0,5,0.0,2,0,0.05,65.1,20,5,0,5.75,0.7391304347826086,17,23,6,3,1,2025-07-13T12:10:38+00:00,0,1,1.0,0.75,0,1,370,0.5555555555555556,76,207.5,0.15679772884800025,0.07788995379458032,36.5,2.0,7,0,0,0,0,0,0,0,0,0,0,0,1,0.0,0,documentation,perfective,Human,79,5.956626506024096,4944,1,1,662,2007,24,50,PrimeIntellect-ai/verifiers,160,2ee407af660e22672740384b614273f946af7488,logging,0.0,0,1.0,1.0,6
1201,0.5,1,1.0,309,1.0,1.0,williambrown97@gmail.com,1.0,1.0,1.0,1.0,13,1.0,1.0,1.0,1.0,351,1.0,160,1.3333333333333333,4,0,0,0,1,0.0,0,0,0.0,64.6086956521739,23,9,0,6.0,0.6666666666666666,16,24,8,3,1,2025-07-13T13:26:06+00:00,0,1,1.0,1.0,0,1,1056,0.6,223,300.25,0.28160416666666666,0.07816856060606062,62.0,2.0,21,0,0,0,1,0,0,0,0,0,0,0,4,0.0,0,bug_fix,corrective,Human,22,1.2114904246461282,1455,1,1,172,6870,13,77,PrimeIntellect-ai/verifiers,160,5fa59b7e0a7c1717867234c28ce5027ff92e601a,grad accum offset fix,0.0,0,1.0,1.0,6
1242,0.5,1,1.0,310,1.0,1.0,williambrown97@gmail.com,1.0,1.0,1.0,1.0,15,1.0,1.0,1.0,1.0,352,1.0,160,1.5,6,0,0,0,17,0.13793103448275862,6,4,0.022988505747126436,49.39080459770115,87,19,0,16.666666666666668,0.46,46,100,54,4,1,2025-07-13T15:14:15+00:00,0,1,1.0,0.8333333333333334,0,1,1057,3.5,223,207.0,0.7741113202153508,0.041542168346685,42.5,2.0,15,0,0,0,1,0,0,0,0,0,0,0,3,0.16666666666666666,1,bug_fix,corrective,Human,21,1.1119162640901772,1381,1,1,191,6892,14,76,PrimeIntellect-ai/verifiers,160,8e79959db4bbe346d780a861ba88a087746097ff,multi-epoch fix,0.0,0,0.8333333333333334,1.0,6
2020,0.5,1,1.0,311,1.0,1.0,williambrown97@gmail.com,1.0,1.0,1.0,1.0,15,1.0,1.0,1.0,1.0,353,1.0,160,1.4,7,0,0,0,4,0.041666666666666664,0,1,0.125,73.58333333333333,24,6,0,4.0,0.25,7,28,21,5,1,2025-07-13T15:40:04+00:00,0,1,0.8928571428571429,1.0,0,1,1054,0.3,223,288.57142857142856,0.09278213652314828,0.08524347965247854,56.714285714285715,2.0,26,0,0,0,0,0,0,0,0,1,0,1,4,0.0,0,refactor_cleanup,preventive,Human,86,3.1143564356435642,6291,1,1,951,8973,32,111,PrimeIntellect-ai/verifiers,160,67c7b62ccfa39d2fb166a69e019664e6fbed42a5,"logging cleanup, eval test",0.0,0,1.0,1.0,6
1408,0.5,1,1.0,312,1.0,1.0,williambrown97@gmail.com,1.0,1.0,1.0,1.0,16,1.0,1.0,1.0,1.0,355,1.0,160,1.0,3,2,3,0,16,0.0975609756097561,8,3,0.04878048780487805,51.170731707317074,82,8,0,31.0,0.7956989247311828,74,93,19,3,1,2025-07-13T16:28:30+00:00,0,1,1.0,1.0,0,1,1050,0.625,221,469.3333333333333,0.28579365079365077,0.0746031746031746,89.66666666666667,2.0,12,0,0,0,0,0,0,0,0,1,0,0,2,0.0,0,refactor_cleanup,preventive,Human,18,0.9630681818181818,1356,1,1,331,6999,16,75,PrimeIntellect-ai/verifiers,160,37febf276eed2a92305ff61929d289546417ec0f,cleanup logs,0.0,0,1.0,1.0,6
6,0.5,1,1.0,313,1.0,1.0,williambrown97@gmail.com,1.0,1.0,1.0,1.0,16,1.0,1.0,1.0,1.0,356,1.0,160,1.0,1,0,0,0,0,1.0,0,0,0.0,54.0,1,1,0,1.0,0.0,0,1,1,1,1,2025-07-13T16:29:04+00:00,0,1,1.0,1.0,0,1,6,0.16666666666666666,0,6.0,0.16666666666666666,0.0,0.0,2.0,14,0,0,0,0,0,0,0,0,0,0,0,2,0.0,0,,,,0,0.0,0,1,1,12,33,3,9,PrimeIntellect-ai/verifiers,160,5b2f5219b56eae0e67c6f2ad89c048dcfa467493,example tweaks,0.0,0,1.0,1.0,6
1445,0.5,1,1.0,314,1.0,1.0,williambrown97@gmail.com,1.0,1.0,1.0,1.0,18,1.0,1.0,1.0,1.0,358,1.0,160,1.0,3,0,0,5,11,0.01680672268907563,1,0,0.07563025210084033,68.54621848739495,119,26,0,42.0,0.6031746031746031,76,126,50,3,1,2025-07-13T18:40:59+00:00,0,1,1.0,1.0,0,1,1064,0.5,227,481.6666666666667,0.21649465486773234,0.0599093242489602,92.33333333333333,2.0,21,0,0,0,0,0,0,0,0,1,0,0,4,0.0,0,dependency_update,adaptive,Human,20,0.9349480968858132,1351,1,1,183,6853,16,75,PrimeIntellect-ai/verifiers,160,4ded896c1b68950a1c9a8f858587742b8c384ed3,rework seq len params,0.0,0,1.0,1.0,6
1557,0.5,1,1.0,315,1.0,1.0,williambrown97@gmail.com,1.0,1.0,1.0,1.0,21,1.0,1.0,1.0,1.0,359,1.0,160,1.0,3,2,0,4,7,0.03571428571428571,0,0,0.14285714285714285,78.16071428571429,56,13,0,21.0,0.3968253968253968,25,63,38,3,1,2025-07-13T21:44:04+00:00,0,1,0.9682539682539683,1.0,0,1,1056,0.1390728476821192,224,519.0,0.060257327293751134,0.08914121107001903,98.66666666666667,2.0,11,0,0,0,0,0,0,0,0,0,0,0,1,0.0,0,feature,perfective,Human,23,1.0809248554913296,1683,1,1,606,7259,24,82,PrimeIntellect-ai/verifiers,160,7a2f4f1bf043c45ddb05cada69fe788f80fdfda2,max_seq_len,0.0,0,1.0,1.0,6
1056,0.5,1,1.0,316,1.0,1.0,williambrown97@gmail.com,1.0,1.0,1.0,1.0,21,1.0,1.0,1.0,1.0,360,1.0,160,1.0,1,0,0,1,0,0.0,0,0,0.2,92.93333333333334,30,11,0,30.0,0.5,15,30,15,1,1,2025-07-13T21:49:27+00:00,0,1,1.0,1.0,0,1,1056,0.028409090909090908,225,1056.0,0.028409090909090908,0.14678030303030304,225.0,2.0,16,0,0,0,0,0,0,0,0,0,0,0,3,0.0,0,refactor_cleanup,preventive,Human,15,1.112689393939394,1175,1,1,320,6969,16,74,PrimeIntellect-ai/verifiers,160,ae1654132414db4563ace11587cbf3b50de137d6,rename attn mask,0.0,0,1.0,1.0,6
1056,0.5,1,1.0,317,1.0,1.0,williambrown97@gmail.com,1.0,1.0,1.0,1.0,21,1.0,1.0,1.0,1.0,361,1.0,160,1.0,1,0,0,0,0,0.0,0,0,0.2,78.0,10,0,0,10.0,0.5,5,10,5,1,1,2025-07-13T21:50:05+00:00,0,1,1.0,1.0,0,1,1056,0.00946969696969697,225,1056.0,0.00946969696969697,0.14678030303030304,225.0,2.0,16,0,0,0,0,0,0,0,0,0,0,0,3,0.0,0,refactor_cleanup,preventive,Human,14,1.103219696969697,1165,1,1,350,6999,17,75,PrimeIntellect-ai/verifiers,160,507f1250dd93df960ff833bade0e25f1da4be0e4,rename attn mask,0.0,0,1.0,1.0,6
1059,0.5,1,1.0,318,1.0,1.0,williambrown97@gmail.com,1.0,1.0,1.0,1.0,21,1.0,1.0,1.0,1.0,362,1.0,160,1.0,1,0,0,0,0,0.041666666666666664,0,0,0.16666666666666666,90.16666666666667,24,15,0,25.0,0.56,14,25,11,1,1,2025-07-13T21:56:20+00:00,0,1,1.0,1.0,0,1,1059,0.023607176581680833,225,1059.0,0.023607176581680833,0.14730878186968838,225.0,2.0,16,0,0,0,0,0,0,0,0,0,0,0,3,0.0,0,refactor_cleanup,preventive,Human,13,1.0764872521246458,1140,1,1,360,7009,18,76,PrimeIntellect-ai/verifiers,160,efe4225cde725a0bd38a0de54c1185329d559e4c,rename attn mask,0.0,0,1.0,1.0,6
1081,0.5,1,1.0,319,1.0,1.0,williambrown97@gmail.com,1.0,1.0,1.0,1.0,21,1.0,1.0,1.0,1.0,363,1.0,160,1.5,3,0,0,0,0,0.09090909090909091,0,0,0.0,47.45454545454545,11,3,0,3.6666666666666665,0.45454545454545453,5,11,6,2,1,2025-07-13T21:59:21+00:00,0,1,1.0,1.0,0,1,1059,0.35714285714285715,225,360.3333333333333,0.20364000179864203,0.0907695939565628,75.0,2.0,20,0,0,0,0,0,0,0,0,1,0,0,3,0.0,0,refactor_cleanup,preventive,Human,13,1.0527289546716003,1138,1,1,419,7107,21,82,PrimeIntellect-ai/verifiers,160,a6f909974d84ae4e716f4c0b8d508630e293938c,reverse text cleanup,0.0,0,1.0,1.0,6
1051,0.5,1,1.0,320,1.0,1.0,williambrown97@gmail.com,1.0,1.0,1.0,1.0,22,1.0,1.0,1.0,1.0,365,1.0,160,1.0,1,0,0,0,0,0.0,0,0,0.25,92.5,8,0,0,8.0,0.0,0,8,8,1,1,2025-07-13T22:04:30+00:00,0,1,1.0,1.0,0,1,1051,0.007611798287345386,225,1051.0,0.007611798287345386,0.14843006660323502,225.0,2.0,16,0,0,0,0,0,0,0,0,0,0,0,3,0.0,0,,,,11,1.0732635585156993,1128,1,1,389,7038,20,78,PrimeIntellect-ai/verifiers,160,c7eb777fca39e80063f94bd374de888a2e320fd6,remove logp logs,0.0,0,1.0,1.0,6
115,0.5,1,1.0,321,1.0,1.0,williambrown97@gmail.com,1.0,1.0,1.0,1.0,22,1.0,1.0,1.0,1.0,366,1.0,160,0.6666666666666666,2,1,0,0,0,0.125,0,0,0.0,45.0,16,1,0,8.5,0.5882352941176471,10,17,7,3,1,2025-07-13T22:27:38+00:00,2,1,0.8823529411764706,0.5,0,1,109,0.5,10,57.5,0.30504587155963303,0.03669724770642202,5.0,2.0,11,0,0,0,0,0,0,0,0,0,0,0,2,0.5,1,feature,perfective,Human,9,0.591304347826087,68,1,1,34,41,3,6,PrimeIntellect-ai/verifiers,160,916e29b79442e65fc4dd93a529598354cb071eba,mini wordle,0.0,0,1.0,1.0,6
974,0.5,1,1.0,322,1.0,1.0,williambrown97@gmail.com,1.0,1.0,1.0,1.0,0,1.0,1.0,1.0,1.0,367,1.0,161,0.5,5,11,3,4,11,0.02142857142857143,2,0,0.05,54.05714285714286,140,34,0,29.6,0.918918918918919,136,148,12,10,1,2025-07-14T00:25:19+00:00,0,1,0.9662162162162162,1.0,0,0,393,0.3967611336032389,76,194.8,0.1626640499442295,0.051503897790126006,31.2,2.0,12,0,0,0,0,0,0,0,0,0,0,0,3,0.0,0,unknown,unknown,Human,76,5.073921971252567,4942,1,1,969,2726,32,68,PrimeIntellect-ai/verifiers,161,6e795770a2d04e8dbdcffcbc355401c53976c0ec,dev check-in,0.0,0,1.0,1.0,0
744,0.5,1,1.0,323,1.0,1.0,williambrown97@gmail.com,1.0,1.0,1.0,1.0,14,1.0,1.0,1.0,1.0,368,1.0,161,1.0833333333333333,13,0,0,2,13,0.006578947368421052,0,2,0.0,54.43421052631579,152,55,0,12.538461538461538,0.7300613496932515,119,163,44,12,1,2025-07-14T14:21:55+00:00,0,1,0.9447852760736196,0.38461538461538464,0,0,252,0.7428571428571429,36,57.23076923076923,0.3386476133548749,0.053618300539494394,8.384615384615385,2.6666666666666665,22,0,0,0,0,0,0,0,0,0,0,0,3,0.46153846153846156,6,feature,perfective,Human,22,0.6209677419354839,462,1,1,321,331,18,21,PrimeIntellect-ai/verifiers,161,d5f2dfb42ab4b0689c9124bd6d32a5f21c9af713,eval rollouts/examples,0.0,0,0.5384615384615384,0.5833333333333334,0
1429,0.5,1,1.0,324,1.0,1.0,williambrown97@gmail.com,1.0,1.0,1.0,1.0,14,1.0,1.0,1.0,1.0,369,1.0,161,1.6666666666666667,5,0,0,0,0,0.15384615384615385,0,0,0.0,33.69230769230769,13,4,0,3.8,0.47368421052631576,9,19,10,3,1,2025-07-14T14:26:45+00:00,0,1,0.7894736842105263,1.0,0,0,1051,0.7142857142857143,225,285.8,0.2610472565810339,0.04454315617778986,54.6,2.0,11,0,0,0,0,0,0,0,0,0,0,0,2,0.2,1,feature,perfective,Human,11,0.8103568929321203,1158,1,1,641,7297,24,82,PrimeIntellect-ai/verifiers,161,661df649603df6db876163e288bbc08fc309d2d5,gsm8k tweak,0.0,0,1.0,1.0,0
146,0.5,1,1.0,325,1.0,1.0,williambrown97@gmail.com,1.0,1.0,1.0,1.0,15,1.0,1.0,1.0,1.0,370,1.0,161,1.0,5,0,0,0,6,0.0,0,0,0.0,36.107142857142854,28,20,0,5.6,0.5357142857142857,15,28,13,5,1,2025-07-14T15:38:00+00:00,0,1,1.0,0.6,0,0,112,0.5,11,29.2,0.36,0.03428571428571429,2.2,2.4,20,0,0,0,0,0,0,0,0,0,0,0,2,0.0,0,feature,perfective,Human,7,0.4657534246575342,68,1,1,95,103,6,9,PrimeIntellect-ai/verifiers,161,9136da451db7bce67d33cd110deaddf9c5b97d24,TA num_eval_examples,0.0,0,0.8,1.0,0
2315,0.5,1,1.0,326,1.0,1.0,williambrown97@gmail.com,1.0,1.0,1.0,1.0,20,1.0,1.0,1.0,1.0,371,1.0,161,1.6666666666666667,5,31,16,41,151,0.03967670830271859,15,15,0.020573108008817047,51.29463629684056,1361,119,0,311.6,0.6322207958921694,985,1558,573,3,1,2025-07-14T20:15:57+00:00,0,1,1.0,0.4,0,0,1288,0.8236744759556104,225,463.0,0.46855875249324025,0.04194069775182733,73.8,1.6666666666666667,27,0,0,0,0,0,0,0,0,0,0,0,5,0.0,0,dependency_update,adaptive,Human,70,1.7555075593952483,4064,1,1,881,8948,40,114,PrimeIntellect-ai/verifiers,161,8d986287be51004c12fcd8f362cf7d7dedf8ee6b,vllm token parsing (in dev),0.0,0,0.6,0.6666666666666666,0
2071,0.5,1,1.0,327,1.0,1.0,williambrown97@gmail.com,1.0,1.0,1.0,1.0,21,1.0,1.0,1.0,1.0,372,1.0,161,1.0,3,7,0,3,7,0.0,3,0,0.01875,48.35625,160,3,0,85.33333333333333,0.59375,152,256,104,3,1,2025-07-14T21:43:23+00:00,0,1,1.0,0.6666666666666666,0,0,1292,0.49379652605459057,225,690.3333333333334,0.21198812247842125,0.07405187086574687,108.0,2.0,23,0,0,0,0,0,0,0,0,0,0,0,4,0.0,0,feature,perfective,Human,13,0.28681796233703527,594,1,1,1477,8182,34,92,PrimeIntellect-ai/verifiers,161,d7c0e2a2469757855a6371f85fc2afad6f2ff8a3,vllm parse env response,0.0,0,1.0,1.0,0
49,0.5,1,1.0,328,1.0,1.0,williambrown97@gmail.com,1.0,1.0,1.0,1.0,22,1.0,1.0,1.0,1.0,373,1.0,161,3.0,3,0,0,0,0,0.0,0,0,0.0,38.57692307692308,26,20,0,9.666666666666666,0.5517241379310345,16,29,13,1,1,2025-07-14T22:33:26+00:00,0,1,1.0,0.6666666666666666,0,0,36,0.6944444444444444,1,16.333333333333332,0.43783068783068785,0.009259259259259259,0.3333333333333333,2.0,19,0,0,0,0,0,0,0,0,0,0,1,3,0.3333333333333333,1,test,preventive,Human,0,0.0,0,1,1,29,29,2,2,PrimeIntellect-ai/verifiers,161,5162ca384381da21fb0788b2b1b46856ee7a8e1c,wordle nothink test,0.0,0,0.6666666666666666,1.0,0
2042,0.5,1,1.0,329,1.0,1.0,williambrown97@gmail.com,1.0,1.0,1.0,1.0,23,1.0,1.0,1.0,1.0,374,1.0,161,1.0,3,0,0,0,0,0.0,0,0,0.0,34.25,20,0,0,7.0,0.5714285714285714,12,21,9,3,1,2025-07-14T23:06:20+00:00,0,1,0.6666666666666666,1.0,0,0,1294,0.026385224274406333,225,680.6666666666666,0.011116957843014722,0.07499926017898396,107.66666666666667,2.0,58,0,0,0,0,0,0,0,0,0,0,0,10,0.0,0,feature,perfective,Human,10,0.18560235063663075,379,1,1,1482,8154,25,85,PrimeIntellect-ai/verifiers,161,784e1ee74ec828d7c1e7cffb8df7bf6584cc847c,"zero env responses config option, mask env default to true",0.0,0,1.0,1.0,0
1288,0.5,1,1.0,330,1.0,1.0,williambrown97@gmail.com,1.0,1.0,1.0,1.0,23,1.0,1.0,1.0,1.0,375,1.0,162,0.5,1,0,0,0,0,0.0,0,1,0.0,57.285714285714285,7,0,0,9.0,0.1111111111111111,1,9,8,2,1,2025-07-14T23:45:54+00:00,0,1,0.6666666666666666,1.0,0,0,1288,0.004658385093167702,225,1288.0,0.004658385093167702,0.1234472049689441,225.0,2.0,24,0,0,0,0,0,0,0,0,0,0,0,3,0.0,0,refactor_cleanup,preventive,Human,6,0.21350931677018634,275,1,1,1244,7893,25,83,PrimeIntellect-ai/verifiers,162,218ddba670fc04aa74fccd28672d892a44edb586,unused BatchRequest args,0.0,0,1.0,1.0,0
42,0.5,1,1.0,331,1.0,1.0,williambrown97@gmail.com,1.0,1.0,1.0,1.0,18,1.0,1.0,1.0,1.0,376,1.0,162,0.5,1,0,0,0,4,0.12,0,0,0.0,37.14,50,10,0,55.0,0.43636363636363634,24,55,31,2,1,2025-07-15T18:12:04+00:00,39,1,0.9636363636363636,0.0,0,0,42,1.2619047619047619,4,42.0,1.2619047619047619,0.047619047619047616,4.0,2.0,29,0,0,0,0,0,0,0,0,0,0,0,4,0.0,0,refactor_cleanup,preventive,Human,15,4.261904761904762,179,1,1,0,40,0,4,PrimeIntellect-ai/verifiers,162,556e656a4eea7ae320326961280ed93339f242ee,judge rubric interface tweaks,0.0,0,1.0,1.0,1
42,0.5,1,1.0,332,1.0,1.0,williambrown97@gmail.com,1.0,1.0,1.0,1.0,20,1.0,1.0,1.0,1.0,377,1.0,162,1.0,1,0,0,0,0,0.0,0,0,0.0,49.888888888888886,9,0,0,10.0,0.7,7,10,3,1,1,2025-07-15T20:46:24+00:00,0,1,1.0,1.0,0,0,42,0.23809523809523808,3,42.0,0.23809523809523808,0.047619047619047616,3.0,2.0,20,0,0,0,0,0,0,0,0,1,0,0,2,0.0,0,refactor_cleanup,preventive,Human,14,4.023809523809524,169,1,1,53,93,1,5,PrimeIntellect-ai/verifiers,162,fea94fdc73971cfd7615549c60596d53fca2e750,judgerubric refactor,0.0,0,1.0,1.0,1
120,0.5,1,1.0,333,nan,nan,williambrown97@gmail.com,nan,nan,nan,nan,20,nan,nan,nan,nan,378,1.0,162,0.09090909090909091,1,0,1,0,0,0.17391304347826086,0,5,0.0,52.26086956521739,46,6,0,54.0,0.7777777777777778,42,54,12,11,1,2025-07-15T20:54:19+00:00,nan,1,1.0,0.0,1,0,120,0.45,8,120.0,0.45,0.08333333333333333,8.0,1.0,111,0,0,0,0,0,1,0,0,1,0,1,16,0.0,0,,,,1,0.03333333333333333,4,2,0,0,0,0,0,PrimeIntellect-ai/verifiers,162,ce31d7fed65b760bb15ef4194fb32c1026965de9,Merge pull request #141 from willccbb/cursor/update-tests-for-refactored-environment-and-parser-components-6a72,1.0,11,0.0,0.0,1
49,0.5,1,1.0,334,1.0,1.0,williambrown97@gmail.com,1.0,1.0,1.0,1.0,21,1.0,1.0,1.0,1.0,380,1.0,162,3.0,3,0,0,2,0,0.0,0,0,0.0,34.675,40,21,0,14.0,0.5476190476190477,23,42,19,1,1,2025-07-15T21:18:45+00:00,1,1,1.0,0.6666666666666666,1,0,26,1.0769230769230769,2,16.333333333333332,0.7042124542124543,0.0,0.6666666666666666,2.0,2,0,0,0,0,0,0,0,0,0,0,0,1,0.3333333333333333,1,unknown,unknown,Human,0,0.0,0,2,1,23,26,5,6,PrimeIntellect-ai/verifiers,162,60c62713674fbc2af4aae357ca399e141c2b5311,mc,0.0,0,0.6666666666666666,1.0,1
33,0.5,1,1.0,335,1.0,1.0,williambrown97@gmail.com,1.0,1.0,1.0,1.0,23,1.0,1.0,1.0,1.0,381,1.0,162,1.0,1,0,0,0,1,0.0,0,0,0.0,50.75,8,2,0,9.0,0.0,0,9,9,1,1,2025-07-15T23:24:19+00:00,0,1,1.0,1.0,0,0,33,0.2727272727272727,2,33.0,0.2727272727272727,0.06060606060606061,2.0,2.0,21,0,0,0,0,0,0,0,0,0,0,0,2,0.0,0,,,,13,4.848484848484849,160,1,1,63,103,2,6,PrimeIntellect-ai/verifiers,162,998aee239c212ab3be4a19450bd599f4054b184b,remove judge_score_fn,0.0,0,1.0,1.0,1
39,0.5,1,1.0,336,1.0,1.0,williambrown97@gmail.com,1.0,1.0,1.0,1.0,23,1.0,1.0,1.0,1.0,382,1.0,163,0.5,1,0,0,0,1,0.0,0,0,0.0,45.0,10,0,0,10.0,0.8,8,10,2,2,1,2025-07-15T23:48:12+00:00,0,1,1.0,1.0,0,0,39,0.2564102564102564,3,39.0,0.2564102564102564,0.05128205128205128,3.0,2.0,19,0,0,0,0,0,0,0,0,0,0,0,2,0.0,0,performance,perfective,Human,12,3.8461538461538463,150,1,1,72,112,3,7,PrimeIntellect-ai/verifiers,163,2d1da11dee427d491cfc508015c13bd19e395838,parallelize scoring,0.0,0,1.0,1.0,1
173,0.5,1,1.0,337,1.0,1.0,williambrown97@gmail.com,1.0,1.0,1.0,1.0,23,1.0,1.0,1.0,1.0,383,1.0,163,1.0,1,0,1,0,0,0.0,0,0,0.0,51.57142857142857,7,0,0,7.0,0.42857142857142855,3,7,4,1,1,2025-07-15T23:50:14+00:00,8,1,1.0,1.0,0,0,173,0.04046242774566474,25,173.0,0.04046242774566474,0.04046242774566474,25.0,2.0,18,0,0,0,0,0,0,0,0,0,0,0,3,0.0,0,bug_fix,corrective,Human,16,3.8439306358381504,665,1,1,118,439,4,17,PrimeIntellect-ai/verifiers,163,ab614253ff4db4b6d02df5c4b6945a82adf84624,await sync rewards,0.0,0,1.0,1.0,1
32,0.5,1,1.0,338,1.0,1.0,williambrown97@gmail.com,1.0,1.0,1.0,1.0,3,1.0,1.0,1.0,1.0,384,1.0,163,2.0,2,0,0,0,0,0.0,0,0,0.0,35.95238095238095,21,15,0,11.0,0.45454545454545453,10,22,12,1,1,2025-07-16T03:15:16+00:00,16,1,1.0,0.5,0,0,26,0.8076923076923077,0,16.0,0.48717948717948717,0.0,0.0,2.0,7,0,0,0,0,0,0,0,0,0,0,0,1,0.0,0,style_formatting,preventive,Human,1,0.1875,6,1,1,3,16,1,6,PrimeIntellect-ai/verifiers,163,2962f1d8bdb95d90953906c62a0954f246134a96,linting,0.0,0,1.0,1.0,2
253,0.5,1,1.0,339,1.0,1.0,williambrown97@gmail.com,1.0,1.0,1.0,1.0,22,1.0,1.0,1.0,1.0,385,1.0,163,1.25,5,0,0,0,0,0.0,0,0,0.0,65.73333333333333,30,8,0,6.0,0.6,18,30,12,4,1,2025-07-16T22:46:36+00:00,2,1,1.0,0.4,0,0,113,0.7,11,50.6,0.242965537829455,0.08225534692390594,7.2,2.75,18,0,0,0,0,0,0,0,0,0,0,0,2,0.6,3,refactor_cleanup,preventive,Human,5,0.15810276679841898,40,1,1,99,105,8,11,PrimeIntellect-ai/verifiers,163,f9e10da1e3cf033de6d6eefe9fa60ef3a233cb99,textarena deepcopy,0.0,0,0.4,1.0,2
5,0.5,1,1.0,340,nan,nan,williambrown97@gmail.com,nan,nan,nan,nan,13,nan,nan,nan,nan,386,1.0,167,1.0,1,0,0,0,0,0.0,0,0,0.0,61.5,4,2,0,4.0,0.5,2,4,2,1,1,2025-07-20T13:41:42+00:00,nan,1,0.5,0.0,1,1,5,0.4,0,5.0,0.4,0.0,0.0,3.0,45,0,0,0,0,0,1,0,0,0,0,0,7,1.0,1,,,,0,0.0,0,2,0,0,0,0,0,PrimeIntellect-ai/verifiers,167,60ed4065a74ffd2a1b9cf232c219cd7ac7cbda1f,Merge pull request #145 from slaterlucas/main,0.0,0,0.0,0.0,6
10,0.5,1,1.0,341,1.0,1.0,williambrown97@gmail.com,1.0,1.0,1.0,1.0,15,1.0,1.0,1.0,1.0,387,1.0,169,1.0,1,0,0,0,0,0.0,0,0,0.0,27.666666666666668,3,2,0,3.0,0.6666666666666666,2,3,1,1,1,2025-07-22T15:57:27+00:00,50,1,1.0,0.0,1,0,10,0.3,0,10.0,0.3,0.0,0.0,2.0,59,0,0,0,1,0,1,0,0,0,0,0,9,0.0,0,,,,0,0.0,0,2,1,0,10,0,3,PrimeIntellect-ai/verifiers,169,e5e348461ba92c15d52c4343e9c3c9bef9cb1d6c,Merge pull request #153 from hanbyul-kim/hotfix/math_python,0.0,0,1.0,1.0,1
73,0.5,1,1.0,342,1.0,1.0,williambrown97@gmail.com,1.0,1.0,1.0,1.0,15,1.0,1.0,1.0,1.0,388,1.0,169,1.0,1,0,0,0,0,0.0,0,4,0.0,34.333333333333336,6,0,0,6.0,0.5,3,6,3,1,1,2025-07-22T15:57:47+00:00,10,1,1.0,1.0,1,0,73,0.0821917808219178,6,73.0,0.0821917808219178,0.0273972602739726,6.0,2.0,43,0,0,0,0,0,1,0,0,0,0,0,8,0.0,0,,,,0,0.0,0,2,1,5,56,1,5,PrimeIntellect-ai/verifiers,169,1932cb22dfce755454b439c8d0fb41eef83b9c1a,Merge pull request #151 from rkinas/patch-1,0.0,0,1.0,1.0,1
10,0.5,1,1.0,343,1.0,1.0,williambrown97@gmail.com,1.0,1.0,1.0,1.0,15,1.0,1.0,1.0,1.0,389,1.0,169,1.0,1,0,0,0,0,0.0,0,0,0.0,86.0,2,0,0,2.0,0.5,1,2,1,1,1,2025-07-22T15:58:04+00:00,8,1,1.0,1.0,1,0,10,0.2,1,10.0,0.2,0.0,1.0,3.0,46,0,0,0,0,0,1,0,0,0,0,0,8,1.0,1,,,,0,0.0,0,2,1,10,12,1,2,PrimeIntellect-ai/verifiers,169,1206fcff8321c9d49edec6c5ca5bdf9d31bc9eff,Merge pull request #150 from PixelBoii/patch-1,0.0,0,1.0,1.0,1
3696,0.5,1,1.0,344,1.0,1.0,williambrown97@gmail.com,1.0,1.0,1.0,1.0,1,1.0,1.0,1.0,1.0,390,1.0,171,0.1595744680851064,15,10,14,20,61,0.03463855421686747,21,64,0.004518072289156626,43.980421686746986,664,85,0,50.4,0.6243386243386243,472,756,284,94,1,2025-07-24T01:28:21+00:00,7,1,0.8611111111111112,0.7333333333333333,1,0,1330,0.8790322580645161,236,246.4,0.3469058772481315,0.052577467746884966,38.06666666666667,2.1914893617021276,16,0,0,0,0,0,0,0,0,0,0,0,3,0.0,0,merge_release_versioning,management,Human,98,1.5752164502164503,5822,2,1,3456,12309,59,150,PrimeIntellect-ai/verifiers,171,2f7a9c92176cfeb89ed3c93359f61a6ac1c7b8a6,merge dev branch,0.0,0,0.8,0.9166666666666666,3
4486,0.5,1,1.0,345,1.0,1.0,williambrown97@gmail.com,1.0,1.0,1.0,1.0,23,1.0,1.0,1.0,1.0,391,1.0,174,0.3125,25,40,2,6,70,0.016355140186915886,24,49,0.007009345794392523,40.98831775700935,856,161,0,42.24,0.6164772727272727,651,1056,405,80,1,2025-07-26T23:45:08+00:00,2,1,0.9857954545454546,0.32,1,1,1367,1.297872340425532,241,179.44,0.3967864511802176,0.041342776773111115,25.08,1.825,60,0,0,0,0,0,0,0,0,0,0,0,14,0.32,8,,,,107,1.2447614801604994,5584,2,1,3314,11815,51,139,PrimeIntellect-ai/verifiers,174,c3099123c5060cbec64fe8ac839b7148e63d8663,"Merge dev-v0.1.2 into main, in preparatio for v0.1.2 release",0.125,10,0.32,0.6190476190476191,5
56,0.5,1,1.0,346,nan,nan,williambrown97@gmail.com,nan,nan,nan,nan,18,nan,nan,nan,nan,393,1.0,174,2.0,2,0,0,0,2,0.26666666666666666,2,0,0.0,35.93333333333333,15,6,0,17.0,0.47058823529411764,16,34,18,1,1,2025-07-27T18:53:12+00:00,nan,1,1.0,0.0,0,1,42,0.9285714285714286,4,28.0,0.7142857142857143,0.19047619047619047,2.5,2.0,8,0,0,0,1,0,0,0,0,0,0,0,2,0.0,0,style_formatting,preventive,Human,2,0.35714285714285715,20,1,0,0,0,0,0,PrimeIntellect-ai/verifiers,174,a38a170b05ec8e37e790b4b50d05de952f39689e,ruff fix,0.0,0,0.0,0.0,6
41,0.5,1,1.0,347,nan,nan,williambrown97@gmail.com,nan,1.0,1.0,1.0,21,nan,1.0,nan,1.0,394,1.0,174,0.5,1,0,0,0,0,0.0,0,0,0.0,0.0,0,0,0,1.0,1.0,1,1,0,2,1,2025-07-27T21:13:34+00:00,nan,1,1.0,0.0,1,1,41,0.024390243902439025,3,41.0,0.024390243902439025,0.17073170731707318,3.0,2.0,100,0,0,0,0,0,1,0,0,0,0,0,16,0.0,0,,,,3,0.7560975609756098,31,2,0,0,0,0,0,PrimeIntellect-ai/verifiers,174,5ec630b60950366a35ccbc1b09203d503728051e,Merge pull request #160 from willccbb/cursor/create-and-evaluate-a-new-hugging-face-environment-bb2b,0.0,0,0.0,1.0,6
40,0.5,1,1.0,348,nan,nan,williambrown97@gmail.com,nan,nan,nan,nan,4,nan,nan,nan,nan,395,1.0,175,1.0,1,0,0,0,0,0.0,0,0,0.0,46.5,4,0,0,4.0,0.5,2,4,2,1,1,2025-07-28T04:55:41+00:00,nan,1,1.0,0.0,0,0,40,0.1,2,40.0,0.1,0.0,2.0,2.0,9,0,0,0,0,0,0,0,0,0,0,0,2,0.0,0,refactor_cleanup,preventive,Human,0,0.0,0,1,0,0,0,0,0,PrimeIntellect-ai/verifiers,175,1049d287fe0bfb9ec32a6056e42c7bc1db66049a,swap args,0.0,0,0.0,0.0,0
169,0.5,1,1.0,349,1.0,1.0,williambrown97@gmail.com,1.0,1.0,1.0,1.0,17,1.0,1.0,1.0,1.0,396,1.0,175,0.13636363636363635,3,0,0,1,1,0.0,0,0,0.030303030303030304,54.303030303030305,33,0,0,11.666666666666666,0.6571428571428571,23,35,12,22,1,2025-07-28T17:49:48+00:00,0,1,1.0,0.6666666666666666,1,0,68,0.4918032786885246,20,56.333333333333336,0.19187560270009643,0.12430890388942462,10.666666666666666,2.0,68,0,0,1,0,0,1,0,0,0,0,0,12,0.0,0,,,,8,1.1479289940828403,194,2,1,14,14,2,2,PrimeIntellect-ai/verifiers,175,ee66f07c5cfec09a7fc5730a525a590fdea29ad6,Merge pull request #167 from willccbb/feature/prepend-vf-to-new-envs,0.0,0,0.6666666666666666,0.5,0
40,0.5,1,1.0,350,1.0,1.0,williambrown97@gmail.com,1.0,1.0,1.0,1.0,19,1.0,1.0,1.0,1.0,397,1.0,175,0.4,4,0,0,0,0,0.0,0,0,0.0,51.0,40,0,0,10.0,0.5,20,40,20,10,1,2025-07-28T19:55:01+00:00,1,1,0.4,0.25,0,0,10,0.4,0,10.0,0.4,0.2,0.0,2.0,40,0,1,0,0,0,0,0,0,0,0,0,6,0.0,0,test,preventive,Human,1,0.2,8,1,1,18,18,1,1,PrimeIntellect-ai/verifiers,175,da0d7688dd5ec1ab5ce49e4aa59067c09839ee51,apply renaming to examle script comments,0.0,0,0.25,0.25,0
92,0.5,1,1.0,351,nan,nan,williambrown97@gmail.com,nan,1.0,1.0,1.0,19,nan,1.0,nan,1.0,398,1.0,175,1.0,10,0,0,0,0,0.0,0,0,0.0,60.40909090909091,22,8,0,2.2,0.5,11,22,11,10,1,2025-07-28T19:56:15+00:00,nan,1,1.0,0.0,0,0,27,0.4444444444444444,0,9.2,0.2804232804232804,0.0037037037037037034,0.0,2.0,23,0,0,0,0,0,0,0,0,0,0,0,4,0.6,6,refactor_cleanup,preventive,Human,1,0.21739130434782608,20,1,0,0,0,0,0,PrimeIntellect-ai/verifiers,175,18b7330879cbe0ef7209339f97bc792192c45ea3,rename envs in examples,0.0,0,0.0,0.4,0
8,0.5,1,1.0,352,nan,nan,williambrown97@gmail.com,nan,1.0,1.0,1.0,20,nan,1.0,nan,1.0,399,1.0,175,1.0,1,0,0,0,0,0.5,0,0,0.0,36.0,2,0,0,2.0,0.5,1,2,1,1,1,2025-07-28T20:03:48+00:00,nan,1,1.0,0.0,0,0,8,0.25,0,8.0,0.25,0.0,0.0,2.0,29,0,0,0,0,0,0,0,0,0,0,0,5,1.0,1,feature,perfective,Human,0,0.0,0,1,0,0,0,0,0,PrimeIntellect-ai/verifiers,175,54c4e08d1572d23b31b0dd3db3de47a8000a2ad5,lora default for reverse text,0.0,0,0.0,1.0,0
114,0.5,1,1.0,353,1.0,1.0,williambrown97@gmail.com,1.0,1.0,1.0,1.0,15,1.0,1.0,1.0,1.0,401,1.0,176,0.5,1,0,0,0,0,0.0,0,0,0.0,37.0,2,0,0,2.0,0.5,1,2,1,2,1,2025-07-29T15:17:06+00:00,2,1,1.0,1.0,0,0,114,0.017543859649122806,6,114.0,0.017543859649122806,0.0,6.0,1.5,32,0,0,0,0,0,0,0,0,0,0,0,5,0.0,0,refactor_cleanup,preventive,Human,4,2.236842105263158,255,1,1,138,138,1,1,PrimeIntellect-ai/verifiers,176,4b35d0c8e05c77e03f119598195e0b17eb8e5a3c,move endpoints to configs folder,0.0,0,1.0,1.0,1
4317,0.5,1,1.0,354,1.0,1.0,williambrown97@gmail.com,1.0,1.0,1.0,1.0,21,1.0,1.0,1.0,1.0,402,1.0,176,0.65,13,97,2,13,85,0.04411764705882353,0,4,0.0,44.46638655462185,476,121,0,38.0,0.5789473684210527,286,494,208,20,1,2025-07-29T21:42:03+00:00,0,1,0.9979757085020243,0.6923076923076923,1,0,1363,0.8387096774193549,235,332.0769230769231,0.21967111085834398,0.05321727799955662,39.0,1.7,51,0,0,0,0,0,1,0,0,0,0,0,9,0.0,0,,,,100,1.4503127171646977,6261,2,1,3699,11712,50,125,PrimeIntellect-ai/verifiers,176,3bc33e32b0945efb68c68052b4e569364ea3f0e7,Merge pull request #175 from willccbb/will/new-envs,0.25,5,0.6923076923076923,0.8181818181818182,1
66,0.5,1,1.0,355,1.0,1.0,williambrown97@gmail.com,1.0,1.0,1.0,1.0,0,1.0,1.0,1.0,1.0,404,1.0,177,1.0,1,0,0,0,4,0.0,0,0,0.0,52.0,4,2,0,4.0,0.5,2,4,2,1,1,2025-07-30T00:55:05+00:00,0,1,1.0,1.0,0,0,66,0.06060606060606061,11,66.0,0.06060606060606061,0.030303030303030304,11.0,2.0,17,0,0,0,1,0,0,0,0,0,0,0,4,0.0,0,bug_fix,corrective,Human,4,0.3181818181818182,21,1,1,33,33,1,1,PrimeIntellect-ai/verifiers,177,42dfe131558bbebb66623eb04f0a4f8cb5d2b811,vf-eval index fix,0.0,0,1.0,1.0,2
112,0.5,1,1.0,356,1.0,1.0,williambrown97@gmail.com,1.0,1.0,1.0,1.0,1,1.0,1.0,1.0,1.0,405,1.0,177,1.0,1,0,0,0,0,0.0,0,0,0.0,39.333333333333336,3,0,0,4.0,1.0,4,4,0,1,1,2025-07-30T01:08:54+00:00,3,1,1.0,1.0,1,0,112,0.03571428571428571,10,112.0,0.03571428571428571,0.008928571428571428,10.0,2.0,54,0,0,0,0,0,1,0,0,0,0,0,9,0.0,0,,,,9,0.9464285714285714,106,2,1,286,344,9,15,PrimeIntellect-ai/verifiers,177,15984e5fd2b9b83c930240d5bba4660f6524daaf,Merge pull request #172 from willccbb/will/setup-state,0.0,0,1.0,1.0,2
449,0.5,1,1.0,357,1.0,1.0,williambrown97@gmail.com,1.0,1.0,1.0,1.0,2,1.0,1.0,1.0,1.0,407,1.0,177,1.0,2,0,0,0,4,0.0,0,0,0.0,56.285714285714285,14,10,0,7.0,0.5,7,14,7,2,1,2025-07-30T02:39:05+00:00,3,1,1.0,0.5,0,0,399,0.2,50,224.5,0.10501253132832081,0.018796992481203006,26.5,2.0,23,0,0,0,0,0,0,0,0,0,0,0,4,0.5,1,feature,perfective,Human,2,0.017817371937639197,8,1,1,116,135,4,9,PrimeIntellect-ai/verifiers,177,6d73f462e17d5ab4a341f1a936d97a92dec81c41,reverse-text eval count,0.0,0,0.5,0.5,2
85,0.5,1,1.0,358,1.0,1.0,williambrown97@gmail.com,1.0,1.0,1.0,1.0,14,1.0,1.0,1.0,1.0,408,1.0,177,1.0,1,0,0,2,2,0.0,0,0,0.031746031746031744,33.507936507936506,63,0,0,70.0,0.6428571428571429,45,70,25,1,1,2025-07-30T14:46:59+00:00,1,1,1.0,1.0,1,0,85,0.8235294117647058,10,85.0,0.8235294117647058,0.047058823529411764,10.0,2.0,72,0,0,0,0,0,1,0,0,0,0,0,11,0.0,0,,,,5,0.9176470588235294,78,2,1,30,30,1,1,PrimeIntellect-ai/verifiers,177,c21297553d613db76f98f1459cbac4b8019d7f0c,Merge pull request #177 from JannikSt/imp/verifiers-init-script-function,0.0,0,1.0,1.0,2
276,0.5,1,1.0,359,1.0,1.0,williambrown97@gmail.com,1.0,1.0,1.0,1.0,0,1.0,1.0,1.0,1.0,410,1.0,178,1.0,2,2,0,6,24,0.018957345971563982,6,0,0.009478672985781991,36.89099526066351,211,14,0,110.5,0.5972850678733032,132,221,89,2,1,2025-07-31T00:20:50+00:00,1,1,1.0,0.5,0,0,221,0.832579185520362,18,138.0,0.7526532291238174,0.004524886877828055,10.5,2.0,27,0,0,0,0,0,0,0,0,0,0,0,4,0.5,1,build_config_ci,management,Human,3,0.2572463768115942,71,1,1,142,142,3,3,PrimeIntellect-ai/verifiers,178,9040fce7c29bdc8809f14541155a77abf5e599e4,update eval/install scripts,0.0,0,0.5,1.0,3
94,0.5,1,1.0,360,1.0,1.0,williambrown97@gmail.com,1.0,1.0,1.0,1.0,1,1.0,1.0,1.0,1.0,411,1.0,178,1.0,1,0,0,3,0,0.0,0,0,0.0,77.4,5,0,0,5.0,0.4,2,5,3,1,1,2025-07-31T01:38:41+00:00,0,1,1.0,1.0,0,0,94,0.05319148936170213,13,94.0,0.05319148936170213,0.02127659574468085,13.0,2.0,25,0,1,0,0,0,0,0,0,0,0,0,4,0.0,0,documentation,perfective,Human,1,0.6808510638297872,64,1,1,326,326,4,4,PrimeIntellect-ai/verifiers,178,5e52769665717b5da73f1ccc3ceb282e18b592f0,"update readme, eval print",0.0,0,1.0,1.0,3
21,0.5,1,1.0,361,nan,nan,williambrown97@gmail.com,nan,nan,nan,nan,3,nan,nan,nan,nan,412,1.0,178,1.0,1,0,0,0,0,0.0,0,0,0.0,56.5,4,0,0,4.0,0.5,2,4,2,1,1,2025-07-31T03:23:41+00:00,nan,1,1.0,0.0,0,0,21,0.19047619047619047,2,21.0,0.19047619047619047,0.0,2.0,2.0,35,0,0,0,0,0,0,0,0,0,0,0,6,0.0,0,refactor_cleanup,preventive,Human,0,0.0,0,1,0,0,0,0,0,PrimeIntellect-ai/verifiers,178,eda75a36c88f17770a234b777497a6322720f901,update names in self-reward example,0.0,0,0.0,0.0,3
39,0.5,1,1.0,361,1.0,1.0,williambrown97@gmail.com,1.0,1.0,1.0,1.0,1,1.0,1.0,1.0,1.0,413,1.0,180,0.3333333333333333,1,0,0,0,0,0.0,0,0,0.0,53.5,4,0,0,4.0,0.5,2,4,2,3,1,2025-08-02T01:15:18+00:00,17,1,1.0,1.0,0,1,39,0.10256410256410256,3,39.0,0.10256410256410256,0.05128205128205128,3.0,2.0,45,0,1,0,0,0,0,0,0,0,0,0,6,0.0,0,documentation,perfective,Human,11,3.7435897435897436,146,1,1,82,122,4,8,PrimeIntellect-ai/verifiers,180,8fb9720086527ff8715ea4261bb17cf089a348d7,"troubleshooting NCCL flag in readme, hotpotqa",0.0,0,1.0,1.0,5
418,0.5,1,1.0,356,1.0,1.0,williambrown97@gmail.com,1.0,1.0,1.0,1.0,15,1.0,1.0,1.0,1.0,414,1.0,182,1.0,1,0,0,1,2,0.0,0,0,0.0,50.5,2,0,0,2.0,0.5,1,2,1,1,1,2025-08-04T15:36:07+00:00,5,1,1.0,1.0,1,0,418,0.004784688995215311,52,418.0,0.004784688995215311,0.03110047846889952,52.0,2.0,52,0,0,0,0,0,1,0,0,0,0,0,9,0.0,0,,,,4,0.43779904306220097,183,2,1,412,418,16,18,PrimeIntellect-ai/verifiers,182,2e37f703bac7e1d439102cfd360f3b6f65b10a96,Merge pull request #186 from willccbb/samsja-patch-1,0.0,0,1.0,1.0,0
72,0.5,1,1.0,357,1.0,1.0,williambrown97@gmail.com,1.0,1.0,1.0,1.0,23,1.0,1.0,1.0,1.0,415,1.0,184,2.0,2,0,0,1,1,0.0,0,0,0.0,36.411764705882355,17,0,0,9.0,0.2222222222222222,4,18,14,1,1,2025-08-05T23:36:46+00:00,6,1,1.0,0.5,0,0,52,0.35,7,36.0,0.28076923076923077,0.038461538461538464,4.0,2.0,51,0,0,0,0,0,1,0,0,0,0,0,8,0.5,1,feature,perfective,Human,5,1.3611111111111112,98,1,1,100,100,2,2,PrimeIntellect-ai/verifiers,184,59b1b7005b60e9afc172274a2515831449034830,remove automatic vf- prefix with init script (#190),0.0,0,0.5,1.0,1
290,0.5,1,1.0,348,1.0,1.0,williambrown97@gmail.com,1.0,1.0,1.0,1.0,23,1.0,1.0,1.0,1.0,418,1.0,185,1.6666666666666667,5,0,0,8,12,0.13821138211382114,3,1,0.008130081300813009,42.00813008130081,123,7,0,28.0,0.8857142857142857,124,140,16,3,1,2025-08-07T23:11:56+00:00,1,1,1.0,0.4,0,0,130,0.9253731343283582,17,58.0,0.5101095919006366,0.05507358313328463,7.6,2.0,7,0,0,0,0,0,0,0,0,0,0,0,1,0.4,2,dependency_update,adaptive,Human,24,1.5517241379310345,450,1,1,118,118,3,3,PrimeIntellect-ai/verifiers,185,9037f07a1554910c4f104690084f7c71acb193f1,reports,0.0,0,0.4,1.0,3
40,0.5,1,1.0,349,nan,nan,williambrown97@gmail.com,nan,1.0,1.0,1.0,23,nan,1.0,nan,1.0,419,1.0,185,1.0,2,0,0,0,0,0.08333333333333333,0,0,0.0,49.916666666666664,12,3,0,6.0,0.6666666666666666,8,12,4,2,1,2025-08-07T23:21:26+00:00,nan,1,0.8333333333333334,0.0,0,0,24,0.3333333333333333,4,20.0,0.22916666666666666,0.19791666666666666,3.0,2.0,6,0,0,0,0,0,0,0,0,0,0,0,1,0.0,0,documentation,perfective,Human,3,0.65,26,1,0,0,0,0,0,PrimeIntellect-ai/verifiers,185,35fa444e667648338376e90fc9beec4af6f577b2,update,0.0,0,0.0,0.5,3
35,0.5,1,1.0,350,1.0,1.0,williambrown97@gmail.com,1.0,1.0,1.0,1.0,23,1.0,1.0,1.0,1.0,420,1.0,185,0.5,1,0,0,1,2,0.21052631578947367,0,0,0.0,42.68421052631579,19,2,0,19.0,0.7894736842105263,15,19,4,2,1,2025-08-07T23:30:14+00:00,0,1,0.8947368421052632,1.0,0,0,35,0.4857142857142857,7,35.0,0.4857142857142857,0.11428571428571428,7.0,2.0,15,0,0,0,0,0,0,0,0,0,0,0,2,0.0,0,documentation,perfective,Human,0,0.0,0,1,1,8,8,1,1,PrimeIntellect-ai/verifiers,185,7329abef20b11cdbabff7fda088dc472a9a1aab7,reporting works,0.0,0,1.0,1.0,3
107,0.5,1,1.0,351,nan,nan,williambrown97@gmail.com,nan,1.0,1.0,1.0,0,nan,1.0,nan,1.0,421,1.0,186,1.0,2,0,0,0,0,0.0,0,1,0.0,47.42857142857143,7,0,0,3.5,0.8571428571428571,6,7,1,2,1,2025-08-08T00:08:21+00:00,nan,1,0.8571428571428571,0.0,0,0,82,0.08,6,53.5,0.06439024390243903,0.0,3.0,2.0,24,0,1,0,0,0,0,0,0,0,0,0,3,0.0,0,dependency_update,adaptive,Human,1,1.1682242990654206,125,1,0,0,0,0,0,PrimeIntellect-ai/verifiers,186,e39f4120ad9f204ef361dda06b424b4a7797bac4,updating default readmes,0.0,0,0.0,1.0,4
126,0.0,2,0.0,0,0.0,0.0,jannikst@users.noreply.github.com,0.0,0.0,0.0,0.0,20,0.0,0.0,0.0,0.0,0,0.0,0,1.0,1,0,0,0,4,0.0,0,0,0.0,69.5,4,4,0,4.0,0.5,2,4,2,1,1,2025-08-08T20:55:22+00:00,0,1,1.0,1.0,0,0,126,0.031746031746031744,17,126.0,0.031746031746031744,0.03968253968253968,17.0,2.0,57,0,0,0,1,0,1,0,0,0,0,0,9,0.0,0,bug_fix,corrective,Human,17,2.9047619047619047,366,1,1,33,33,1,1,PrimeIntellect-ai/verifiers,186,ef62e9b5d771568477418f86dff59305f1720662,fix eval script index when using multiple rollouts (#197),0.0,0,1.0,1.0,4
136,0.75,1,0.9971671388101983,352,0.5,0.8918918918918919,williambrown97@gmail.com,1.0,1.0,0.875,0.9902676399026764,23,0.0,0.0,1.0,1.0,422,0.9976359338061466,187,0.4,2,0,0,0,1,0.0,0,0,0.3333333333333333,62.333333333333336,3,1,0,2.0,1.0,4,4,0,5,2,2025-08-08T23:53:33+00:00,0,1,1.0,0.5,0,0,128,0.25,18,68.0,0.1328125,0.01953125,9.0,2.0,23,0,0,0,0,0,1,0,0,0,0,0,4,0.0,0,dependency_update,adaptive,Human,17,2.6911764705882355,366,1,2,37,37,2,2,PrimeIntellect-ai/verifiers,187,88c3d2e253662c772605bbb0db16005ee43f4c5f,aime 2024 / 2025 (#199),0.0,0,0.5,0.5,4
419,0.0,3,0.0,0,0.0,0.0,sam@onroi.com,0.0,0.0,0.0,0.0,23,0.0,0.0,0.0,0.0,0,0.0,0,0.5,1,0,0,0,0,0.0,0,0,0.0,43.0,1,0,0,1.0,1.0,1,1,0,2,2,2025-08-08T23:58:41+00:00,4,1,1.0,1.0,0,0,419,0.002386634844868735,52,419.0,0.002386634844868735,0.031026252983293555,52.0,1.5,60,0,0,0,1,0,1,0,0,0,0,0,9,0.0,0,bug_fix,corrective,Human,3,0.4343675417661098,182,1,1,365,420,12,19,PrimeIntellect-ai/verifiers,187,1c4823a62cf2a66b52e33e0c287654c45f57fd77,Fix make_dataset to include metrics columns in output (#194),0.5,1,1.0,1.0,4
419,0.0,4,0.0,0,0.0,0.0,theia@vgel.me,0.0,0.0,0.0,0.0,0,0.0,0.0,0.0,0.0,0,0.0,0,1.0,2,1,0,2,8,0.0,0,0,0.0,54.22727272727273,22,3,0,11.5,0.8695652173913043,20,23,3,2,3,2025-08-09T00:00:22+00:00,13,1,1.0,0.5,0,1,254,0.06692913385826772,83,209.5,0.05164638511095204,0.05967549510856597,44.0,1.5,65,0,0,0,1,0,1,0,0,0,0,0,9,0.0,0,bug_fix,corrective,Human,4,0.21241050119331742,89,1,1,14,423,2,6,PrimeIntellect-ai/verifiers,187,74867bf4cfe9d3d6669b06b6bb72a76cebb6e8f8,Fix `XMLParser.parse_answer`'s handling of str completions (#196),0.5,1,0.5,0.5,5
508,0.375,2,0.0028089887640449437,1,0.0,0.0,sam@onroi.com,0.0,0.0,0.0,0.0,0,0.0,0.0,0.0,0.0,1,0.002347417840375587,0,1.0,1,7,7,1,1,0.027777777777777776,2,0,0.0,36.52777777777778,72,20,0,91.0,1.0,91,91,0,1,4,2025-08-09T00:00:59+00:00,10,1,1.0,1.0,0,1,508,0.17913385826771652,11,508.0,0.17913385826771652,0.021653543307086614,11.0,1.0,60,0,0,0,0,0,1,0,0,0,0,1,9,0.0,0,test,preventive,Human,3,1.1122047244094488,565,1,1,54,85,1,2,PrimeIntellect-ai/verifiers,187,a0fc6d2f23b90370b462762631bdf2ae84770b1a,Improve test coverage for Rubric class error handling (#195),1.0,1,1.0,1.0,5
6,0.875,1,0.988795518207283,353,1.0,1.0,williambrown97@gmail.com,1.0,1.0,1.0,1.0,0,1.0,1.0,1.0,1.0,423,0.990632318501171,187,0.5,1,0,0,0,0,0.0,0,0,1.0,138.0,1,0,0,2.0,0.0,0,2,2,2,4,2025-08-09T00:01:29+00:00,0,1,1.0,1.0,0,1,6,0.3333333333333333,0,6.0,0.3333333333333333,0.0,0.0,1.5,26,0,0,0,0,0,0,0,0,1,0,0,4,0.0,0,refactor_cleanup,preventive,Human,0,0.0,0,1,1,2,2,1,1,PrimeIntellect-ai/verifiers,187,f54213625b28cd7c5ebad56120d0ed4119e0652d,math-python prompt cleanup,0.0,0,1.0,1.0,5
399,0.875,1,0.9888268156424581,354,1.0,1.0,williambrown97@gmail.com,1.0,1.0,1.0,1.0,0,1.0,1.0,1.0,1.0,424,0.9906542056074766,187,1.0,1,0,0,0,4,0.0,0,0,0.0,68.5,4,6,0,4.0,0.5,2,4,2,1,4,2025-08-09T00:25:24+00:00,9,1,1.0,1.0,0,1,399,0.010025062656641603,50,399.0,0.010025062656641603,0.03759398496240601,50.0,2.0,27,1,0,0,0,0,0,0,0,0,0,0,6,0.0,0,merge_release_versioning,management,Human,1,0.010025062656641603,4,1,1,120,139,5,10,PrimeIntellect-ai/verifiers,187,a3ce9d3ce99112d6021fbbe7f09db96800006d70,Release version 0.1.2.post0,0.0,0,1.0,1.0,5
2933,0.0,5,0.0,0,0.0,0.0,marwan.mushara@gmail.com,0.0,0.0,0.0,0.0,23,0.0,0.0,0.0,0.0,0,0.0,0,0.8181818181818182,18,1,0,17,18,0.012376237623762377,1,8,0.0,42.56188118811881,404,3,0,23.055555555555557,0.5325301204819277,221,415,194,22,4,2025-08-11T23:19:12+00:00,2,1,0.9518072289156626,0.7777777777777778,0,0,493,0.9565217391304348,95,162.94444444444446,0.22120383615105013,0.04481565609282434,23.666666666666668,1.9090909090909092,66,0,0,0,0,0,1,0,0,0,0,0,9,0.0,0,style_formatting,preventive,Human,120,2.3088987384930104,6772,1,3,2009,5286,28,90,PrimeIntellect-ai/verifiers,189,79a219138a98ba63b801fdda6bda7c213f7978ec,Removing mutable default arguments to follow pep guidelines (#184),0.045454545454545456,1,0.9444444444444444,0.9411764705882353,0
654,0.3,3,0.0030864197530864196,1,0.0,0.0,theia@vgel.me,0.0,0.0,0.0,0.0,23,0.0,0.0,0.0,0.0,1,0.002320185614849188,2,0.4,2,10,0,1,10,0.047619047619047616,0,0,0.03968253968253968,49.54761904761905,126,22,1,65.5,0.916030534351145,120,131,11,5,5,2025-08-11T23:20:21+00:00,0,1,0.9923664122137404,1.0,0,0,531,0.2297551789077213,62,327.0,0.1473979146571127,0.02195581277846677,36.5,2.0,67,0,0,1,0,0,1,0,0,0,0,0,9,0.0,0,feature,perfective,Human,8,0.17584097859327216,115,1,3,609,812,15,31,PrimeIntellect-ai/verifiers,189,0c1ff29fab3adc8a04b03e408afa40df28a31a0d,"Add support for base model RL / `message_type=""completions""` (#201)",0.0,0,1.0,1.0,0
527,0.9,1,0.9815384615384616,319,0.8636363636363636,0.7279029462738301,williambrown97@gmail.com,1.0,1.0,0.95,0.9277827514174873,23,0.0,0.0,1.0,1.0,426,0.9861111111111112,189,1.0,1,6,0,0,2,0.0,0,0,0.0,48.857142857142854,28,4,0,28.0,0.42857142857142855,12,28,16,1,5,2025-08-11T23:27:51+00:00,0,1,0.9285714285714286,1.0,0,0,527,0.04933586337760911,62,527.0,0.04933586337760911,0.036053130929791274,62.0,2.0,10,0,0,0,0,0,0,0,0,0,0,0,2,0.0,0,style_formatting,preventive,Human,0,0.0,0,1,4,522,577,15,22,PrimeIntellect-ai/verifiers,189,94940f31bc205832a0f4ac8956d785a1c8d7b03c,type hints,0.0,0,1.0,1.0,0
838,0.9,1,0.9815950920245399,320,0.98,0.9692919075144508,williambrown97@gmail.com,1.0,1.0,0.9508196721311475,0.9283387622149837,0,0.0,1.0,1.0,1.0,427,0.9861431870669746,190,1.0,1,10,0,11,12,0.08982035928143713,0,0,0.017964071856287425,47.047904191616766,167,26,0,186.0,0.0,0,186,186,1,5,2025-08-12T00:03:55+00:00,0,1,1.0,1.0,0,0,838,0.22195704057279236,135,838.0,0.22195704057279236,0.0477326968973747,135.0,2.0,47,0,0,0,0,0,0,0,0,1,0,0,8,0.0,0,refactor_cleanup,preventive,Human,74,5.16945107398568,4332,1,2,1058,2757,11,47,PrimeIntellect-ai/verifiers,190,eb398619653bbbeb20f8802c10ef969c4bcb4568,clean up dead processing code in environment.py,0.0,0,1.0,1.0,1
54,0.9,1,0.981651376146789,321,nan,nan,williambrown97@gmail.com,nan,nan,nan,nan,1,nan,nan,nan,nan,429,0.9862068965517241,190,0.6666666666666666,2,0,0,3,4,0.03225806451612903,0,0,0.03225806451612903,49.903225806451616,31,14,0,16.0,0.75,24,32,8,3,5,2025-08-12T01:53:24+00:00,nan,1,0.8125,0.0,0,0,27,0.48148148148148145,1,27.0,0.48148148148148145,0.0,1.0,2.0,16,1,0,0,0,0,0,0,0,0,0,0,3,0.0,0,dependency_update,adaptive,Human,2,1.0740740740740742,58,1,0,0,0,0,0,PrimeIntellect-ai/verifiers,190,54f59dbc50e8e63d8187bb479eb997a5ac7beae3,env version bump,0.0,0,0.0,0.0,1
841,0.9,1,0.9817073170731707,322,0.9803921568627451,0.9712254570074476,williambrown97@gmail.com,1.0,1.0,0.9516129032258065,0.9320797081111423,2,1.0,1.0,1.0,1.0,430,0.9862385321100917,190,0.5,1,0,0,0,1,0.1,0,0,0.0,27.4,10,0,0,11.0,0.8181818181818182,9,11,2,2,5,2025-08-12T02:29:11+00:00,0,1,0.2727272727272727,1.0,0,0,841,0.0035671819262782403,136,841.0,0.0035671819262782403,0.04875148632580262,136.0,2.0,11,0,1,0,0,0,0,0,0,0,0,0,2,0.0,0,documentation,perfective,Human,74,5.212841854934601,4384,1,2,1205,2943,11,48,PrimeIntellect-ai/verifiers,190,63de5e09d40037ad1525e98deefeab90cf3d1aad,docs update,0.0,0,1.0,1.0,1
674,0.9,1,0.9817629179331308,323,1.0,1.0,williambrown97@gmail.com,1.0,1.0,1.0,1.0,2,1.0,1.0,1.0,1.0,431,0.9862700228832952,190,2.5,5,0,3,0,12,0.11557788944723618,0,0,0.005025125628140704,43.994974874371856,199,88,0,41.6,0.6538461538461539,136,208,72,2,5,2025-08-12T02:52:06+00:00,13,1,1.0,0.2,0,0,538,0.6153846153846154,15,134.8,0.44363893563828916,0.05619763925889674,3.6,1.0,27,0,1,0,1,0,0,0,0,0,0,1,5,0.0,0,documentation,perfective,Human,14,1.1172106824925816,753,1,1,312,312,2,2,PrimeIntellect-ai/verifiers,190,d3868390b28d8826238ceb248c13e7b484255337,"update docs, fix test cases",1.0,2,0.2,0.5,1
139,0.9,1,0.9818181818181818,324,0.75,0.9024390243902439,williambrown97@gmail.com,1.0,1.0,0.9285714285714286,0.9936908517350158,5,1.0,1.0,1.0,1.0,432,0.9863013698630136,190,1.0,2,0,0,1,0,0.5,0,0,0.0,58.0,10,0,0,5.0,0.1,1,10,9,2,5,2025-08-12T05:02:50+00:00,3,1,0.7,1.0,0,0,127,0.4166666666666667,18,69.5,0.21620734908136485,0.057414698162729656,10.0,2.0,52,0,0,0,0,0,1,0,0,0,0,0,8,0.0,0,feature,perfective,AI,16,2.633093525179856,366,1,2,41,41,4,4,PrimeIntellect-ai/verifiers,190,b1dd74b9e54026867feb7c2f25d9fb7e5893c0f3,Update report generation and vf-init template (#203),0.0,0,1.0,1.0,1
76,0.9,1,0.9818731117824774,325,1.0,1.0,williambrown97@gmail.com,1.0,1.0,1.0,1.0,20,1.0,1.0,1.0,1.0,433,0.9863325740318907,190,2.0,2,0,0,0,0,0.0,0,0,0.09090909090909091,38.18181818181818,11,0,0,5.5,0.5454545454545454,6,11,5,1,5,2025-08-12T20:52:13+00:00,4,1,1.0,1.0,0,0,51,0.16,10,38.0,0.14862745098039215,0.0392156862745098,5.5,2.0,47,0,1,0,0,0,1,0,0,0,0,0,7,0.0,0,feature,perfective,AI,5,3.1315789473684212,238,1,1,157,157,4,4,PrimeIntellect-ai/verifiers,190,bf25dceb1c780d9f9cde7fb8d8ea0a005f37e52d,Integrate and document prime-rl training (#204),0.0,0,1.0,1.0,1
286,0.9,1,0.9819277108433735,326,1.0,1.0,williambrown97@gmail.com,1.0,1.0,0.9230769230769231,0.9910313901345291,23,1.0,1.0,1.0,1.0,434,0.9863636363636363,191,1.5,3,0,0,3,22,0.06976744186046512,9,1,0.0,39.44186046511628,172,6,0,63.666666666666664,0.2094240837696335,40,191,151,2,5,2025-08-12T23:40:06+00:00,4,1,1.0,1.0,0,0,253,4.8076923076923075,21,95.33333333333333,1.7821236734280212,0.005270092226613965,7.333333333333333,2.0,20,0,0,0,0,0,1,0,0,0,0,0,3,0.0,0,build_config_ci,management,Human,1,0.05944055944055944,17,1,1,339,339,7,7,PrimeIntellect-ai/verifiers,191,66b2f4894c1ddaec15d49b17ba9cc8fb5f5fed6a,Report tweaks (#206),0.0,0,1.0,1.0,1
51,0.9,1,0.9818731117824774,325,1.0,1.0,williambrown97@gmail.com,1.0,1.0,0.9333333333333333,0.9937205651491365,0,1.0,1.0,1.0,1.0,435,0.9863945578231292,191,1.0,2,0,0,0,4,0.0,2,1,0.0,46.333333333333336,18,1,0,10.0,0.5,10,20,10,2,5,2025-08-13T00:11:45+00:00,0,1,0.95,0.5,0,0,40,0.425,4,25.5,0.3034090909090909,0.0,2.0,2.0,37,0,0,0,0,0,0,0,0,0,0,0,5,0.0,0,unknown,unknown,Human,0,0.0,0,1,1,8,8,2,2,PrimeIntellect-ai/verifiers,191,cb82ad5321b9a901a61cca367fee61fa24d7c690,"report tweaks, endpoints path loading",0.0,0,0.5,1.0,2
79,0.9,1,0.9819277108433735,326,1.0,1.0,williambrown97@gmail.com,1.0,1.0,1.0,1.0,3,1.0,1.0,1.0,1.0,436,0.9864253393665159,191,0.8,4,0,0,1,3,0.0,0,0,0.0,44.526315789473685,57,20,0,15.75,0.15873015873015872,10,63,53,5,5,2025-08-13T03:02:33+00:00,1,1,1.0,0.5,0,0,34,1.2666666666666666,7,19.75,0.9941176470588234,0.0,1.75,1.8,13,0,0,0,0,0,0,0,0,0,0,0,2,0.75,3,dependency_update,adaptive,Human,8,3.2911392405063293,260,1,1,26,62,1,6,PrimeIntellect-ai/verifiers,191,e029cbfeda01dedeb2c3317088a0f7ba1055eb0a,rubric change,0.0,0,0.75,0.75,2
398,0.9,1,0.9819819819819819,327,0.8947368421052632,0.9760956175298805,williambrown97@gmail.com,0.8571428571428571,0.8333333333333334,0.9285714285714286,0.9913294797687862,23,0.8571428571428571,0.8333333333333334,0.8571428571428571,0.8333333333333334,438,0.9864864864864865,191,0.875,7,0,0,0,7,0.0,0,0,0.0,42.9,50,2,0,7.142857142857143,0.84,42,50,8,8,5,2025-08-13T23:08:27+00:00,0,1,0.96,1.0,0,0,139,0.47619047619047616,21,56.857142857142854,0.2395231985987533,0.0041109969167523125,5.714285714285714,1.875,18,0,0,0,0,0,0,0,0,0,0,0,3,0.42857142857142855,3,dependency_update,adaptive,Human,25,1.5376884422110553,612,1,3,169,205,9,14,PrimeIntellect-ai/verifiers,191,273b4fcc60d19ab35b9165a41a49d6638d0d6c46,"script, env tweaks",0.0,0,1.0,1.0,2
29,0.9,1,0.9820359281437125,328,1.0,1.0,williambrown97@gmail.com,1.0,1.0,1.0,1.0,23,1.0,1.0,1.0,1.0,439,0.9865168539325843,191,1.0,1,0,0,0,0,0.0,0,0,0.0,40.333333333333336,3,2,0,3.0,0.0,0,3,3,1,5,2025-08-13T23:29:11+00:00,0,1,1.0,1.0,0,0,29,0.10344827586206896,6,29.0,0.10344827586206896,0.0,6.0,2.0,12,0,0,0,0,0,0,0,0,0,0,0,2,0.0,0,,,,6,7.724137931034483,224,1,1,9,45,2,7,PrimeIntellect-ai/verifiers,191,5dbc0c3722be8d79be45a95078f5e9b96979c447,remove print,0.0,0,1.0,1.0,2
228,0.0,6,0.0,0,0.0,0.0,mail@mikasenghaas.de,0.0,0.0,0.0,0.0,22,0.0,0.0,0.0,0.0,0,0.0,0,1.0,3,2,0,0,1,0.0,0,0,0.0,42.333333333333336,6,1,0,2.0,0.6666666666666666,4,6,2,3,5,2025-08-16T22:53:31+00:00,2,1,1.0,0.6666666666666666,0,1,163,0.06896551724137931,8,76.0,0.04559700381574721,0.016359918200409,5.666666666666667,1.6666666666666667,47,0,0,0,0,0,1,0,0,0,0,0,7,0.0,0,test,preventive,Human,9,1.030701754385965,235,1,2,16,42,4,8,PrimeIntellect-ai/verifiers,194,9cf207a90af3a4b9b1222c7ce5d096f93d9c7e23,More robust rule-based math verification (#213),0.3333333333333333,1,0.6666666666666666,0.6666666666666666,5
53,0.9166666666666666,1,0.978328173374613,316,0.9,0.8873239436619719,williambrown97@gmail.com,1.0,1.0,0.9,0.8873239436619719,3,0.0,0.0,1.0,1.0,441,0.984375,197,0.5,1,0,0,2,4,0.0,0,0,0.0,40.333333333333336,18,2,0,18.0,0.7222222222222222,13,18,5,2,6,2025-08-19T03:54:31+00:00,7,1,1.0,1.0,0,0,53,0.33962264150943394,8,53.0,0.33962264150943394,0.05660377358490566,8.0,1.5,31,0,0,0,0,0,1,0,0,0,0,0,4,0.0,0,dependency_update,adaptive,Human,9,2.1132075471698113,112,1,2,20,142,2,10,PrimeIntellect-ai/verifiers,197,828125a3ade0216e7d0a51a9b362d264f6ab68e0,Will/judgerubric caching (#216),0.0,0,1.0,1.0,1
467,0.9166666666666666,1,0.9783950617283951,317,1.0,1.0,williambrown97@gmail.com,1.0,1.0,1.0,1.0,6,1.0,1.0,1.0,1.0,442,0.9844097995545658,200,0.5135135135135135,19,0,0,1,10,0.025,7,6,0.0,39.865,200,14,0,11.68421052631579,0.4189189189189189,93,222,129,37,6,2025-08-22T06:09:57+00:00,9,1,0.7387387387387387,0.7894736842105263,0,0,188,0.9375,25,24.57894736842105,0.2973852321606338,0.034795614962814525,1.8421052631578947,1.972972972972973,23,0,0,0,0,0,1,0,0,0,0,0,4,0.47368421052631576,9,refactor_cleanup,preventive,Human,26,0.3490364025695932,163,1,1,79,155,8,20,PrimeIntellect-ai/verifiers,200,9f197f7ececcc1367bde504e881dc4d938a019e1,Will/rename envs (#222),0.0,0,0.7894736842105263,0.8,4
1365,0.0,7,0.0,0,0.0,0.0,45557362+qgallouedec@users.noreply.github.com,0.0,0.0,0.0,0.0,6,0.0,0.0,0.0,0.0,0,0.0,0,1.0,1,0,0,0,0,0.0,0,0,0.0,56.333333333333336,6,0,0,6.0,0.6666666666666666,4,6,2,1,6,2025-08-22T06:16:44+00:00,23,1,1.0,1.0,0,0,1365,0.004395604395604396,235,1365.0,0.004395604395604396,0.11721611721611722,235.0,2.0,29,0,0,0,0,0,1,0,0,0,0,0,4,0.0,0,refactor_cleanup,preventive,Human,2,0.011721611721611722,16,1,1,253,8076,3,85,PrimeIntellect-ai/verifiers,200,5aab676dafc906242602864cc4d9889f27889613,Update grpo_trainer.py (#218),0.0,0,1.0,1.0,4
1853,0.9285714285714286,1,0.9754601226993865,318,0.9672131147540983,0.971178756476684,williambrown97@gmail.com,1.0,1.0,0.9473684210526315,0.9402332361516035,19,1.0,1.0,1.0,1.0,443,0.9822616407982262,200,1.25,5,4,0,0,4,0.0,0,0,0.0,50.13333333333333,15,1,0,3.0,0.6,9,15,6,4,7,2025-08-22T19:11:33+00:00,8,1,1.0,0.8,0,0,843,0.05,137,370.6,0.01572349744278758,0.04157977384503452,35.4,1.5,30,0,0,0,1,0,0,0,0,0,0,0,6,0.0,0,bug_fix,corrective,Human,86,3.1980572045331894,5926,1,3,607,2457,12,48,PrimeIntellect-ai/verifiers,200,a50adc8db993f4fc289f098b18b818a799f7217a,hotfix for gpt-5 sampling args,0.5,2,0.8,0.75,4
103,0.2857142857142857,4,0.0030581039755351682,1,0.0,0.0,45557362+qgallouedec@users.noreply.github.com,0.0,1.0,0.009708737864077669,0.000569584203531422,5,0.0,1.0,0.0,0.0,1,0.0022123893805309734,0,1.0,1,0,0,0,0,0.0,0,0,0.0,95.5,2,0,0,2.0,0.5,1,2,1,1,7,2025-08-23T05:40:56+00:00,39,1,1.0,0.0,0,1,103,0.019417475728155338,12,103.0,0.019417475728155338,0.05825242718446602,12.0,2.0,29,0,0,0,0,0,1,0,0,0,0,0,4,0.0,0,unknown,unknown,Human,1,0.06796116504854369,7,1,1,0,142,0,2,PrimeIntellect-ai/verifiers,201,dafd929ddb5b6dc6e45e343a4fa91aeb53d5f54d,Update grpo_trainer.py (#217),0.0,0,1.0,1.0,5
305,0.9285714285714286,1,0.9725609756097561,319,0.8333333333333334,0.9298245614035088,williambrown97@gmail.com,1.0,1.0,0.9285714285714286,0.9923076923076923,7,1.0,1.0,1.0,1.0,444,0.9801324503311258,201,1.0,1,0,0,1,15,0.015748031496062992,2,4,0.0,35.78740157480315,127,3,0,129.0,0.5658914728682171,73,129,56,1,7,2025-08-23T07:41:13+00:00,0,1,1.0,1.0,0,1,305,0.42295081967213116,29,305.0,0.42295081967213116,0.006557377049180328,29.0,2.0,24,0,0,0,0,0,1,0,0,0,0,0,4,0.0,0,dependency_update,adaptive,Human,12,0.7114754098360656,217,1,2,57,57,6,6,PrimeIntellect-ai/verifiers,201,8c1b7fe7d3f6e141eb50bffd11c6fa929e356836,Will/eval outputs (#223),0.0,0,1.0,1.0,5
56,0.9285714285714286,1,0.9726443768996961,320,0.5,0.14285714285714285,williambrown97@gmail.com,1.0,1.0,0.9285714285714286,0.9548872180451128,7,0.0,0.0,0.0,1.0,445,0.9801762114537445,201,0.5,1,0,0,0,0,0.0,0,0,0.0,65.375,8,0,0,8.0,0.5,4,8,4,2,7,2025-08-23T07:43:10+00:00,11,1,1.0,1.0,0,1,56,0.14285714285714285,8,56.0,0.14285714285714285,0.017857142857142856,8.0,2.0,72,0,0,1,0,0,1,0,0,0,0,0,10,0.0,0,feature,perfective,Human,11,3.375,189,1,2,14,14,2,2,PrimeIntellect-ai/verifiers,201,e3bc0507522371815833f5198e0263f836a78878,"adding stateful toolenv, moving tool json loading to env_response (#224)",0.0,0,1.0,1.0,5
190,0.9285714285714286,1,0.9727272727272728,321,1.0,1.0,williambrown97@gmail.com,1.0,1.0,1.0,1.0,1,1.0,1.0,1.0,1.0,446,0.9802197802197802,202,1.0,1,0,0,0,1,0.0,0,0,0.0,47.285714285714285,7,3,0,9.0,1.0,9,9,0,1,7,2025-08-24T01:35:24+00:00,1,1,1.0,1.0,0,1,190,0.04736842105263158,26,190.0,0.04736842105263158,0.05263157894736842,26.0,2.0,35,0,0,0,1,0,0,0,0,0,0,0,7,0.0,0,bug_fix,corrective,Human,2,0.042105263157894736,8,1,1,59,59,1,1,PrimeIntellect-ai/verifiers,202,1f63696df260e5ce373ab8a1a44041550966fab1,fix judge rubric in wiki-search env,0.0,0,1.0,1.0,6
850,0.9285714285714286,1,0.972809667673716,322,0.9811320754716981,0.9712740790807706,williambrown97@gmail.com,1.0,1.0,0.9523809523809523,0.9321558732828708,21,1.0,1.0,1.0,1.0,448,0.9803063457330415,202,1.0,1,0,0,2,2,1.0,0,0,0.0,57.57142857142857,7,0,0,9.0,0.8888888888888888,8,9,1,1,7,2025-08-24T21:39:36+00:00,2,1,1.0,1.0,0,1,850,0.010588235294117647,139,850.0,0.010588235294117647,0.05411764705882353,139.0,2.0,20,0,1,0,0,0,0,0,0,0,0,0,3,0.0,0,documentation,perfective,Human,75,5.196470588235294,4417,1,2,389,2180,6,41,PrimeIntellect-ai/verifiers,202,f0d2ce5e5e48582e420042d6e95e3b69f0f4c41b,env section comments,0.0,0,1.0,1.0,6
850,0.9285714285714286,1,0.9728915662650602,323,0.9814814814814815,0.9713611859838275,williambrown97@gmail.com,1.0,1.0,0.953125,0.9323266219239373,21,1.0,1.0,1.0,1.0,449,0.980349344978166,202,1.0,1,8,0,6,30,0.06060606060606061,2,0,0.0,36.38383838383838,198,12,0,214.0,0.5,107,214,107,1,7,2025-08-24T21:41:35+00:00,0,1,1.0,1.0,0,1,850,0.25176470588235295,139,850.0,0.25176470588235295,0.05411764705882353,139.0,2.0,18,0,0,0,0,0,0,0,0,0,0,0,4,0.0,0,refactor_cleanup,preventive,Human,74,4.944705882352941,4203,1,2,398,2189,7,42,PrimeIntellect-ai/verifiers,202,0e6098b4d53c28b37f98867449eec4c8ed7dc5c4,reorg funcs in env,0.0,0,1.0,1.0,6
999,0.9285714285714286,1,0.972972972972973,324,0.967741935483871,0.9735748218527316,williambrown97@gmail.com,1.0,1.0,0.95,0.9445821130885335,21,1.0,1.0,1.0,1.0,450,0.9803921568627451,202,1.0,3,1,0,0,8,0.0,0,2,0.0,36.76,50,0,0,18.0,0.5555555555555556,30,54,24,3,7,2025-08-24T21:49:59+00:00,0,1,0.9814814814814815,0.6666666666666666,0,1,828,0.8846153846153846,136,333.0,0.31832673406886297,0.023116219667943805,55.333333333333336,2.0,35,0,0,0,1,0,0,0,0,0,0,0,6,0.0,0,bug_fix,corrective,Human,83,4.463463463463463,4459,1,3,798,2589,14,49,PrimeIntellect-ai/verifiers,202,91c97daa215530401202a00b91e3e9ec9b400b01,hotfix for saving tool call results,0.0,0,0.6666666666666666,0.6666666666666666,6
26,0.9285714285714286,1,0.9730538922155688,325,nan,nan,williambrown97@gmail.com,nan,1.0,1.0,1.0,21,nan,1.0,nan,1.0,451,0.9804347826086957,202,1.0,1,0,0,0,0,0.0,0,1,0.0,50.333333333333336,6,2,0,7.0,0.42857142857142855,3,7,4,1,7,2025-08-24T21:53:35+00:00,nan,1,0.8571428571428571,0.0,0,1,26,0.23076923076923078,1,26.0,0.23076923076923078,0.038461538461538464,1.0,1.0,35,0,0,0,1,0,0,0,0,0,0,0,6,0.0,0,test,preventive,Human,1,11.346153846153847,295,1,0,0,0,0,0,PrimeIntellect-ai/verifiers,202,8f17fd8286b82656f3ad7ce57cd71b4435c4a45e,hotfix for saving tool call results,1.0,1,0.0,1.0,6
170,0.9285714285714286,1,0.9731343283582089,326,nan,nan,williambrown97@gmail.com,nan,nan,nan,nan,22,nan,nan,nan,nan,453,0.9805194805194806,202,1.0,1,0,0,3,2,0.21875,0,0,0.0,39.09375,32,1,0,34.0,0.8823529411764706,30,34,4,1,7,2025-08-24T22:19:50+00:00,nan,1,1.0,0.0,0,1,170,0.2,6,170.0,0.2,0.07647058823529412,6.0,2.0,22,0,0,0,1,0,0,0,0,0,0,0,5,0.0,0,bug_fix,corrective,Human,0,0.0,0,1,0,0,0,0,0,PrimeIntellect-ai/verifiers,202,88a48dd48c4e87c0568a855245b3a16388c498be,fix light mode for tui,0.0,0,0.0,0.0,6
259,0.0,8,0.0,0,0.0,0.0,98283595+cat-state@users.noreply.github.com,0.0,0.0,0.0,0.0,23,0.0,0.0,0.0,0.0,0,0.0,0,0.6666666666666666,2,0,4,0,4,0.0,0,0,0.0,50.285714285714285,14,0,0,7.0,0.6428571428571429,9,14,5,3,7,2025-08-25T23:41:03+00:00,6,1,0.8571428571428571,1.0,0,0,206,0.1509433962264151,31,129.5,0.08518043597728521,0.04529217805458875,19.5,1.6666666666666667,42,0,0,0,1,0,1,0,0,0,0,0,7,0.0,0,bug_fix,corrective,Human,20,3.3166023166023164,859,1,2,81,419,3,24,PrimeIntellect-ai/verifiers,204,b1fb34f828f95e88e82431dd93b41423b9c822b6,Fix for JudgeRubric not using async (#238),0.0,0,1.0,1.0,0
1512,0.9375,1,0.9700598802395209,324,0.9431818181818182,0.9720101781170484,williambrown97@gmail.com,1.0,1.0,0.9385964912280702,0.9550353654429101,3,0.7142857142857143,0.7142857142857143,1.0,1.0,454,0.978448275862069,204,1.0,10,2,0,4,62,0.08620689655172414,0,4,0.0,44.82327586206897,232,15,1,24.4,0.4016393442622951,98,244,146,10,8,2025-08-26T03:23:04+00:00,1,1,0.9959016393442623,0.7,0,0,826,1.830188679245283,137,151.2,0.4775512406293214,0.0566668947121321,22.6,1.9,38,0,0,0,0,0,1,0,0,0,0,0,6,0.0,0,bug_fix,corrective,Human,105,3.421957671957672,5174,1,4,948,3120,18,56,PrimeIntellect-ai/verifiers,204,fcc026727c891f92e58db31d218a77a939880e47,"MMLU example working, tui fixes (#243)",0.1,1,0.7,0.875,1
1062,0.0,9,0.0,0,0.0,0.0,lakshyajannu@gmail.com,0.0,0.0,0.0,0.0,3,0.0,0.0,0.0,0.0,0,0.0,0,1.3333333333333333,4,0,0,3,14,0.2391304347826087,0,0,0.0,46.869565217391305,46,1,0,11.75,0.7659574468085106,36,47,11,3,8,2025-08-26T03:28:52+00:00,0,1,1.0,1.0,0,0,838,0.22727272727272727,144,265.5,0.0866603552643695,0.02947132422072756,41.75,2.0,50,0,0,0,0,0,1,0,0,0,0,0,7,0.0,0,feature,perfective,AI,81,4.1685499058380415,4427,1,4,952,2865,20,62,PrimeIntellect-ai/verifiers,204,c054ff96dd4d5a1a2bcbfbfd80fe7b4e589b69e8,Allow unsetting `max_tokens` in eval script (#241),0.0,0,1.0,1.0,1
299,0.2777777777777778,5,0.002976190476190476,1,0.13333333333333333,0.022222222222222223,lakshyajannu@gmail.com,1.0,1.0,0.05555555555555555,0.008695652173913044,3,1.0,1.0,0.0,0.0,1,0.002145922746781116,0,1.0,2,0,0,1,4,0.03333333333333333,0,0,0.0,39.5,30,1,0,15.0,0.7333333333333333,22,30,8,2,9,2025-08-26T03:44:01+00:00,0,1,1.0,1.0,0,0,166,0.1144578313253012,29,149.5,0.0985822991212972,0.009036144578313253,16.0,1.5,44,0,0,1,0,0,1,0,0,0,0,0,7,0.0,0,feature,perfective,Human,8,0.5384615384615384,161,1,3,270,270,12,12,PrimeIntellect-ai/verifiers,204,8e38e7fa97797389c78a4ffe5ff2eb96b3f333ff,Add `sampling_args` flag to `vf-eval` (#240),0.5,1,1.0,1.0,1
2219,0.9444444444444444,1,0.9643916913946587,325,0.9012345679012346,0.9470666921459966,williambrown97@gmail.com,1.0,1.0,0.9138755980861244,0.9415440697825804,7,0.5384615384615384,0.5384615384615384,0.9230769230769231,1.0,455,0.974304068522484,204,0.8823529411764706,15,13,35,8,46,0.0,0,10,0.0,43.864754098360656,244,7,0,17.066666666666666,0.546875,140,256,116,17,9,2025-08-26T07:23:29+00:00,0,1,0.9609375,0.8,0,0,839,1.4142857142857144,145,147.93333333333334,0.2712497399532954,0.03596634758335346,21.066666666666666,1.8823529411764706,88,0,0,0,1,0,1,0,0,0,0,0,14,0.0,0,feature,perfective,Human,104,3.0054078413699865,6669,1,6,1318,3500,24,82,PrimeIntellect-ai/verifiers,204,a4311d88a3a5d876e5f2c3839161551f7ad28312,Allow env/reward/tool functions to be maybe async; fix for image_url sanitization (#245),0.058823529411764705,1,0.8666666666666667,0.8666666666666667,1
1189,0.9444444444444444,1,0.9644970414201184,326,0.922077922077922,0.9621826039978391,williambrown97@gmail.com,1.0,1.0,0.92,0.9381933438985737,8,1.0,1.0,1.0,1.0,456,0.9743589743589743,204,1.1666666666666667,7,1,0,0,11,0.0136986301369863,0,9,0.0,41.06849315068493,73,2,1,11.0,0.5194805194805194,40,77,37,6,9,2025-08-26T08:14:05+00:00,0,1,0.961038961038961,0.5714285714285714,0,0,840,0.8846153846153846,145,169.85714285714286,0.25001135944632746,0.025981142025918145,31.0,1.8333333333333333,52,0,0,0,1,0,1,0,0,0,0,0,8,0.0,0,bug_fix,corrective,Human,84,4.31623212783852,5132,1,4,1060,2507,20,53,PrimeIntellect-ai/verifiers,204,aef9f211578610b8faf50c7682440b9dd5316653,"fix saving dataset to HF, toolcall sanitizing (#246)",0.16666666666666666,1,0.5714285714285714,1.0,1
1457,0.9444444444444444,1,0.9646017699115044,327,0.9215686274509803,0.9452088452088452,williambrown97@gmail.com,1.0,1.0,0.9166666666666666,0.9232943076301978,11,0.8,0.8333333333333334,0.8,0.8333333333333334,459,0.9745222929936306,204,0.8888888888888888,8,0,6,0,8,0.07692307692307693,0,0,0.0,43.65384615384615,52,4,0,6.75,0.7592592592592593,41,54,13,9,9,2025-08-26T11:51:40+00:00,0,1,1.0,0.625,0,0,842,1.1428571428571428,146,182.125,0.21315468926002043,0.031647411808829046,30.5,1.8888888888888888,12,0,0,0,0,0,0,0,0,0,0,0,2,0.0,0,dependency_update,adaptive,Human,79,3.5326012354152367,5147,1,4,887,2638,18,69,PrimeIntellect-ai/verifiers,204,1068706b8b3c09dbc2a9331c9a64051581a5f167,final tweaks,0.0,0,0.625,0.75,1
41,0.0,10,0.0,0,0.0,0.0,najilau@ucsc.edu,0.0,0.0,0.0,0.0,3,0.0,0.0,0.0,0.0,0,0.0,0,1.0,1,0,0,3,7,0.0,2,1,0.047619047619047616,58.333333333333336,21,2,0,22.0,0.8181818181818182,18,22,4,1,9,2025-08-27T03:34:27+00:00,1,1,1.0,1.0,0,0,41,0.5365853658536586,16,41.0,0.5365853658536586,0.0975609756097561,16.0,2.0,55,0,0,0,0,0,1,0,0,0,0,0,10,0.0,0,bug_fix,corrective,Human,3,2.8292682926829267,116,1,1,52,52,1,1,PrimeIntellect-ai/verifiers,205,85ae8e47bad36eacb2517c11fec052d2e414009d,detect when tool_calls is a list of JSON strings (#250),0.0,0,1.0,1.0,2
133,0.25,6,0.002932551319648094,1,0.0,0.0,mail@mikasenghaas.de,0.0,0.0,0.0,0.0,18,0.0,0.0,0.0,0.0,1,0.0021141649048625794,10,1.0,1,0,0,0,2,0.0,0,0,0.0,46.72727272727273,11,0,0,11.0,0.45454545454545453,5,11,6,1,10,2025-08-27T18:00:53+00:00,1,1,1.0,1.0,0,0,133,0.08270676691729323,30,133.0,0.08270676691729323,0.022556390977443608,30.0,2.0,41,0,0,0,1,0,1,0,0,0,0,0,8,0.0,0,bug_fix,corrective,Human,5,0.9323308270676691,124,1,3,268,268,13,13,PrimeIntellect-ai/verifiers,205,615ab08ee85547cfe0d0df16a6c2405a62c28c5f,Fix eval saving failing on `-n -1` (#255),0.0,0,1.0,1.0,2
1668,0.0,11,0.0,0,0.0,0.0,bdsaglam@users.noreply.github.com,0.0,0.0,0.0,0.0,4,0.0,0.0,0.0,0.0,0,0.0,0,1.0,8,0,0,3,1,0.0,0,3,0.0,47.13513513513514,37,2,0,5.25,0.9047619047619048,38,42,4,8,10,2025-08-31T04:15:08+00:00,4,1,0.9523809523809523,0.375,0,1,846,0.05405405405405406,148,208.5,0.03329042146629475,0.018331748191258414,24.375,1.875,75,0,0,0,1,0,1,0,0,0,0,0,10,0.0,0,bug_fix,corrective,Human,73,2.8543165467625897,4761,1,3,710,2503,13,47,PrimeIntellect-ai/verifiers,209,d64d701d169cbe3bddb252c1a7f2730178fc7b64,Fix missing parser parameter in Rubric instances across environments (#276),0.125,1,0.5,0.5,6
392,0.0,12,0.0,0,0.0,0.0,128810465+srthkdev@users.noreply.github.com,0.0,0.0,0.0,0.0,4,0.0,0.0,0.0,0.0,0,0.0,0,5.0,5,0,0,0,1,0.0,0,1,0.017857142857142856,72.53571428571429,56,0,0,11.6,0.5689655172413793,33,58,25,1,11,2025-08-31T04:17:56+00:00,4,1,0.9827586206896551,0.4,0,1,167,0.37254901960784315,20,78.4,0.1461964135496538,0.047283401112214074,12.4,2.0,71,0,0,0,1,0,1,0,0,0,0,0,11,0.0,0,bug_fix,corrective,Human,8,2.2193877551020407,870,1,2,83,83,2,2,PrimeIntellect-ai/verifiers,209,5305b16e41d45f9c2fcf81bc376df6fbc994eb4d,fix(tui): escape user content to prevent markup injection issues (#273),0.0,0,0.4,1.0,6
1046,0.9583333333333334,1,0.9516616314199395,315,0.9397590361445783,0.9566596194503171,williambrown97@gmail.com,1.0,1.0,0.9285714285714286,0.929279576999339,4,0.5,0.5,1.0,1.0,461,0.9664570230607966,209,1.0,2,0,0,3,1,0.3333333333333333,1,0,0.0,58.0,6,0,0,3.0,0.16666666666666666,1,6,5,2,12,2025-08-31T04:25:37+00:00,0,1,1.0,1.0,0,1,844,0.009900990099009901,144,523.0,0.007320163295950448,0.048830416216977146,87.5,2.0,34,0,0,0,0,0,1,0,0,0,0,0,5,0.0,0,bug_fix,corrective,Human,69,4.645315487571701,4859,1,5,639,2319,14,56,PrimeIntellect-ai/verifiers,209,6675c8b9cb2b31a47c4a0eb282b0310df8921ad0,answer + info both optional (#282),0.0,0,1.0,1.0,6
851,0.25,7,0.0030120481927710845,1,0.0,0.0,128810465+srthkdev@users.noreply.github.com,0.0,0.0,0.0,0.0,4,0.0,0.0,0.0,0.0,1,0.0020920502092050207,0,1.0,1,0,0,1,1,0.0,0,0,0.0,57.285714285714285,7,1,0,7.0,1.0,7,7,0,1,12,2025-08-31T04:27:44+00:00,0,1,1.0,1.0,0,1,851,0.008225616921269096,146,851.0,0.008225616921269096,0.057579318448883664,146.0,2.0,77,0,1,0,0,0,1,0,0,0,0,0,11,0.0,0,documentation,perfective,Human,65,4.841363102232667,4120,1,4,575,2051,14,48,PrimeIntellect-ai/verifiers,209,bfbb3112bc3b3738174e1dcab091a493f54c1ee0,docs(env): clarify optional answer/info fields and evaluation behavior (#268),0.0,0,1.0,1.0,6
41,0.6666666666666666,2,0.006006006006006006,2,0.0,0.0,128810465+srthkdev@users.noreply.github.com,0.0,0.0,0.0,0.0,4,0.0,0.0,0.0,0.0,2,0.0041753653444676405,0,2.0,2,0,0,0,0,0.0,0,1,0.0,46.333333333333336,3,0,0,1.5,1.0,3,3,0,1,12,2025-08-31T04:36:18+00:00,8,1,0.6666666666666666,0.5,0,1,28,0.07692307692307693,1,20.5,0.05631868131868132,0.0,0.5,1.0,58,0,0,1,0,0,1,0,0,0,0,0,8,0.0,0,feature,perfective,Human,23,4.7317073170731705,194,1,1,60,132,1,9,PrimeIntellect-ai/verifiers,209,287182211ed1001bc8df8d136bf6a3dcad8fe95e,feat(verifiers): add MathRubric to verifiers module (#263),0.0,0,0.5,1.0,6
321,0.875,2,0.008982035928143712,3,0.0,0.0,128810465+srthkdev@users.noreply.github.com,0.0,0.0,0.0,0.0,4,0.0,0.0,0.0,0.0,3,0.00625,0,1.0,1,0,0,2,5,0.031746031746031744,2,1,0.015873015873015872,50.333333333333336,63,0,0,68.0,0.7058823529411765,48,68,20,1,12,2025-08-31T04:37:57+00:00,3,1,0.9852941176470589,1.0,0,1,321,0.2087227414330218,37,321.0,0.2087227414330218,0.01557632398753894,37.0,2.0,84,0,0,1,0,0,1,0,0,0,0,0,11,0.0,0,feature,perfective,Human,4,0.17757009345794392,57,1,4,279,279,14,14,PrimeIntellect-ai/verifiers,209,4daa4b39e879de5d8988deb1a413f3411412b40c,chore(eval): add logging throughout evaluation script for better traceability (#262),0.0,0,1.0,1.0,6
430,0.0,13,0.0,0,0.0,0.0,127459834+jalexine@users.noreply.github.com,0.0,0.0,0.0,0.0,5,0.0,0.0,0.0,0.0,0,0.0,0,5.0,5,1,0,7,33,0.026785714285714284,4,4,0.008928571428571428,50.15625,224,13,0,47.0,0.5829787234042553,137,235,98,1,12,2025-09-01T05:31:27+00:00,1,1,0.9872340425531915,1.0,0,0,192,1.2678571428571428,23,86.0,0.48412254505863955,0.045315065681444985,12.4,2.0,36,0,0,0,1,0,1,0,0,0,0,0,5,0.0,0,bug_fix,corrective,Human,7,1.4837209302325582,638,1,3,140,140,3,3,PrimeIntellect-ai/verifiers,210,94fef563c4643c563d4f7618123314bb30aa5df1,fix markuperror in completion (#284),0.0,0,1.0,1.0,0
26,0.9615384615384616,1,0.9404761904761905,316,1.0,1.0,williambrown97@gmail.com,1.0,1.0,1.0,1.0,5,1.0,1.0,1.0,1.0,462,0.9585062240663901,210,1.0,1,0,0,0,3,0.0,0,0,0.0,41.515151515151516,33,10,0,37.0,0.08108108108108109,3,37,34,1,13,2025-09-01T05:32:22+00:00,5,1,1.0,1.0,0,0,26,1.4230769230769231,1,26.0,1.4230769230769231,0.07692307692307693,1.0,2.0,24,0,0,0,0,0,1,0,0,0,0,0,4,0.0,0,refactor_cleanup,preventive,Human,6,1.6538461538461537,43,1,1,4,4,2,2,PrimeIntellect-ai/verifiers,210,cca161f4f78fbd3541bb25d6f0e6813746ad7539,Math python tweak (#286),0.0,0,1.0,1.0,0
92,0.9615384615384616,1,0.9406528189910979,317,1.0,1.0,williambrown97@gmail.com,1.0,1.0,1.0,1.0,6,1.0,1.0,1.0,1.0,463,0.9566115702479339,210,2.0,2,0,2,2,6,0.42105263157894735,2,1,0.0,49.13157894736842,38,25,0,21.0,0.2857142857142857,12,42,30,1,13,2025-09-01T06:46:18+00:00,34,1,1.0,0.0,0,0,60,0.8125,17,46.0,0.5395833333333333,0.03958333333333333,9.0,2.0,27,0,0,0,1,0,0,0,0,0,0,0,2,0.5,1,bug_fix,corrective,Human,2,0.07608695652173914,7,1,1,0,19,0,3,PrimeIntellect-ai/verifiers,210,5970f67ff0111dd67399202078862f96812c92da,toxicity_explanation hotfix,0.0,0,1.0,1.0,0
15,0.9615384615384616,1,0.9408284023668639,318,0.0,0.0,williambrown97@gmail.com,0.0,1.0,0.9615384615384616,0.9895287958115183,7,0.0,0.0,0.0,1.0,464,0.9567010309278351,210,1.0,1,0,0,0,0,0.0,0,2,0.0,61.0,2,0,0,2.0,0.5,1,2,1,1,13,2025-09-01T07:55:57+00:00,1,1,1.0,1.0,0,0,15,0.13333333333333333,1,15.0,0.13333333333333333,0.0,1.0,1.0,13,1,0,0,0,0,0,0,0,0,0,0,2,0.0,0,unknown,unknown,Human,11,4.6,69,1,1,1,1,1,1,PrimeIntellect-ai/verifiers,210,631257ececa30e342a253317640583d830dda6e8,post0 version,0.0,0,1.0,1.0,0
510,0.9615384615384616,1,0.9410029498525073,319,0.9047619047619048,0.9559585492227979,williambrown97@gmail.com,1.0,1.0,0.9310344827586207,0.9865506329113924,23,1.0,1.0,1.0,1.0,466,0.9568788501026694,213,1.0,2,2,2,3,2,0.0,0,0,0.0,56.22222222222222,9,5,0,4.5,0.4444444444444444,4,9,5,2,13,2025-09-04T23:02:40+00:00,9,1,1.0,1.0,0,0,395,0.06086956521739131,13,255.0,0.03296642817831591,0.03346175013758943,11.5,1.5,32,0,0,0,0,0,1,0,0,0,0,0,5,0.0,0,test,preventive,Human,8,0.8470588235294118,432,1,3,38,330,5,16,PrimeIntellect-ai/verifiers,213,b314ce724dc26bcaf6fc68ea52c1a3003625fc3f,disable max turns default (#292),0.5,1,1.0,1.0,3
854,0.9615384615384616,1,0.9411764705882353,320,0.9354838709677419,0.961916461916462,williambrown97@gmail.com,1.0,1.0,0.9154929577464789,0.9271832080849961,0,0.0,0.0,1.0,1.0,467,0.9569672131147541,214,1.0,1,0,0,0,4,0.0,0,0,0.0,64.4,5,1,0,5.0,0.8,4,5,1,1,13,2025-09-05T00:33:19+00:00,4,1,1.0,1.0,0,0,854,0.00585480093676815,148,854.0,0.00585480093676815,0.05737704918032787,148.0,2.0,31,0,0,0,1,0,0,0,0,0,0,0,5,0.0,0,bug_fix,corrective,Human,64,4.818501170960188,4115,1,5,582,2008,15,46,PrimeIntellect-ai/verifiers,214,bfc98e385284e6c746e253ae3f0ab987471556d5,hotfix for json-serialized info,0.0,0,1.0,1.0,4
1340,0.6538461538461539,3,0.0058823529411764705,2,0.009259259259259259,0.002616555661274976,mail@mikasenghaas.de,0.25,0.25,0.007633587786259542,0.0020231745447857274,12,0.0,0.0,0.0,0.0,2,0.00408997955010225,19,1.0,4,0,3,0,4,0.075,0,0,0.0,36.05,40,3,0,10.5,0.8571428571428571,36,42,6,4,13,2025-09-05T12:23:06+00:00,0,1,1.0,1.0,0,0,855,0.13004484304932734,148,335.0,0.06571738644024687,0.043173032661810815,56.5,2.0,84,0,0,0,1,0,1,0,0,0,0,0,12,0.0,0,bug_fix,corrective,Human,70,3.755970149253731,5033,1,8,1036,2689,26,68,PrimeIntellect-ai/verifiers,214,9d962b03c6d0b580b1b73f1355b27bdc60f5a17d,Fix `max_concurrent_requests` in eval script and also use for rollout scoring (#294),0.0,0,1.0,1.0,4
275,0.8076923076923077,3,0.008797653958944282,3,0.125,0.03735632183908046,mail@mikasenghaas.de,1.0,1.0,0.08333333333333333,0.015738498789346248,13,1.0,1.0,0.0,0.0,3,0.006122448979591836,19,1.5,3,0,0,0,0,0.0,0,0,0.08333333333333333,48.958333333333336,24,4,0,10.666666666666666,0.59375,19,32,13,2,13,2025-09-05T13:06:55+00:00,0,1,1.0,0.3333333333333333,0,0,183,0.15300546448087432,33,91.66666666666667,0.08000103347156017,0.05078479246599232,11.0,1.5,59,0,0,0,0,0,1,0,0,0,0,0,5,0.0,0,refactor_cleanup,preventive,Human,3,0.12,33,1,5,348,348,16,16,PrimeIntellect-ai/verifiers,214,5342a1805d6aceb00edcb215919f2d900c49ea02,Rename `max_concurrent_requests` to `max_concurrent` (#295),0.5,1,0.3333333333333333,0.5,4
321,0.8461538461538461,2,0.011695906432748537,4,0.17647058823529413,0.10904255319148937,mail@mikasenghaas.de,1.0,1.0,0.12,0.04800936768149883,13,1.0,1.0,0.0,0.0,4,0.008146639511201629,19,2.0,2,0,0,0,4,0.23076923076923078,0,0,0.0,41.61538461538461,13,0,0,8.0,0.25,4,16,12,1,13,2025-09-05T13:46:21+00:00,0,1,1.0,0.5,0,0,188,0.06766917293233082,34,160.5,0.052451607742761155,0.010638297872340425,18.5,2.0,37,0,0,0,1,0,1,0,0,0,0,0,6,0.5,1,bug_fix,corrective,Human,15,0.6822429906542056,219,1,5,376,376,17,17,PrimeIntellect-ai/verifiers,214,9be7d22700bdcdeb41d4cc49c5a8407dc3f53e6e,Fix setting log level globally (#296),0.0,0,0.5,1.0,4
116,0.0,14,0.0,0,0.0,0.0,46641379+walln@users.noreply.github.com,0.0,0.0,0.0,0.0,23,0.0,0.0,0.0,0.0,0,0.0,0,1.0,2,0,0,5,15,0.0,2,1,0.0,44.26829268292683,41,3,0,25.5,0.8431372549019608,43,51,8,2,13,2025-09-10T23:53:47+00:00,15,1,1.0,1.0,0,0,84,0.5595238095238095,20,58.0,0.34226190476190477,0.0,15.5,2.0,53,0,0,0,1,0,1,0,0,0,0,0,7,0.0,0,bug_fix,corrective,Human,14,2.560344827586207,297,1,2,113,168,4,6,PrimeIntellect-ai/verifiers,220,8389af3d847a0f68705a6bde561f3debad0ee304,fix: Propagate tool_call_id in prompt messages (#318),0.0,0,1.0,1.0,2
280,0.8928571428571429,2,0.01466275659824047,5,1.0,1.0,mail@mikasenghaas.de,1.0,1.0,0.18518518518518517,0.06979405034324943,23,1.0,1.0,1.0,0.5,5,0.010141987829614604,25,1.0,3,0,0,0,0,0.05555555555555555,0,3,0.0,48.22222222222222,18,5,0,6.0,0.6666666666666666,12,18,6,3,14,2025-09-10T23:55:47+00:00,5,1,0.8333333333333334,1.0,0,0,188,0.05851063829787234,33,93.33333333333333,0.04850275807722617,0.050591016548463354,11.0,1.6666666666666667,49,0,0,0,0,0,1,0,0,0,0,0,8,0.0,0,test,preventive,Human,14,0.6857142857142857,192,1,1,11,11,2,2,PrimeIntellect-ai/verifiers,220,f5a3e8ef1047a96b43f4529c7c567887af9c4004,Higher timeouts and limits for eval client (#316),0.3333333333333333,1,1.0,1.0,2
29,0.0,15,0.0,0,0.0,0.0,tvssarma.omega9@gmail.com,0.0,0.0,0.0,0.0,0,0.0,0.0,0.0,0.0,0,0.0,0,1.0,1,0,0,0,0,0.0,0,1,0.0,36.5,2,0,0,2.0,1.0,2,2,0,1,14,2025-09-11T00:17:24+00:00,10,1,0.5,1.0,0,0,29,0.034482758620689655,0,29.0,0.034482758620689655,0.0,0.0,1.0,45,0,0,0,0,0,1,0,0,0,0,0,6,0.0,0,feature,perfective,Human,19,4.206896551724138,122,1,2,61,127,2,8,PrimeIntellect-ai/verifiers,220,d1fd6914f451658cca40fba988bdca2098ecb305,Update __init__.py for StatefulToolEnv (#306),0.0,0,1.0,1.0,3
24,0.0,16,0.0,0,0.0,0.0,9327972+kyleavery@users.noreply.github.com,0.0,0.0,0.0,0.0,0,0.0,0.0,0.0,0.0,0,0.0,0,1.0,1,0,0,0,0,0.5,0,0,0.0,30.0,4,0,0,4.0,0.5,2,4,2,1,15,2025-09-11T00:55:38+00:00,91,1,1.0,0.0,0,0,24,0.16666666666666666,7,24.0,0.16666666666666666,0.08333333333333333,7.0,2.0,48,0,0,0,0,0,1,0,0,0,0,0,8,0.0,0,feature,perfective,Human,0,0.0,0,1,0,0,0,0,0,PrimeIntellect-ai/verifiers,220,1463fd57794ad95f0ebdbd1cbdc66b28723c0b83,Option to find last instance of  \boxed{} (#310),0.0,0,1.0,1.0,3
859,0.84375,3,0.011627906976744186,4,0.015873015873015872,0.002147239263803681,128810465+srthkdev@users.noreply.github.com,1.0,1.0,0.013888888888888888,0.0018120631633445508,0,0.0,0.0,0.0,0.0,4,0.008064516129032258,10,1.0,1,0,0,0,0,0.5,0,0,0.0,56.75,4,0,0,4.0,1.0,4,4,0,1,16,2025-09-11T00:56:20+00:00,5,1,1.0,1.0,0,0,859,0.004656577415599534,148,859.0,0.004656577415599534,0.059371362048894066,148.0,2.0,71,0,0,0,1,0,1,0,0,0,0,0,10,0.0,0,bug_fix,corrective,Human,62,4.784633294528522,4110,1,6,588,1972,17,43,PrimeIntellect-ai/verifiers,220,19a5cda0f5f96c83fcf1b0fb83cff849b10d3b4a,fix(envs): prevent IndexError by capping dataset selection range (#314),0.0,0,1.0,1.0,3
126,0.90625,2,0.017391304347826087,6,0.0,0.0,mail@mikasenghaas.de,0.0,0.0,0.0,0.0,1,0.0,0.0,0.0,0.0,6,0.012072434607645875,25,3.0,3,0,0,0,5,0.047619047619047616,0,1,0.023809523809523808,42.095238095238095,42,0,0,15.0,0.8222222222222222,37,45,8,1,16,2025-09-11T01:04:43+00:00,19,1,0.8444444444444444,0.6666666666666666,0,0,68,0.40540540540540543,15,42.0,0.2698223433517551,0.10877684407096172,6.333333333333333,2.0,56,1,0,0,0,0,1,0,0,0,0,0,8,0.0,0,feature,perfective,Human,4,1.5873015873015872,200,1,1,15,234,2,6,PrimeIntellect-ai/verifiers,220,e78b8458e943377d4bd711b0374ca38bdbe94cb7,Optionally init environment as multi-file package (#300),0.0,0,1.0,1.0,3
941,0.0,17,0.0,0,0.0,0.0,jam@lissus.com,0.0,0.0,0.0,0.0,1,0.0,0.0,0.0,0.0,0,0.0,0,0.75,3,0,0,3,10,0.09090909090909091,2,0,0.0,58.36363636363637,22,0,0,7.666666666666667,1.0,23,23,0,4,16,2025-09-11T01:28:55+00:00,0,1,1.0,1.0,0,0,876,0.1111111111111111,159,313.6666666666667,0.06649434034885145,0.02904616945712836,59.666666666666664,1.5,35,0,0,1,0,0,1,0,0,0,0,0,5,0.0,0,feature,perfective,Human,66,4.548352816153029,4280,1,7,599,1983,19,45,PrimeIntellect-ai/verifiers,220,723126bf5c2b9e60374fcdf95356ca1d848102fb,Added audio modality support (#312),0.5,2,1.0,1.0,3
185,0.9705882352941176,1,0.9135446685878963,317,0.0,0.0,williambrown97@gmail.com,0.0,1.0,0.6666666666666666,0.8013620885357549,23,0.0,0.0,0.0,1.0,469,0.938,220,1.0,1,0,0,0,1,0.0,0,0,0.0,25.25,4,1,0,5.0,0.2,1,5,4,1,17,2025-09-11T23:22:25+00:00,0,1,1.0,1.0,0,0,185,0.02702702702702703,32,185.0,0.02702702702702703,0.021621621621621623,32.0,2.0,28,0,0,0,0,0,1,0,0,0,0,0,5,0.0,0,bug_fix,corrective,Human,13,1.0,185,1,1,18,18,2,2,PrimeIntellect-ai/verifiers,220,4c34d76410143e97f140a066fc8fc73ea58e6863,Will/normalize n eval (#319),0.0,0,1.0,1.0,3
114,0.8529411764705882,3,0.014367816091954023,5,0.0,0.0,128810465+srthkdev@users.noreply.github.com,0.0,0.0,0.0,0.0,23,0.0,0.0,0.0,0.0,5,0.00998003992015968,11,1.0,1,0,2,6,4,0.0392156862745098,9,0,0.0,46.490196078431374,51,2,0,53.0,0.8679245283018868,46,53,7,1,17,2025-09-11T23:23:44+00:00,16,1,1.0,1.0,0,0,114,0.4649122807017544,26,114.0,0.4649122807017544,0.03508771929824561,26.0,2.0,67,0,0,1,1,0,1,0,0,0,0,0,11,0.0,0,bug_fix,corrective,Human,4,0.21929824561403508,25,1,4,52,154,5,11,PrimeIntellect-ai/verifiers,220,0617dc47834229ef830645bf90286ec3e3118c18,fix(verifiers): add error handling for judge model API calls (#291),0.0,0,1.0,1.0,3
78,0.9705882352941176,1,0.9111747851002865,318,1.0,1.0,williambrown97@gmail.com,1.0,1.0,1.0,1.0,0,1.0,1.0,1.0,1.0,470,0.9362549800796812,221,1.0,2,0,2,0,3,0.42857142857142855,0,0,0.0,47.142857142857146,14,0,0,8.0,0.3125,5,16,11,2,17,2025-09-12T00:07:35+00:00,47,1,1.0,0.0,0,0,39,0.2564102564102564,2,39.0,0.20512820512820512,0.02564102564102564,1.5,2.0,18,0,1,0,0,0,0,0,0,0,0,0,3,0.0,0,documentation,perfective,Human,3,0.7435897435897436,58,1,1,0,4,0,1,PrimeIntellect-ai/verifiers,221,6c6f4f3078cfc4ca875360b8c3522bb18a70979d,"env tweaks, readme",0.0,0,0.5,0.5,4
36,0.9705882352941176,1,0.9114285714285715,319,1.0,1.0,williambrown97@gmail.com,1.0,1.0,1.0,1.0,0,1.0,1.0,1.0,1.0,471,0.9363817097415507,221,0.5,1,0,2,0,0,0.0,0,0,0.0,81.5,4,0,0,4.0,0.5,2,4,2,2,17,2025-09-12T00:52:48+00:00,20,1,1.0,1.0,0,0,36,0.1111111111111111,2,36.0,0.1111111111111111,0.0,2.0,1.5,28,0,0,0,0,0,0,0,0,0,0,0,3,0.0,0,dependency_update,adaptive,Human,1,0.1111111111111111,4,1,1,3,3,1,1,PrimeIntellect-ai/verifiers,221,76470e4710ff6a9e6295d5a14d35dbdd5b8f5a7c,continuation quality results,0.0,0,1.0,1.0,4
8,0.8529411764705882,3,0.017094017094017096,6,0.0,0.0,128810465+srthkdev@users.noreply.github.com,0.0,1.0,0.03571428571428571,0.07562076749435666,1,0.0,0.0,0.0,0.0,6,0.011904761904761904,11,0.5,1,0,0,0,2,0.5,0,0,0.0,44.75,4,0,0,4.0,0.5,2,4,2,2,17,2025-09-12T01:07:29+00:00,0,1,1.0,1.0,0,0,8,0.5,1,8.0,0.5,0.125,1.0,2.0,65,0,0,1,1,0,1,0,0,0,0,0,9,1.0,1,bug_fix,corrective,Human,12,22.625,181,1,2,23,23,3,3,PrimeIntellect-ai/verifiers,221,812e7724804c3ef6af2e736b87d9ebcd2332d89c,fix(env_utils): add detailed logging to environment loader (#309),0.0,0,1.0,1.0,4
60,0.9705882352941176,1,0.9090909090909091,320,0.75,0.6756756756756757,williambrown97@gmail.com,1.0,1.0,0.9166666666666666,0.9510204081632653,17,1.0,1.0,1.0,1.0,472,0.9346534653465347,222,0.5,1,0,2,0,0,0.0,0,0,0.0,64.5,2,0,0,2.0,0.5,1,2,1,2,17,2025-09-13T17:08:25+00:00,18,1,1.0,1.0,0,1,60,0.03333333333333333,8,60.0,0.03333333333333333,0.016666666666666666,8.0,1.5,8,0,0,0,0,0,0,0,0,0,0,0,1,0.0,0,bug_fix,corrective,Human,9,2.8666666666666667,172,1,2,23,37,2,4,PrimeIntellect-ai/verifiers,222,37d7243703a38944be6e44fd4afe9b22c696b449,quickfix,0.0,0,1.0,1.0,5
70,0.29411764705882354,8,0.0028328611898017,1,0.0,0.0,bdsaglam@users.noreply.github.com,0.0,0.0,0.0,0.0,22,0.0,0.0,0.0,0.0,1,0.001976284584980237,17,1.0,1,0,1,0,0,0.0,0,1,0.0,53.666666666666664,3,0,0,3.0,0.6666666666666666,2,3,1,1,17,2025-09-17T22:02:30+00:00,22,1,1.0,1.0,0,0,70,0.04285714285714286,9,70.0,0.04285714285714286,0.02857142857142857,9.0,2.0,49,0,0,0,1,0,1,0,0,0,0,0,8,0.0,0,bug_fix,corrective,AI,8,3.6714285714285713,257,1,1,8,8,1,1,PrimeIntellect-ai/verifiers,226,5e9c5abe22fccffbcdb1e779ea5accf1a817568f,Fix async tool call bug in StatefulToolEnv (#326),0.0,0,1.0,1.0,2
1483,0.0,18,0.0,0,0.0,0.0,zhichenren0124@gmail.com,0.0,0.0,0.0,0.0,22,0.0,0.0,0.0,0.0,0,0.0,0,2.0,2,0,0,0,0,0.14285714285714285,0,0,0.0,44.61904761904762,21,2,0,10.5,0.8571428571428571,18,21,3,1,17,2025-09-17T22:03:37+00:00,25,1,1.0,1.0,0,0,1375,0.06481481481481481,235,741.5,0.037498316498316496,0.09984848484848485,123.5,2.0,25,0,0,0,1,0,1,0,0,0,0,0,3,0.0,0,bug_fix,corrective,Human,1,0.0013486176668914363,2,1,2,8,1555,2,31,PrimeIntellect-ai/verifiers,226,71355d913918d105389be0cbb997329bb23ed9ed,fix: num_iteration (#320),0.0,0,1.0,1.0,2
886,0.8888888888888888,2,0.01971830985915493,7,0.03076923076923077,0.0033526363913441025,128810465+srthkdev@users.noreply.github.com,1.0,1.0,0.02702702702702703,0.0028321318228630276,22,0.0,0.0,0.0,0.0,7,0.013779527559055118,17,1.0,1,0,0,2,8,0.058823529411764705,2,0,0.0,59.8235294117647,17,0,0,18.0,0.7777777777777778,14,18,4,1,18,2025-09-17T22:07:21+00:00,6,1,1.0,1.0,0,0,886,0.020316027088036117,161,886.0,0.020316027088036117,0.05981941309255079,161.0,2.0,75,0,0,0,0,0,1,0,0,1,0,0,9,0.0,0,refactor_cleanup,preventive,Human,60,4.599322799097066,4075,1,7,335,1961,16,44,PrimeIntellect-ai/verifiers,226,3ea72f295ce1c7f6dd03ac9f4af7a99eeaa83060,refactor(envs): rename push_to_hub to push_to_hf_hub in make_dataset (#336),0.0,0,1.0,1.0,2
86,0.9166666666666666,2,0.02247191011235955,8,nan,nan,128810465+srthkdev@users.noreply.github.com,nan,nan,nan,nan,0,nan,nan,nan,nan,8,0.015717092337917484,17,1.0,1,0,0,0,0,0.0,0,0,0.0,79.66666666666667,6,3,0,6.0,0.8333333333333334,5,6,1,1,18,2025-09-18T00:32:16+00:00,nan,1,1.0,0.0,0,0,86,0.06976744186046512,21,86.0,0.06976744186046512,0.046511627906976744,21.0,2.0,82,0,0,0,1,0,1,0,0,0,0,0,10,0.0,0,bug_fix,corrective,Human,5,1.4186046511627908,122,1,0,0,0,0,0,PrimeIntellect-ai/verifiers,227,13bcf037e3e243a9d08bb1e564538a7d5de48baa,fix(env_utils): improve error message for load_environment function absence (#335),0.0,0,0.0,0.0,3
3182,0.9722222222222222,1,0.8991596638655462,321,0.8527131782945736,0.9386068476977568,williambrown97@gmail.com,0.9,0.9,0.8404255319148937,0.918590220898486,1,0.4,0.3,0.8,0.9,473,0.9274509803921569,227,1.0,12,11,22,8,63,0.04665314401622718,2,4,0.0,43.25557809330629,493,49,1,43.333333333333336,0.6634615384615384,345,520,175,12,18,2025-09-18T01:27:11+00:00,0,1,0.9980769230769231,0.6666666666666666,0,0,1005,1.3373493975903614,176,265.1666666666667,0.22610537768017072,0.04309625793556154,28.5,1.5,37,0,0,0,0,0,1,0,0,1,0,0,4,0.0,0,refactor_cleanup,preventive,Human,78,2.1055939660590823,6700,1,9,524,3375,24,62,PrimeIntellect-ai/verifiers,227,f92571eca2069296b0d5c3e1529765b927a7c556,[DRAFT] orchestration refactor (#324),0.5,6,0.8333333333333334,0.9090909090909091,3
224,0.0,19,0.0,0,0.0,0.0,117322020+cdreetz@users.noreply.github.com,0.0,0.0,0.0,0.0,6,0.0,0.0,0.0,0.0,0,0.0,0,0.3333333333333333,2,0,0,0,0,0.0,0,0,0.0,35.0,2,0,0,1.0,0.0,0,2,2,6,18,2025-09-19T06:28:55+00:00,1,1,1.0,1.0,0,0,188,0.027777777777777776,35,112.0,0.016548463356973995,0.010638297872340425,20.0,2.5,24,0,0,0,0,0,1,0,0,0,0,0,4,0.0,0,dependency_update,adaptive,AI,10,0.5446428571428571,122,1,4,96,96,7,7,PrimeIntellect-ai/verifiers,228,03c86304caaab507025e2630a97ca9c8ad372173,mcp verifiers env (#343),0.0,0,1.0,1.0,4
747,0.9736842105263158,1,0.8969359331476323,322,0.7096774193548387,0.8296019900497512,williambrown97@gmail.com,0.8,0.8,0.7567567567567568,0.8591691995947315,0,0.2,0.2,0.6,0.8,474,0.92578125,229,0.75,6,10,0,0,4,0.0,0,2,0.0,43.30769230769231,104,12,0,20.666666666666668,0.6854838709677419,85,124,39,8,19,2025-09-20T00:24:59+00:00,8,1,1.0,0.5,0,1,254,0.38405797101449274,83,124.5,0.166453099234453,0.029718773868112013,21.5,1.5,16,0,0,0,0,0,1,0,0,0,0,0,3,0.0,0,documentation,perfective,Human,15,0.3172690763052209,237,1,8,184,355,10,20,PrimeIntellect-ai/verifiers,229,fc7f56f65520d04d447548963213cb98250a409e,AGENTS.md (#346),0.5,4,0.8333333333333334,0.8333333333333334,5
4405,0.9736842105263158,1,0.8972222222222223,323,0.897196261682243,0.9775320970042796,williambrown97@gmail.com,1.0,1.0,0.8771929824561403,0.9614530886254128,7,0.6153846153846154,0.625,0.9230769230769231,0.9375,476,0.9260700389105059,230,0.76,19,7,2,4,18,0.014760147601476014,7,53,0.0036900369003690036,50.77859778597786,271,10,0,14.631578947368421,0.6007194244604317,167,278,111,25,19,2025-09-21T07:28:21+00:00,1,1,0.7338129496402878,0.3684210526315789,0,1,1375,0.631578947368421,235,231.8421052631579,0.1700686181923551,0.03675948517544497,36.578947368421055,1.76,24,0,0,0,1,0,1,0,0,0,0,0,4,0.0,0,bug_fix,corrective,Human,91,1.2320090805902384,5427,1,11,859,5201,27,86,PrimeIntellect-ai/verifiers,230,9bcb089d232185a9d592c0ec99120d9839b92760,fix typing issues (#355),0.24,6,0.6842105263157895,0.8888888888888888,6
42,0.9736842105263158,1,0.8975069252077562,324,0.5,0.6,williambrown97@gmail.com,1.0,1.0,0.5,0.6,7,1.0,1.0,1.0,1.0,478,0.9245647969052224,230,1.0,1,0,0,0,2,0.0,0,0,0.2,73.0,5,0,0,5.0,1.0,5,5,0,1,19,2025-09-21T07:56:55+00:00,0,1,1.0,1.0,0,1,42,0.11904761904761904,10,42.0,0.11904761904761904,0.0,10.0,2.0,30,0,0,0,1,0,0,0,0,0,0,0,4,0.0,0,bug_fix,corrective,Human,2,0.09523809523809523,4,1,3,4,10,1,4,PrimeIntellect-ai/verifiers,230,0106115b1420d1d857211407fb7cbe3e9c15887b,hotfix for thinkparser logging,0.0,0,1.0,1.0,6
74,0.9736842105263158,1,0.8977900552486188,325,1.0,1.0,williambrown97@gmail.com,1.0,1.0,1.0,1.0,21,1.0,1.0,1.0,1.0,479,0.9247104247104247,230,1.0,1,0,0,0,1,0.0,0,0,0.0,69.0,3,0,0,3.0,0.6666666666666666,2,3,1,1,19,2025-09-21T21:37:18+00:00,71,1,1.0,0.0,0,1,74,0.04054054054054054,12,74.0,0.04054054054054054,0.0,12.0,2.0,14,0,1,0,0,0,0,0,0,0,0,0,2,0.0,0,refactor_cleanup,preventive,Human,1,0.10810810810810811,8,1,1,0,11,0,3,PrimeIntellect-ai/verifiers,230,312c947254d93884eab53896ed8d84eefb5411ec,remove comment,0.0,0,1.0,1.0,6
152,0.9736842105263158,1,0.8980716253443526,326,nan,nan,williambrown97@gmail.com,nan,nan,nan,nan,6,nan,nan,nan,nan,481,0.925,231,0.5,1,0,4,0,0,0.0,0,0,0.0,47.4,10,0,0,10.0,0.6,6,10,4,2,19,2025-09-22T06:28:44+00:00,nan,1,1.0,0.0,0,0,152,0.06578947368421052,25,152.0,0.06578947368421052,0.07894736842105263,25.0,1.5,21,0,0,0,0,0,1,0,0,0,0,0,5,0.0,0,merge_release_versioning,management,Human,0,0.0,0,1,0,0,0,0,0,PrimeIntellect-ai/verifiers,231,98517e14935c1d68047bf1705ad48a478749bd4c,v0.1.4 release (#358),0.0,0,0.0,0.0,0
56,0.0,20,0.0,0,0.0,0.0,stefanofiorucci@gmail.com,0.0,0.0,0.0,0.0,0,0.0,0.0,0.0,0.0,0,0.0,0,1.0,2,0,0,0,8,0.0,0,0,0.16666666666666666,82.25,12,8,0,6.0,0.5,6,12,6,2,19,2025-09-23T00:36:15+00:00,1,1,1.0,0.5,0,0,28,0.35714285714285715,5,28.0,0.2142857142857143,0.05357142857142857,3.0,2.0,16,0,0,0,1,0,1,0,0,0,0,0,3,0.0,0,bug_fix,corrective,Human,3,0.26785714285714285,15,1,1,4,4,1,1,PrimeIntellect-ai/verifiers,232,7a953b41e6499ad13ad2f2100984bafc705f5d36,fix typos (#356),0.0,0,0.5,1.0,1
73,0.0,21,0.0,0,nan,nan,andreasverdelis@gmail.com,nan,nan,nan,nan,22,nan,nan,nan,nan,0,0.0,0,1.0,1,0,0,0,0,0.6666666666666666,0,0,0.0,17.333333333333332,6,1,0,6.0,0.3333333333333333,2,6,4,1,20,2025-09-25T22:00:37+00:00,nan,1,1.0,0.0,0,0,73,0.0821917808219178,6,73.0,0.0821917808219178,0.0,6.0,2.0,70,0,0,0,1,0,1,0,0,0,0,0,10,0.0,0,bug_fix,corrective,Human,1,0.0684931506849315,5,1,0,0,0,0,0,PrimeIntellect-ai/verifiers,234,08edfd1550e797b74abf2eeff9371ecfd8e1ea5e,Fix: reasoning-gym : match load_environment args to init() args (#377),0.0,0,0.0,0.0,3
15,0.30952380952380953,9,0.00273224043715847,1,0.0,0.0,stefanofiorucci@gmail.com,0.0,0.0,0.0,0.0,22,0.0,0.0,0.0,0.0,1,0.0019083969465648854,2,1.0,1,0,0,0,0,0.0,0,0,1.0,130.5,2,0,0,2.0,0.5,1,2,1,1,21,2025-09-25T22:01:27+00:00,56,1,1.0,0.0,0,0,15,0.13333333333333333,1,15.0,0.13333333333333333,0.0,1.0,2.0,23,0,0,0,1,0,1,0,0,0,0,0,4,0.0,0,bug_fix,corrective,Human,0,0.0,0,1,1,0,37,0,1,PrimeIntellect-ai/verifiers,234,5812f8b914c7a0f20e80d479e56afba30d374abc,fix/update links (#372),0.0,0,1.0,1.0,3
78,0.8809523809523809,3,0.01907356948228883,7,0.0,0.0,mail@mikasenghaas.de,0.0,0.0,0.0,0.0,18,0.0,0.0,0.0,0.0,7,0.013333333333333334,42,1.0,1,1,0,0,0,0.0,0,0,0.0,50.0,3,0,0,3.0,0.0,0,3,3,1,21,2025-09-28T18:56:12+00:00,7,1,1.0,1.0,0,1,78,0.038461538461538464,18,78.0,0.038461538461538464,0.0,18.0,2.0,20,0,0,0,0,0,1,0,0,0,0,0,3,0.0,0,,,,3,0.08974358974358974,7,1,2,121,121,3,3,PrimeIntellect-ai/verifiers,237,536e1da82e1947d2a89f2d55fe3e2aec3e2dbda5,Remove assert (#385),0.0,0,1.0,1.0,6
1017,0.0,22,0.0,0,0.0,0.0,111092724+faresobeid@users.noreply.github.com,0.0,0.0,0.0,0.0,19,0.0,0.0,0.0,0.0,0,0.0,0,1.0,1,0,0,0,2,0.0,0,0,0.0,52.07692307692308,13,3,0,14.0,0.9285714285714286,13,14,1,1,21,2025-09-29T19:25:00+00:00,8,1,1.0,1.0,0,0,1017,0.01376597836774828,178,1017.0,0.01376597836774828,0.063913470993117,178.0,2.0,48,0,0,1,0,0,1,0,0,0,0,0,6,0.0,0,feature,perfective,Human,57,3.7659783677482794,3830,1,7,293,2183,10,45,PrimeIntellect-ai/verifiers,238,8d3063ea6adceb35739a1416ed842a60ad4d7663,Add average_reward column to make_dataset (#365),0.0,0,1.0,1.0,0
475,0.0,23,0.0,0,0.0,0.0,ameenp360@gmail.com,0.0,0.0,0.0,0.0,6,0.0,0.0,0.0,0.0,0,0.0,0,1.6666666666666667,5,0,0,1,3,0.03333333333333333,2,2,0.0,33.56666666666667,30,1,0,6.2,0.9354838709677419,29,31,2,3,22,2025-09-30T06:00:44+00:00,7,1,0.9354838709677419,1.0,0,0,195,0.21212121212121213,36,95.0,0.07651942899385354,0.04410008505277048,9.6,1.6666666666666667,97,0,0,1,0,0,1,0,0,0,0,0,15,0.0,0,feature,perfective,Human,8,0.2336842105263158,111,1,7,223,502,11,25,PrimeIntellect-ai/verifiers,239,0ce7bb4fd11a51a5e65f483a1ab9e49d14b6571a,Add repeatable --header support to vf-eval for sending additional headers to OpenAI client (#386),0.3333333333333333,1,1.0,1.0,1
1035,0.9782608695652174,1,0.8834688346883469,326,0.8840579710144928,0.9298486932599724,williambrown97@gmail.com,1.0,1.0,0.9213483146067416,0.9744232698094283,6,0.7142857142857143,0.7142857142857143,1.0,1.0,482,0.9128787878787878,239,0.7142857142857143,10,7,17,16,22,0.004739336492890996,1,4,0.0,43.639810426540286,211,14,0,24.3,0.9012345679012346,219,243,24,14,23,2025-09-30T06:52:40+00:00,12,1,0.9711934156378601,0.6,0,0,443,0.9523809523809523,19,103.5,0.2895683648068023,0.025149108008934933,7.9,1.6428571428571428,58,0,0,0,0,0,1,0,0,0,0,0,7,0.0,0,dependency_update,adaptive,Human,39,1.008695652173913,1044,1,6,29,614,7,32,PrimeIntellect-ai/verifiers,239,8043f5b9bbbc4fa743b25ff7dc3253fe3f979444,Updates for ToolEnv + StatefulToolEnv for sandboxes (#384),0.2857142857142857,4,0.7,0.875,1
1018,0.0,24,0.0,0,0.0,0.0,81154837+nrehiew@users.noreply.github.com,0.0,0.0,0.0,0.0,6,0.0,0.0,0.0,0.0,0,0.0,0,1.0,1,0,0,0,0,0.0,0,0,0.0,59.0,1,0,0,1.0,1.0,1,1,0,1,23,2025-09-30T06:53:39+00:00,0,1,1.0,1.0,0,0,1018,0.0009823182711198428,178,1018.0,0.0009823182711198428,0.06385068762278978,178.0,2.0,65,0,0,0,0,0,1,0,0,0,0,0,9,0.0,0,bug_fix,corrective,Human,56,3.7612966601178783,3829,1,8,307,2197,11,46,PrimeIntellect-ai/verifiers,239,561038ee53cfd18da400cd5cea7084a6d5378fb4,Truncate prompt mask of overly long prompts + completions  (#382),0.0,0,1.0,1.0,1
1050,0.8958333333333334,3,0.0215633423180593,8,0.014285714285714285,0.00028208744710860365,mail@mikasenghaas.de,1.0,1.0,0.012658227848101266,0.00024108003857280618,7,0.0,0.0,0.0,0.0,8,0.01509433962264151,44,1.0,1,0,0,3,2,0.1111111111111111,0,0,0.0,46.592592592592595,27,0,0,32.0,1.0,32,32,0,1,24,2025-09-30T07:01:35+00:00,0,1,1.0,1.0,0,0,1050,0.030476190476190476,183,1050.0,0.030476190476190476,0.06476190476190476,183.0,2.0,76,0,0,0,0,0,1,0,0,0,0,0,10,0.0,0,bug_fix,corrective,Human,55,3.6161904761904764,3797,1,9,308,2198,12,47,PrimeIntellect-ai/verifiers,239,b2f97336f04f519631d45fca664a9baf33690efa,Deserialize function tool call argument before applying chat template (#376),0.0,0,1.0,1.0,1
314,0.3125,10,0.002688172043010753,1,0.0,0.0,98283595+cat-state@users.noreply.github.com,0.0,0.0,0.0,0.0,7,0.0,0.0,0.0,0.0,1,0.0018832391713747645,35,1.0,3,0,8,8,3,0.06976744186046512,3,0,0.0,47.7906976744186,43,1,0,14.666666666666666,0.6818181818181818,30,44,14,3,24,2025-09-30T07:28:17+00:00,0,1,1.0,1.0,0,0,142,0.2535211267605634,19,104.66666666666667,0.11572159694704683,0.038698686378969796,13.0,2.0,52,0,0,0,0,0,1,0,0,0,0,0,7,0.0,0,bug_fix,corrective,Human,9,0.6178343949044586,194,1,3,67,517,4,23,PrimeIntellect-ai/verifiers,239,2c3061f6b07aa3b9aaf48c2472ffc2e87f27564d,finish_reason=length if env caused truncation (#360),0.0,0,1.0,1.0,1
142,0.9166666666666666,2,0.024128686327077747,9,0.0,0.0,mail@mikasenghaas.de,0.0,0.0,0.0,0.0,19,0.0,0.0,0.0,0.0,9,0.016885553470919325,44,1.0,1,0,0,2,2,0.0,0,0,0.0,73.5,4,2,0,4.0,0.5,2,4,2,1,24,2025-09-30T19:20:05+00:00,0,1,1.0,1.0,0,0,142,0.028169014084507043,19,142.0,0.028169014084507043,0.028169014084507043,19.0,2.0,33,0,0,0,1,0,1,0,0,0,0,0,5,0.0,0,bug_fix,corrective,Human,0,0.0,0,1,4,66,385,4,17,PrimeIntellect-ai/verifiers,239,05c831e0a9a87c36e4a52a106bb90b9673a4e93f,Fix string match condition (#395),0.0,0,1.0,1.0,1
26,0.9375,2,0.026737967914438502,10,0.0,0.0,mail@mikasenghaas.de,0.0,0.0,0.0,0.0,19,0.0,0.0,0.0,0.0,10,0.018726591760299626,44,1.0,1,0,0,0,0,0.0,0,0,0.0,25.0,3,2,0,3.0,0.6666666666666666,2,3,1,1,24,2025-09-30T19:25:27+00:00,29,1,1.0,1.0,0,0,26,0.11538461538461539,1,26.0,0.11538461538461539,0.07692307692307693,1.0,2.0,32,0,0,0,0,0,1,0,0,0,0,0,7,0.0,0,feature,perfective,Human,6,1.7692307692307692,46,1,1,37,41,1,3,PrimeIntellect-ai/verifiers,239,0305d0a8807d893fa19ab7eaed131ad836fb3bd3,Make num turns an env arg (#394),0.0,0,1.0,1.0,1
228,0.9375,2,0.029333333333333333,11,0.06060606060606061,0.06691449814126393,mail@mikasenghaas.de,0.5,0.5,0.08196721311475409,0.05777400169923534,13,0.0,0.0,0.0,0.0,11,0.020560747663551402,45,1.0,2,0,0,0,2,0.25,0,3,0.0,40.0,8,0,0,4.0,0.75,6,8,2,2,24,2025-10-01T13:18:07+00:00,1,1,0.625,1.0,0,0,195,0.09090909090909091,36,114.0,0.05058275058275059,0.10372960372960373,20.0,1.5,48,1,0,0,0,0,1,0,0,0,0,0,9,0.0,0,build_config_ci,management,Human,24,0.9912280701754386,226,1,6,101,227,10,17,PrimeIntellect-ai/verifiers,240,14f86ed9dda9e54b8769b80025a8a431a3868cf6,Set log level package-wide in eval script (#403),0.0,0,1.0,1.0,2
84,0.2916666666666667,11,0.0026595744680851063,1,0.0,0.0,andreasverdelis@gmail.com,0.0,0.0,0.0,0.0,17,0.0,0.0,0.0,0.0,1,0.0018656716417910447,5,1.0,1,1,0,2,3,0.0,0,0,0.0,57.53846153846154,13,0,0,13.0,0.6923076923076923,9,13,4,1,24,2025-10-01T17:21:11+00:00,1,1,1.0,1.0,0,0,84,0.15476190476190477,14,84.0,0.15476190476190477,0.011904761904761904,14.0,2.0,50,0,0,1,0,0,1,0,0,0,0,0,8,0.0,0,dependency_update,adaptive,Human,6,1.5714285714285714,132,1,3,29,66,3,7,PrimeIntellect-ai/verifiers,240,1aa52a015bf195df9fc753b3430c38ab862bc410,update toolenv to support openai param type (#407),0.0,0,1.0,1.0,2
78,0.9791666666666666,1,0.8673740053050398,327,nan,nan,williambrown97@gmail.com,nan,nan,nan,nan,20,nan,nan,nan,nan,484,0.9013035381750466,240,1.0,1,0,0,0,0,0.0,0,0,0.0,33.8,5,0,0,5.0,0.0,0,5,5,1,24,2025-10-01T20:45:43+00:00,nan,1,1.0,0.0,0,0,78,0.0641025641025641,12,78.0,0.0641025641025641,0.038461538461538464,12.0,2.0,24,0,0,0,0,0,0,0,0,0,0,0,4,0.0,0,,,,9,5.166666666666667,403,1,0,0,0,0,0,PrimeIntellect-ai/verifiers,240,16e624f9288766130ed97e0cef03a29763c85487,dead code in sandbox_env,0.0,0,0.0,0.0,2
1246,0.9375,2,0.031746031746031744,12,0.028169014084507043,0.009225608051439753,mail@mikasenghaas.de,1.0,0.6666666666666666,0.025210084033613446,0.006546355272469922,3,1.0,0.6666666666666666,0.0,0.0,12,0.022304832713754646,47,1.0,3,0,2,4,8,0.06741573033707865,4,4,0.0,40.17977528089887,89,6,0,30.666666666666668,0.7391304347826086,68,92,24,3,24,2025-10-03T03:10:13+00:00,2,1,0.9130434782608695,0.3333333333333333,0,0,1059,0.9230769230769231,187,415.3333333333333,0.3944880269242876,0.026537869314073283,68.66666666666667,2.0,53,0,0,0,0,0,1,0,0,0,0,0,10,0.3333333333333333,1,bug_fix,corrective,Human,57,3.2142857142857144,4005,1,9,323,2062,10,47,PrimeIntellect-ai/verifiers,242,113c3e5baedc5700a7d214b7095a51187f71b6d6,Do not log error on overlong multi-turn prompt (#402),0.0,0,0.3333333333333333,1.0,4
74,0.7083333333333334,4,0.005277044854881266,2,0.0,0.0,stefanofiorucci@gmail.com,0.0,0.0,0.0,0.0,3,0.0,0.0,0.0,0.0,2,0.0037105751391465678,10,1.0,1,0,0,0,0,0.2,0,0,0.0,48.2,5,0,0,5.0,0.6,3,5,2,1,24,2025-10-03T03:22:04+00:00,7,1,1.0,1.0,0,0,74,0.06756756756756757,6,74.0,0.06756756756756757,0.013513513513513514,6.0,2.0,35,0,0,0,1,0,1,0,0,0,0,0,5,0.0,0,bug_fix,corrective,Human,0,0.0,0,1,1,6,6,1,1,PrimeIntellect-ai/verifiers,242,050a87f584e6d44de7e0749aea7b7df387d2c5fe,fix reasoning gym enviroment (#401),0.0,0,1.0,1.0,4
145,0.9375,2,0.034210526315789476,13,0.0,0.0,mail@mikasenghaas.de,0.0,0.0,0.0,0.0,6,0.0,0.0,0.0,0.0,13,0.024074074074074074,48,1.0,1,0,2,4,7,0.03529411764705882,2,0,0.0,43.92941176470588,85,7,1,89.0,0.8764044943820225,78,89,11,1,24,2025-10-04T06:20:30+00:00,2,1,1.0,1.0,0,1,145,0.6137931034482759,21,145.0,0.6137931034482759,0.041379310344827586,21.0,2.0,40,0,0,0,0,0,1,0,0,0,0,0,5,0.0,0,dependency_update,adaptive,Human,8,2.1655172413793102,314,1,1,5,5,1,1,PrimeIntellect-ai/verifiers,243,39f0675a858fb803f4d910466580cb87f60892fb,QoL improvements for `SandboxEnv` (#405),0.0,0,1.0,1.0,5
49,0.0,25,0.0,0,0.0,0.0,2167475+andrewcemil@users.noreply.github.com,0.0,0.0,0.0,0.0,0,0.0,0.0,0.0,0.0,0,0.0,0,1.0,1,0,0,2,2,0.0,0,0,0.0,77.0,2,0,0,2.0,0.5,1,2,1,1,24,2025-10-06T00:34:01+00:00,14,1,1.0,1.0,0,0,49,0.04081632653061224,13,49.0,0.04081632653061224,0.0,13.0,2.0,49,0,1,0,1,0,1,0,0,0,0,0,8,1.0,1,bug_fix,corrective,Human,3,0.20408163265306123,10,1,2,4,30,1,4,PrimeIntellect-ai/verifiers,245,b1551ad7f001cbfc9fdd997f696d1f48db628c4b,Fix comment with wrong (old) function name (#429),0.0,0,1.0,1.0,0
200,0.0,26,0.0,0,0.0,0.0,brunoadicional2@gmail.com,0.0,0.0,0.0,0.0,0,0.0,0.0,0.0,0.0,0,0.0,0,1.0,1,0,0,0,1,0.0,0,0,0.0,60.55555555555556,9,0,0,12.0,0.8333333333333334,10,12,2,1,25,2025-10-06T00:42:12+00:00,34,1,1.0,0.0,0,0,200,0.06,24,200.0,0.06,0.065,24.0,2.0,34,0,0,0,1,0,1,0,0,0,0,0,5,0.0,0,bug_fix,corrective,Human,5,0.535,107,1,3,0,168,0,3,PrimeIntellect-ai/verifiers,245,82450de5aded89d646b514532138cc2219c00792,fix(tui): use sampling_args (#415),0.0,0,1.0,1.0,0
49,0.9807692307692307,1,0.856396866840731,328,0.0,0.0,williambrown97@gmail.com,0.0,0.0,0.0,0.0,21,0.0,0.0,0.0,0.0,487,0.8935779816513761,248,1.0,1,0,0,0,0,0.0,0,0,0.0,23.5,2,0,0,2.0,0.5,1,2,1,1,26,2025-10-09T21:22:14+00:00,39,1,1.0,0.0,0,0,49,0.04081632653061224,4,49.0,0.04081632653061224,0.04081632653061224,4.0,2.0,10,0,0,0,0,0,0,0,0,0,0,0,2,0.0,0,dependency_update,adaptive,Human,2,0.4897959183673469,24,1,1,0,2,0,1,PrimeIntellect-ai/verifiers,248,5b5d6232928650c5076eca6cf3cea6e63efeed0b,tags tweak,0.0,0,1.0,1.0,3
50,0.9807692307692307,1,0.8567708333333334,329,0.6666666666666666,0.6216216216216216,williambrown97@gmail.com,1.0,1.0,0.6666666666666666,0.6216216216216216,1,0.0,0.0,1.0,1.0,488,0.8937728937728938,250,0.2,1,0,0,0,0,0.0,0,0,0.0,63.666666666666664,3,2,0,3.0,0.6666666666666666,2,3,1,5,26,2025-10-11T01:57:14+00:00,5,1,1.0,1.0,0,1,50,0.06,13,50.0,0.06,0.0,13.0,1.4,30,0,0,0,0,0,0,0,0,0,0,0,5,0.0,0,dependency_update,adaptive,Human,2,0.14,7,1,3,6,30,2,4,PrimeIntellect-ai/verifiers,250,e4019ff8e8af6b915778d5e9c059fe50f1dd9d74,"tweaks to wiki-search, results",0.0,0,1.0,1.0,5
153,0.9807692307692307,1,0.8571428571428571,330,0.5,0.05319148936170213,williambrown97@gmail.com,1.0,1.0,0.5,0.05319148936170213,5,0.0,0.0,0.0,0.0,490,0.8941605839416058,250,1.0,1,0,6,1,3,0.0,0,0,0.0,58.09090909090909,11,0,0,12.0,0.8333333333333334,10,12,2,1,26,2025-10-11T05:39:51+00:00,6,1,1.0,1.0,0,1,153,0.0784313725490196,25,153.0,0.0784313725490196,0.0392156862745098,25.0,2.0,32,0,0,0,0,0,1,0,0,0,0,0,5,0.0,0,refactor_cleanup,preventive,Human,7,1.973856209150327,302,1,2,94,94,2,2,PrimeIntellect-ai/verifiers,250,07ec5dcc11c5118b45c9cdeb24abce853fe779a1,post_rollout no-op method (#455),0.0,0,1.0,1.0,5
477,0.0,27,0.0,0,0.0,0.0,huize@haizelabs.com,0.0,0.0,0.0,0.0,5,0.0,0.0,0.0,0.0,0,0.0,0,1.0,1,0,0,0,0,0.0,0,0,0.25,117.5,4,0,0,4.0,0.5,2,4,2,1,26,2025-10-11T05:42:36+00:00,63,1,1.0,0.0,0,1,477,0.008385744234800839,58,477.0,0.008385744234800839,0.03563941299790356,58.0,2.0,45,0,1,0,1,0,1,0,0,0,0,0,5,0.0,0,bug_fix,corrective,Human,0,0.0,0,1,1,0,124,0,6,PrimeIntellect-ai/verifiers,250,fe8f7dfaf59dfb6074dfb9e094163f0a42bc186e,Fix GRPOConfig scale_rewards docstring (#452),0.0,0,1.0,1.0,5
137,0.0,28,0.0,0,0.0,0.0,spikedoanz@gmail.com,0.0,0.0,0.0,0.0,6,0.0,0.0,0.0,0.0,0,0.0,0,1.0,1,0,0,8,4,0.0,0,0,0.0,67.85714285714286,14,11,0,14.0,0.5714285714285714,8,14,6,1,27,2025-10-11T06:52:09+00:00,8,1,1.0,1.0,0,1,137,0.10218978102189781,23,137.0,0.10218978102189781,0.014598540145985401,23.0,2.0,58,0,0,0,0,0,1,0,0,0,0,0,7,0.0,0,security_fix,corrective,Human,10,1.4963503649635037,205,1,1,37,37,1,1,PrimeIntellect-ai/verifiers,250,9bfc23da313a6dd194a149d58b750449a0a0fc23,safe content extraction from multiturn_env rollouts (#446),0.0,0,1.0,1.0,5
452,0.0,29,0.0,0,nan,nan,dominik.scherm@reaction.link,nan,nan,nan,nan,18,nan,nan,nan,nan,0,0.0,0,4.0,4,0,15,0,17,0.021052631578947368,14,0,0.0,47.07368421052632,95,10,0,26.0,0.8653846153846154,90,104,14,1,28,2025-10-12T18:30:11+00:00,nan,1,1.0,0.0,0,1,293,0.45925925925925926,33,113.0,0.3034889192688831,0.002559726962457338,14.75,2.0,24,0,0,0,1,0,1,0,0,0,0,0,6,0.0,0,bug_fix,corrective,Human,0,0.0,0,1,0,0,0,0,0,PrimeIntellect-ai/verifiers,251,a4b22991e150cfe065e061c5b4115aa513ee5867,Fix ARC AGI 3 env (#464),0.0,0,0.0,0.0,6
1064,0.0,30,0.0,0,0.0,0.0,reach.vann@gmail.com,0.0,0.0,0.0,0.0,5,0.0,0.0,0.0,0.0,0,0.0,0,1.0,1,0,0,3,4,0.0,0,0,0.0,51.78947368421053,19,0,0,19.0,0.631578947368421,12,19,7,1,29,2025-10-16T05:19:11+00:00,13,1,1.0,1.0,0,0,1064,0.017857142857142856,188,1064.0,0.017857142857142856,0.06578947368421052,188.0,2.0,53,0,0,1,0,0,1,0,0,0,0,0,7,0.0,0,feature,perfective,Human,53,3.5404135338345863,3767,1,9,307,1118,7,29,PrimeIntellect-ai/verifiers,255,dab14c0b1239882493c61d57b17f10b5a981293e,SGLang support for BadRequest prompt exception (#475),0.0,0,1.0,1.0,3
1072,0.0,31,0.0,0,0.0,0.0,66376113+kalomaze@users.noreply.github.com,0.0,0.0,0.0,0.0,18,0.0,0.0,0.0,0.0,0,0.0,0,1.0,1,0,0,1,2,0.2,0,0,0.0,67.53333333333333,15,0,0,18.0,0.7222222222222222,13,18,5,1,30,2025-10-16T18:31:25+00:00,0,1,1.0,1.0,0,0,1072,0.016791044776119403,191,1072.0,0.016791044776119403,0.06809701492537314,191.0,2.0,48,0,0,0,1,0,1,0,0,0,0,0,7,0.0,0,bug_fix,corrective,Human,52,3.4972014925373136,3749,1,10,326,1137,8,30,PrimeIntellect-ai/verifiers,255,c97846ecde0f03e1a2a719ef137ab4185f786aba,Multi-turn chat template tokenization fix (#476),0.0,0,1.0,1.0,3
41,0.3225806451612903,12,0.0025575447570332483,1,nan,nan,brunoadicional2@gmail.com,nan,nan,nan,nan,4,nan,nan,nan,nan,1,0.0017985611510791368,12,1.0,1,0,6,0,0,0.0,0,0,0.0,58.888888888888886,18,0,0,18.0,0.5,9,18,9,1,31,2025-10-18T04:00:11+00:00,nan,1,1.0,0.0,0,1,41,0.43902439024390244,17,41.0,0.43902439024390244,0.0,17.0,2.0,75,0,0,0,1,0,1,0,0,0,0,0,10,0.0,0,bug_fix,corrective,Human,0,0.0,0,1,0,0,0,0,0,PrimeIntellect-ai/verifiers,257,46b530af8756367620730619b7f59b445e46d4c3,fix simpleqa env and clarify JudgeRubric's parallelize_scoring=False (#484),0.0,0,0.0,0.0,5
1319,0.9516129032258065,2,0.03571428571428571,14,0.04,0.017380952380952382,mail@mikasenghaas.de,1.0,1.0,0.03508771929824561,0.014750454637300466,5,0.0,0.0,0.0,0.0,14,0.025134649910233394,62,1.0,2,0,9,0,3,0.13636363636363635,0,6,0.0,37.47727272727273,44,0,0,23.5,0.7021276595744681,33,47,14,2,31,2025-10-18T05:32:23+00:00,1,1,1.0,1.0,0,1,1086,0.07296137339055794,193,659.5,0.05029284139141157,0.05721472664184826,113.5,2.0,29,0,0,0,0,0,1,0,0,0,0,0,5,0.0,0,feature,perfective,Human,55,3.345716451857468,4413,1,12,349,1284,9,32,PrimeIntellect-ai/verifiers,257,4c098f0dc29b26578a23d506f50ba51a491d4c90,Make tqdm bar optional (#482),0.0,0,1.0,1.0,5
3206,0.9838709677419355,1,0.8422391857506362,331,0.7880794701986755,0.8706830391404451,williambrown97@gmail.com,0.9375,1.0,0.8130841121495327,0.8827672955974842,23,0.4375,0.42857142857142855,0.75,0.8571428571428571,492,0.8817204301075269,257,0.7916666666666666,19,53,52,37,110,0.06451612903225806,1,15,0.008718395815170008,41.648648648648646,1147,141,2,62.8421052631579,0.5041876046901173,602,1194,592,24,31,2025-10-18T23:26:51+00:00,0,1,0.974036850921273,0.631578947368421,0,1,913,0.9302325581395349,164,168.73684210526315,0.3219111183395366,0.03591742368020888,18.31578947368421,1.5833333333333333,51,0,0,1,0,0,1,0,0,1,0,0,7,0.05263157894736842,1,refactor_cleanup,preventive,Human,76,2.0966936993137866,6722,1,15,679,2181,15,43,PrimeIntellect-ai/verifiers,257,ed7cdf221c40a5a69ada967a1f14e80866557d59,"Eval logic refactor, add intermediate saving (#478)",0.3333333333333333,8,0.8421052631578947,1.0,5
913,0.9516129032258065,2,0.03807106598984772,15,0.05263157894736842,0.016674177557458314,mail@mikasenghaas.de,1.0,1.0,0.047058823529411764,0.014679627058123389,23,0.0,0.0,0.0,0.0,15,0.026833631484794274,63,1.0,1,0,0,0,0,0.0,0,0,0.0,83.5,2,2,0,2.0,0.5,1,2,1,1,31,2025-10-18T23:27:57+00:00,0,1,1.0,1.0,0,1,913,0.002190580503833516,164,913.0,0.002190580503833516,0.060240963855421686,164.0,2.0,20,0,0,0,1,0,1,0,0,0,0,0,4,0.0,0,bug_fix,corrective,Human,49,3.213581599123768,2934,1,11,1139,1968,10,33,PrimeIntellect-ai/verifiers,257,d822f6aca7a967fc6698b1d595524c6278d84a5c,Fix type hint (#480),0.0,0,1.0,1.0,5
1887,0.9838709677419355,1,0.8405063291139241,332,0.7708333333333334,0.9262021589793915,williambrown97@gmail.com,0.8333333333333334,0.8571428571428571,0.8014184397163121,0.9164660908962198,6,0.6666666666666666,0.7142857142857143,0.8333333333333334,0.8571428571428571,493,0.8803571428571428,258,1.0,8,2,2,2,6,0.0,0,0,0.034482758620689655,50.58620689655172,58,4,0,7.5,0.5166666666666667,31,60,29,8,31,2025-10-19T06:05:41+00:00,0,1,1.0,0.625,0,1,915,0.36363636363636365,164,235.875,0.1523584865524261,0.033258212970392324,37.125,1.875,20,0,0,0,1,0,1,0,0,0,0,0,3,0.0,0,bug_fix,corrective,Human,53,1.8155802861685215,3426,1,13,1110,2206,14,40,PrimeIntellect-ai/verifiers,258,51f20bbe0c1faf0f0997e1f1576855007903d8d3,Reasoning fix (#493),0.125,1,0.75,0.875,6
42,0.9838709677419355,1,0.8409090909090909,333,0.6,0.7333333333333333,williambrown97@gmail.com,1.0,1.0,0.6,0.7333333333333333,6,1.0,1.0,1.0,1.0,494,0.8805704099821747,258,1.0,1,0,0,2,3,0.0,0,0,0.3333333333333333,122.0,3,0,0,3.0,0.6666666666666666,2,3,1,1,31,2025-10-19T06:06:19+00:00,27,1,1.0,1.0,0,1,42,0.07142857142857142,13,42.0,0.07142857142857142,0.0,13.0,2.0,19,0,0,0,0,0,0,0,0,0,0,0,2,0.0,0,bug_fix,corrective,Human,1,0.023809523809523808,1,1,3,9,15,2,5,PrimeIntellect-ai/verifiers,258,571ff9fed5b8dd35488a0c5aab2447cbe7147526,thinkparser warning,0.0,0,1.0,1.0,6
117,0.3064516129032258,13,0.0025188916876574307,1,nan,nan,66376113+kalomaze@users.noreply.github.com,nan,nan,nan,nan,1,nan,nan,nan,nan,1,0.0017761989342806395,4,1.0,1,0,0,1,2,0.3333333333333333,0,0,0.0,66.55555555555556,9,0,0,9.0,0.7777777777777778,7,9,2,1,31,2025-10-21T01:54:48+00:00,nan,1,1.0,0.0,0,0,117,0.07692307692307693,19,117.0,0.07692307692307693,0.07692307692307693,19.0,2.0,30,0,0,0,1,0,1,0,0,0,0,0,5,0.0,0,bug_fix,corrective,Human,6,0.5470085470085471,64,1,0,0,0,0,0,PrimeIntellect-ai/verifiers,260,3bcd5dcb2ebd8f80272a48774abebe17622fadda,fix this bullshit again (#497),0.0,0,0.0,0.0,1
100,0.9516129032258065,2,0.04020100502512563,16,nan,nan,mail@mikasenghaas.de,nan,0.0,0.0,0.0,19,nan,0.0,nan,0.0,16,0.02831858407079646,65,3.0,3,0,0,2,4,0.024390243902439025,0,0,0.0,45.926829268292686,41,0,0,14.333333333333334,0.4186046511627907,18,43,25,1,31,2025-10-21T19:27:50+00:00,nan,1,1.0,0.0,0,0,42,0.8846153846153846,12,33.333333333333336,0.49080433455433453,0.023809523809523808,5.333333333333333,2.0,56,0,0,0,0,0,1,0,0,1,0,0,8,0.3333333333333333,1,refactor_cleanup,preventive,Human,25,3.99,399,1,0,0,0,0,0,PrimeIntellect-ai/verifiers,260,a9e2a1750d0eed3c114ee8392da7dce452029521,Small refactors to make using `eval_utils` easier (#496),0.0,0,0.0,1.0,1
915,0.0,32,0.0,0,0.0,0.0,112212771+keatonelvins@users.noreply.github.com,0.0,0.0,0.0,0.0,21,0.0,0.0,0.0,0.0,0,0.0,0,1.0,1,0,0,0,0,0.0,0,0,0.0,61.0,2,0,0,2.0,0.5,1,2,1,1,31,2025-10-22T21:37:37+00:00,3,1,1.0,1.0,0,0,915,0.002185792349726776,164,915.0,0.002185792349726776,0.060109289617486336,164.0,2.0,62,0,0,0,1,0,1,0,0,0,0,0,8,0.0,0,bug_fix,corrective,Human,47,3.202185792349727,2930,1,11,912,1972,10,35,PrimeIntellect-ai/verifiers,261,a84dcff28117c3317d456ccf3813becc7ddaf156,fix bug in overlong exception during get_model_response (#502),0.0,0,1.0,1.0,2
973,0.953125,2,0.0425,17,0.0625,0.017097862767154106,mail@mikasenghaas.de,0.5,0.5,0.05319148936170213,0.014473433631689202,21,0.0,0.0,0.0,0.0,17,0.029982363315696647,66,1.0,2,1,6,4,2,0.075,0,0,0.0,49.5,40,5,1,21.0,0.9047619047619048,38,42,4,2,32,2025-10-22T21:37:50+00:00,0,1,1.0,1.0,0,0,931,0.47619047619047616,169,486.5,0.24991049051199427,0.04305406373075546,85.5,1.5,39,0,0,0,0,0,1,0,0,0,0,0,5,0.0,0,feature,perfective,Human,46,3.118191161356629,3034,1,12,915,1975,11,36,PrimeIntellect-ai/verifiers,261,67165c043942fb5050e6cef07a7d3fb41e56dd15,Allow passing explicit semaphore (#504),0.5,1,1.0,1.0,2
1501,0.984375,1,0.8329177057356608,334,0.8188405797101449,0.9419501929147668,williambrown97@gmail.com,0.8888888888888888,0.875,0.8711111111111111,0.9471163058057099,7,0.6666666666666666,0.5,0.8888888888888888,0.875,497,0.875,262,0.2222222222222222,10,1,0,10,25,0.08304498269896193,11,42,0.0,47.1764705882353,289,60,0,31.8,0.2578616352201258,82,318,236,45,32,2025-10-23T07:27:23+00:00,0,1,0.9905660377358491,0.4,0,0,934,1.3333333333333333,169,150.1,0.47524444555191964,0.016460866642712898,23.4,2.088888888888889,48,0,0,0,0,0,1,0,0,0,0,0,5,0.1,1,dependency_update,adaptive,Human,64,2.1752165223184545,3265,1,13,950,2205,15,44,PrimeIntellect-ai/verifiers,262,6e3d90e50a099211940dc7652a29d37a9792a731,"RLTrainer overhaul, replacing GRPOTrainer (#505)",0.0,0,0.9,1.0,3
1532,0.0,33,0.0,0,0.0,0.0,reachvann@gmail.com,0.0,0.0,0.0,0.0,23,0.0,0.0,0.0,0.0,0,0.0,0,1.0,2,6,4,0,3,0.0,0,0,0.0,38.267857142857146,56,9,0,31.5,0.8095238095238095,51,63,12,2,32,2025-10-23T23:47:28+00:00,0,1,1.0,0.5,0,0,934,0.06521739130434782,170,766.0,0.04545666139093194,0.05278838097011451,93.5,1.5,61,0,0,0,1,0,1,0,0,0,0,0,8,0.0,0,bug_fix,corrective,Human,46,2.2232375979112273,3406,1,12,943,1914,13,37,PrimeIntellect-ai/verifiers,263,3f243241342a9cf7eadb0c7c743a6babb8b676d4,Fix environment.py generate function deepcopying state (#503),0.5,1,0.5,1.0,3
1075,0.9848484848484849,1,0.8312655086848635,335,1.0,1.0,williambrown97@gmail.com,1.0,1.0,1.0,1.0,4,1.0,1.0,1.0,1.0,498,0.8736842105263158,264,1.25,5,0,6,2,29,0.03508771929824561,7,1,0.0,39.760233918128655,171,25,0,38.0,0.7263157894736842,138,190,52,4,33,2025-10-25T04:12:18+00:00,35,1,1.0,0.0,0,1,449,0.8928571428571429,55,215.0,0.3038898852323922,0.024971787663520255,27.2,2.5,48,0,0,0,0,0,0,0,0,0,0,0,7,0.2,1,dependency_update,adaptive,Human,19,0.26232558139534884,282,1,1,0,89,0,4,PrimeIntellect-ai/verifiers,264,006c238182ece190fe6b771aed3c99c9561489e7,"wiki-search tweaks, trainer tool saving quickfix",0.0,0,0.2,0.5,5
327,0.9848484848484849,1,0.8316831683168316,336,1.0,1.0,williambrown97@gmail.com,1.0,1.0,1.0,1.0,4,1.0,1.0,1.0,1.0,499,0.8739054290718039,264,1.0,1,0,0,0,0,0.1111111111111111,1,0,0.0,26.444444444444443,9,6,0,9.0,0.4444444444444444,4,9,5,1,33,2025-10-25T04:22:50+00:00,0,1,1.0,1.0,0,1,327,0.027522935779816515,32,327.0,0.027522935779816515,0.024464831804281346,32.0,3.0,15,0,0,0,0,0,0,0,0,0,0,0,2,0.0,0,build_config_ci,management,Human,7,0.05198776758409786,17,1,1,2,2,1,1,PrimeIntellect-ai/verifiers,264,7418348cd6b05750e4acef3471a7b98908a9dfe8,config defaults,0.0,0,1.0,1.0,5
327,0.9848484848484849,1,0.8320987654320988,337,1.0,1.0,williambrown97@gmail.com,1.0,1.0,1.0,1.0,21,1.0,1.0,1.0,1.0,500,0.8741258741258742,265,1.0,1,0,0,0,0,0.0,0,0,0.0,21.0,2,2,0,2.0,0.5,1,2,1,1,33,2025-10-26T21:38:05+00:00,1,1,1.0,1.0,0,1,327,0.0061162079510703364,32,327.0,0.0061162079510703364,0.024464831804281346,32.0,3.0,2,0,0,0,0,0,0,0,0,0,0,0,1,0.0,0,unknown,unknown,Human,6,0.045871559633027525,15,1,1,11,11,2,2,PrimeIntellect-ai/verifiers,265,4bbd5969a4bfad863b9dbf8ef8846de7bd515c0d,lr,0.0,0,1.0,1.0,6
327,0.9848484848484849,1,0.8325123152709359,338,1.0,1.0,williambrown97@gmail.com,1.0,1.0,1.0,1.0,0,1.0,1.0,1.0,1.0,501,0.8743455497382199,269,1.0,1,0,0,0,0,0.0,0,0,0.0,20.5,2,2,0,2.0,0.5,1,2,1,1,33,2025-10-30T00:54:22+00:00,3,1,1.0,1.0,0,0,327,0.0061162079510703364,32,327.0,0.0061162079510703364,0.024464831804281346,32.0,3.0,14,0,0,0,1,0,0,0,0,0,0,0,3,0.0,0,bug_fix,corrective,Human,5,0.039755351681957186,13,1,1,13,13,3,3,PrimeIntellect-ai/verifiers,269,91c8f2c9669109cd91a51b165f09ce8e6d01be1b,fix wd default,0.0,0,1.0,1.0,3
231,0.9848484848484849,1,0.8329238329238329,339,1.0,1.0,williambrown97@gmail.com,1.0,1.0,1.0,1.0,2,1.0,1.0,1.0,1.0,502,0.8745644599303136,270,1.0,1,0,4,2,9,0.033707865168539325,5,0,0.0,40.04494382022472,89,15,0,106.0,0.22641509433962265,24,106,82,1,33,2025-10-31T02:29:39+00:00,5,1,1.0,1.0,1,0,231,0.4588744588744589,37,231.0,0.4588744588744589,0.047619047619047616,37.0,2.0,52,0,0,0,0,0,0,0,0,0,0,0,9,0.0,0,,,,0,0.0,0,2,1,50,50,1,1,PrimeIntellect-ai/verifiers,270,92edd8433796538e278679519c8553e7b11c39e4,Merge remote-tracking branch 'origin/v0.1.7-staging',0.0,0,1.0,1.0,4
114,0.9848484848484849,1,0.8333333333333334,340,0.7647058823529411,0.6334661354581673,williambrown97@gmail.com,1.0,1.0,0.7647058823529411,0.6334661354581673,2,1.0,1.0,1.0,1.0,503,0.8747826086956522,270,0.5,1,0,0,0,0,0.0,0,0,0.0,52.5,2,0,0,2.0,0.5,1,2,1,2,33,2025-10-31T02:52:22+00:00,41,1,1.0,0.0,0,0,114,0.017543859649122806,26,114.0,0.017543859649122806,0.03508771929824561,26.0,1.5,12,0,0,0,0,0,0,0,0,0,0,1,2,0.0,0,test,preventive,Human,2,0.16666666666666666,19,1,5,0,129,0,9,PrimeIntellect-ai/verifiers,270,5ab48d69b8f42cf5c8c3c72e26b4f56ba6cf2362,update tests,0.5,1,1.0,1.0,4
878,0.0,34,0.0,0,0.0,0.0,104158401+ercbot@users.noreply.github.com,0.0,0.0,0.0,0.0,3,0.0,0.0,0.0,0.0,0,0.0,0,1.3333333333333333,4,2,0,0,4,0.06666666666666667,0,0,0.0,46.266666666666666,15,0,0,4.0,0.6875,11,16,5,3,33,2025-10-31T03:08:10+00:00,7,1,1.0,0.75,0,0,598,0.17142857142857143,17,219.5,0.07389368291537142,0.027968174572637828,12.0,1.6666666666666667,38,0,0,0,1,0,1,0,0,0,0,0,7,0.0,0,bug_fix,corrective,Human,18,1.315489749430524,1155,1,7,58,366,4,13,PrimeIntellect-ai/verifiers,270,10f93fded4eb55bea309fd6820e1b338d4a9cd8d,fix: vf-eval save state columns (#517),0.3333333333333333,1,1.0,1.0,4
163,0.0,35,0.0,0,0.0,0.0,128291516+paramthakkar123@users.noreply.github.com,0.0,0.0,0.0,0.0,3,0.0,0.0,0.0,0.0,0,0.0,0,0.5,1,0,0,0,1,0.0,2,0,0.0,53.888888888888886,9,0,0,10.0,1.0,10,10,0,2,34,2025-10-31T03:09:43+00:00,19,1,1.0,1.0,0,0,163,0.06134969325153374,26,163.0,0.06134969325153374,0.03680981595092025,26.0,1.5,78,0,0,1,0,0,1,0,0,0,0,0,11,0.0,0,feature,perfective,Human,6,1.7914110429447854,292,1,2,106,106,3,3,PrimeIntellect-ai/verifiers,270,1a11e01df0cc10e6fe16e125454683111aace5d4,Added bulk_delete functionality to bulk delete sandboxes with global ID (#487),0.5,1,1.0,1.0,4
228,0.9857142857142858,1,0.829683698296837,341,1.0,1.0,williambrown97@gmail.com,1.0,1.0,1.0,1.0,8,1.0,1.0,1.0,1.0,504,0.8719723183391004,270,1.0,1,0,0,0,0,0.0,0,0,0.0,80.5,4,0,0,4.0,0.5,2,4,2,1,35,2025-10-31T08:22:28+00:00,65,1,1.0,0.0,0,0,228,0.017543859649122806,37,228.0,0.017543859649122806,0.04824561403508772,37.0,2.0,29,0,0,0,0,0,0,0,0,0,0,0,4,0.0,0,resource,perfective,Human,0,0.0,0,1,1,0,72,0,3,PrimeIntellect-ai/verifiers,270,a386eef2365faf7fe09c61ae85fb84edd2b4f261,wiki-search dataset filtering,0.0,0,1.0,1.0,4
79,0.9571428571428572,2,0.043689320388349516,18,0.05555555555555555,0.02040816326530612,mail@mikasenghaas.de,1.0,0.6666666666666666,0.046511627906976744,0.008726003490401396,22,0.5,0.3333333333333333,0.0,0.0,18,0.031088082901554404,75,0.6,3,0,0,2,0,0.0,0,1,0.0,40.111111111111114,9,0,0,3.6666666666666665,0.9090909090909091,10,11,1,5,35,2025-10-31T22:06:26+00:00,8,1,0.8181818181818182,0.3333333333333333,0,0,35,0.4,6,26.333333333333332,0.16584564860426929,0.0,2.0,1.4,33,0,0,1,0,0,1,0,0,0,0,0,3,0.0,0,feature,perfective,Human,22,4.2784810126582276,338,1,4,23,102,2,10,PrimeIntellect-ai/verifiers,270,8ce0a9c08102590898de3de57215c37da645556c,Implement MaybeThinkParser (#522),0.4,2,0.6666666666666666,1.0,4
21,0.9857142857142858,1,0.8280871670702179,342,nan,nan,williambrown97@gmail.com,nan,nan,nan,nan,22,nan,nan,nan,nan,505,0.8706896551724138,270,1.0,1,0,0,0,0,0.0,0,0,0.0,46.6,5,0,0,5.0,0.8,4,5,1,1,35,2025-10-31T22:08:47+00:00,nan,1,1.0,0.0,0,0,21,0.23809523809523808,0,21.0,0.23809523809523808,0.0,0.0,1.0,26,0,0,0,1,0,0,0,0,0,0,1,5,0.0,0,test,preventive,Human,2,1.7142857142857142,36,1,0,0,0,0,0,PrimeIntellect-ai/verifiers,270,cb2fe74195113a552e04dd5fa4793e8a4863859f,fix sandbox env test cases,1.0,1,0.0,0.0,4
304,0.9857142857142858,1,0.8285024154589372,343,0.3,0.7128712871287128,williambrown97@gmail.com,1.0,1.0,0.6,0.7922606924643585,22,0.0,0.0,1.0,1.0,506,0.8709122203098106,270,0.5,1,0,0,1,13,0.04054054054054054,3,0,0.0,40.486486486486484,74,7,0,89.0,0.9550561797752809,85,89,4,2,35,2025-10-31T22:54:10+00:00,0,1,0.9213483146067416,1.0,0,0,304,0.26973684210526316,29,304.0,0.26973684210526316,0.039473684210526314,29.0,2.0,82,0,0,0,0,0,1,0,0,0,0,0,10,0.0,0,feature,perfective,Human,5,0.08223684210526316,25,1,6,4,101,2,10,PrimeIntellect-ai/verifiers,270,eea897c55224166bec459c5fca3792fa618e5127,Allow setting env args in pyproject for num_examples + rollouts_per_example (#523),0.0,0,1.0,1.0,4
1614,0.9,4,0.007228915662650603,3,0.0,0.0,stefanofiorucci@gmail.com,0.0,0.0,0.0,0.0,11,0.0,0.0,0.0,0.0,4,0.006872852233676976,40,1.0,2,10,4,1,4,0.028169014084507043,0,0,0.0,37.521126760563384,71,25,0,43.0,0.9767441860465116,84,86,2,2,35,2025-11-02T11:02:09+00:00,2,1,1.0,1.0,0,1,954,0.09393939393939393,175,807.0,0.05954831332189822,0.05114351057747284,96.0,1.5,44,0,0,0,1,0,1,0,0,0,0,0,6,0.0,0,bug_fix,corrective,Human,44,2.053283767038414,3314,1,14,965,1870,12,37,PrimeIntellect-ai/verifiers,272,a7823d5aa27724b3c65e5c0d4ea163dd9ea3a240,fix: update metadata after generation (#509),0.5,1,1.0,1.0,6
109,0.9571428571428572,2,0.04567307692307692,19,0.0,0.0,mail@mikasenghaas.de,0.0,0.0,0.0,0.0,23,0.0,0.0,0.0,0.0,19,0.032590051457975985,79,1.0,1,0,0,2,2,0.0,0,0,0.0,51.0,9,0,0,9.0,0.2222222222222222,2,9,7,1,35,2025-11-03T23:31:22+00:00,16,1,1.0,1.0,0,0,109,0.08256880733944955,17,109.0,0.08256880733944955,0.08256880733944955,17.0,2.0,37,0,0,1,0,0,1,0,0,0,0,0,7,0.0,0,feature,perfective,Human,25,3.403669724770642,371,1,2,17,49,1,3,PrimeIntellect-ai/verifiers,273,265d5c542184297ab869f1ffc951135445fe04a8,Always add task from env names (#526),0.0,0,1.0,1.0,0
15,0.9857142857142858,1,0.8249400479616307,344,1.0,1.0,williambrown97@gmail.com,1.0,1.0,1.0,1.0,0,1.0,1.0,1.0,1.0,507,0.8681506849315068,274,1.0,1,0,0,0,0,0.0,0,0,0.0,27.0,1,0,0,1.0,1.0,1,1,0,1,35,2025-11-04T00:20:00+00:00,9,1,1.0,1.0,0,0,15,0.06666666666666667,1,15.0,0.06666666666666667,0.0,1.0,2.0,36,0,0,1,1,0,0,0,0,0,0,0,6,0.0,0,bug_fix,corrective,Human,1,0.06666666666666667,1,1,1,1,90,1,5,PrimeIntellect-ai/verifiers,274,b05172b31a321fe3e813cc82c2841872f7d4bd5e,hotfix -- re-add strict tool parsing,0.0,0,1.0,1.0,1
399,0.9857142857142858,1,0.8253588516746412,345,0.8666666666666667,0.8773584905660378,williambrown97@gmail.com,1.0,1.0,0.9090909090909091,0.9431486880466472,3,0.5,0.6666666666666666,1.0,1.0,508,0.8683760683760684,274,1.0,3,0,3,5,6,0.07017543859649122,0,0,0.0,38.87719298245614,57,5,0,22.333333333333332,0.8208955223880597,55,67,12,3,35,2025-11-04T03:26:13+00:00,0,1,1.0,0.6666666666666666,0,0,266,0.17669172932330826,43,133.0,0.1359280554326994,0.05019902697921274,22.0,2.0,26,0,0,0,1,0,0,0,0,0,0,0,5,0.3333333333333333,1,bug_fix,corrective,Human,29,1.1303258145363408,451,1,3,28,149,4,10,PrimeIntellect-ai/verifiers,274,c5a5d06a8d109e71d10c8d0d5d4a590d08667e71,fix for envgroup oai tools,0.0,0,0.6666666666666666,1.0,1
484,0.9857142857142858,1,0.8257756563245824,346,0.6818181818181818,0.7472527472527473,williambrown97@gmail.com,0.8,0.8,0.8225806451612904,0.918266593527153,4,0.8,0.8,0.8,0.8,509,0.8686006825938567,274,1.0,5,3,0,4,11,0.0,0,4,0.0,57.87719298245614,57,4,0,11.8,0.3898305084745763,23,59,36,5,35,2025-11-04T04:42:28+00:00,14,1,0.9322033898305084,0.6,0,0,128,0.2,25,96.8,0.12914546460176993,0.03886393805309735,17.0,2.0,28,0,0,0,0,0,0,0,0,0,0,0,4,0.0,0,bug_fix,corrective,Human,17,0.9979338842975206,483,1,8,110,314,4,13,PrimeIntellect-ai/verifiers,274,a98d6dbecc5f919c1acda0b51ac79c188296cb33,deserialize tools in rollout,0.0,0,1.0,1.0,1
109,0.9857142857142858,1,0.8261904761904761,347,0.8,0.8414634146341463,williambrown97@gmail.com,1.0,1.0,0.8,0.8414634146341463,4,1.0,1.0,1.0,1.0,510,0.868824531516184,274,1.0,1,0,0,2,3,0.36363636363636365,0,0,0.0,52.54545454545455,11,0,0,12.0,0.08333333333333333,1,12,11,1,35,2025-11-04T04:45:03+00:00,0,1,1.0,1.0,0,0,109,0.11009174311926606,17,109.0,0.11009174311926606,0.08256880733944955,17.0,2.0,12,0,0,0,1,0,0,0,0,0,0,0,2,0.0,0,bug_fix,corrective,Human,23,3.1192660550458715,340,1,3,45,77,3,5,PrimeIntellect-ai/verifiers,274,900843559589514d99d8d60410d9151b8d0f7f3d,envgroup fix,0.0,0,1.0,1.0,1
119,0.9857142857142858,1,0.8266033254156769,348,0.8181818181818182,0.8488372093023255,williambrown97@gmail.com,1.0,1.0,0.8181818181818182,0.8488372093023255,5,1.0,1.0,1.0,1.0,511,0.8690476190476191,274,1.0,1,0,0,2,3,0.36363636363636365,0,0,0.0,52.54545454545455,11,0,0,12.0,0.9166666666666666,11,12,1,1,35,2025-11-04T05:07:21+00:00,0,1,1.0,1.0,0,0,119,0.10084033613445378,22,119.0,0.10084033613445378,0.1092436974789916,22.0,2.0,13,0,0,0,1,0,0,0,0,0,0,0,3,0.0,0,bug_fix,corrective,Human,22,2.7563025210084033,328,1,3,57,89,4,6,PrimeIntellect-ai/verifiers,274,7b7479720771239279e1347d4aaa526f9e9a867d,env group fix,0.0,0,1.0,1.0,1
116,0.9857142857142858,1,0.8270142180094787,349,0.5,0.6086956521739131,williambrown97@gmail.com,1.0,1.0,0.5,0.6086956521739131,6,1.0,1.0,1.0,1.0,512,0.8692699490662139,274,1.0,1,0,0,0,0,0.3333333333333333,0,0,0.0,40.333333333333336,3,0,0,3.0,1.0,3,3,0,1,35,2025-11-04T06:09:33+00:00,0,1,1.0,1.0,0,0,116,0.02586206896551724,18,116.0,0.02586206896551724,0.08620689655172414,18.0,2.0,22,0,0,0,1,0,0,0,0,0,0,0,4,0.0,0,bug_fix,corrective,Human,4,0.4051724137931034,47,1,2,23,23,2,2,PrimeIntellect-ai/verifiers,274,e7a6cae6b7f9d432128ed684ce4b560419a01d8e,tool chat template fix,0.0,0,1.0,1.0,1
118,0.9857142857142858,1,0.8274231678486997,350,0.6666666666666666,0.6538461538461539,williambrown97@gmail.com,1.0,1.0,0.6666666666666666,0.6538461538461539,6,1.0,1.0,1.0,1.0,513,0.8694915254237288,274,1.0,1,0,0,0,0,0.08333333333333333,0,0,0.0,42.833333333333336,12,0,0,12.0,0.5833333333333334,7,12,5,1,35,2025-11-04T06:12:49+00:00,0,1,1.0,1.0,0,0,118,0.1016949152542373,18,118.0,0.1016949152542373,0.09322033898305085,18.0,2.0,14,0,0,0,0,0,0,0,0,0,0,0,1,0.0,0,bug_fix,corrective,Human,3,0.2966101694915254,35,1,2,26,26,3,3,PrimeIntellect-ai/verifiers,274,b581a50de46dc8fdb6b649114c95c144483a5999,processing_fix,0.0,0,1.0,1.0,1
778,0.9857142857142858,1,0.8278301886792453,351,0.42857142857142855,0.2,williambrown97@gmail.com,0.5,1.0,0.6428571428571429,0.7962962962962963,6,0.5,0.5,0.5,1.0,514,0.8697123519458545,274,1.0,2,0,0,1,0,0.0,0,0,0.0,70.0,8,0,0,4.0,0.5,4,8,4,2,35,2025-11-04T06:14:42+00:00,0,1,1.0,1.0,0,0,660,0.01694915254237288,19,389.0,0.013020030816640986,0.06630713918849512,18.0,1.5,14,0,0,0,1,0,0,0,0,0,0,1,3,0.0,0,test,preventive,Human,4,0.6272493573264781,488,1,5,145,145,7,7,PrimeIntellect-ai/verifiers,274,bd87fd427ea6ccbd7b08c619bf9a0a0313a6bf53,fix test cases,0.5,1,1.0,1.0,1
91,0.9857142857142858,1,0.8282352941176471,352,0.8,0.775,williambrown97@gmail.com,1.0,1.0,0.8,0.775,6,1.0,1.0,1.0,1.0,515,0.8699324324324325,274,1.0,1,0,0,1,3,0.17391304347826086,0,0,0.0,40.608695652173914,23,0,0,27.0,0.0,0,27,27,1,35,2025-11-04T06:34:02+00:00,0,1,1.0,1.0,0,0,91,0.2967032967032967,15,91.0,0.2967032967032967,0.07692307692307693,15.0,2.0,28,0,0,0,0,0,0,0,0,0,0,0,3,0.0,0,build_config_ci,management,Human,1,0.06593406593406594,6,1,2,40,40,5,5,PrimeIntellect-ai/verifiers,274,ae14c8cedcfbed74d6f4c2e7d173c584edff42cb,remove extra deserialization,0.0,0,1.0,1.0,1
21,0.9857142857142858,1,0.8286384976525821,353,1.0,1.0,williambrown97@gmail.com,1.0,1.0,0.625,0.7415730337078652,6,1.0,1.0,1.0,1.0,516,0.8701517706576728,274,1.0,1,0,0,0,1,0.0,0,0,0.0,71.0,2,0,0,2.0,0.5,1,2,1,1,35,2025-11-04T06:45:16+00:00,69,1,1.0,0.0,0,0,21,0.09523809523809523,5,21.0,0.09523809523809523,0.0,5.0,2.0,24,0,0,0,0,0,0,0,0,0,0,0,3,0.0,0,build_config_ci,management,Human,1,0.7142857142857143,15,1,1,0,23,0,1,PrimeIntellect-ai/verifiers,274,f1384eb135b883abe6fa8d3c23bb8275dadde6f6,remove double model_dump,0.0,0,1.0,1.0,1
327,0.9857142857142858,1,0.8290398126463701,354,1.0,1.0,williambrown97@gmail.com,1.0,1.0,1.0,1.0,6,1.0,1.0,1.0,1.0,517,0.8703703703703703,274,1.0,1,0,0,0,0,0.0,0,0,0.0,21.0,2,2,0,2.0,0.5,1,2,1,1,35,2025-11-04T06:50:30+00:00,5,1,1.0,1.0,0,0,327,0.0061162079510703364,32,327.0,0.0061162079510703364,0.024464831804281346,32.0,3.0,14,0,0,0,1,0,0,0,0,0,0,0,3,0.0,0,bug_fix,corrective,Human,3,0.027522935779816515,9,1,1,15,15,4,4,PrimeIntellect-ai/verifiers,274,5a0fc8e99e1846f4747d23086bf8fd708277ff6f,fix lr default,0.0,0,1.0,1.0,1
134,0.9857142857142858,1,0.8294392523364486,355,0.8333333333333334,0.8555555555555555,williambrown97@gmail.com,1.0,1.0,0.8333333333333334,0.8555555555555555,8,1.0,1.0,1.0,1.0,518,0.8705882352941177,274,1.0,1,0,2,0,2,0.037037037037037035,0,0,0.0,27.51851851851852,27,0,0,28.0,0.7857142857142857,22,28,6,1,35,2025-11-04T08:05:33+00:00,0,1,0.9642857142857143,1.0,0,0,134,0.20149253731343283,22,134.0,0.20149253731343283,0.1044776119402985,22.0,2.0,23,0,0,0,0,0,0,0,0,0,0,0,3,0.0,0,feature,perfective,Human,21,2.246268656716418,301,1,3,69,101,5,7,PrimeIntellect-ai/verifiers,274,99763e349a4b8c4516c9a2c5a1dbdbb65051f24e,init_state for envgroup,0.0,0,1.0,1.0,1
1099,0.9571428571428572,2,0.046620046620046623,20,0.07291666666666667,0.022208385222083852,mail@mikasenghaas.de,1.0,1.0,0.06666666666666667,0.01973805570927873,20,0.0,0.0,0.0,0.0,20,0.03355704697986577,79,1.0,2,0,0,0,0,0.12,0,0,0.0,42.4,25,0,0,12.5,0.72,18,25,7,2,35,2025-11-04T20:18:02+00:00,0,1,1.0,1.0,0,0,961,0.07246376811594203,175,549.5,0.04403625450542159,0.08660589060308554,98.5,2.0,31,0,0,0,0,0,1,0,0,0,0,0,4,0.0,0,feature,perfective,Human,54,2.8471337579617835,3129,1,14,1029,1977,16,42,PrimeIntellect-ai/verifiers,274,bf152151e1b148813ed141c25c952c9a371c14ff,Allow passing map_kwargs (#530),0.0,0,1.0,1.0,1
588,0.0,36,0.0,0,0.0,0.0,73563550+rasdani@users.noreply.github.com,0.0,0.0,0.0,0.0,13,0.0,0.0,0.0,0.0,0,0.0,0,1.0,2,5,0,3,15,0.018072289156626505,0,3,0.006024096385542169,42.403614457831324,166,46,0,88.0,0.9943181818181818,175,176,1,2,35,2025-11-05T13:38:10+00:00,0,1,1.0,1.0,1,0,372,0.38425925925925924,39,294.0,0.31712962962962965,0.06048387096774194,24.0,1.5,92,0,0,0,0,0,1,0,0,0,0,0,15,0.0,0,,,,20,0.685374149659864,403,2,3,107,171,7,9,PrimeIntellect-ai/verifiers,275,031274b8bd9271e5057ba406e6dda8170fe22a9f,Merge pull request #533 from PrimeIntellect-ai/daniel/route-process-env-results-in-env-group,0.5,1,1.0,1.0,2
215,0.9583333333333334,2,0.048723897911832945,21,0.13333333333333333,0.04871794871794872,mail@mikasenghaas.de,1.0,1.0,0.13333333333333333,0.04871794871794872,19,0.0,0.0,0.0,0.0,21,0.035058430717863104,80,1.0,1,0,0,0,0,0.0,0,0,0.0,48.8,5,0,0,5.0,0.4,2,5,3,1,36,2025-11-05T19:49:24+00:00,0,1,1.0,1.0,0,0,215,0.023255813953488372,39,215.0,0.023255813953488372,0.08372093023255814,39.0,2.0,34,0,0,0,0,0,1,0,0,0,0,0,6,0.0,0,feature,perfective,Human,18,0.9441860465116279,203,1,4,189,221,8,10,PrimeIntellect-ai/verifiers,275,c30a0a13eef2515c0d95a24a8b7e1404fa3cc301,Pass map_kwargs to base env (#535),0.0,0,1.0,1.0,2
642,0.9583333333333334,2,0.05092592592592592,22,0.15789473684210525,0.046065259117082535,mail@mikasenghaas.de,0.5,0.5,0.15,0.045714285714285714,19,0.5,0.5,0.0,0.0,22,0.03666666666666667,80,1.0,2,4,0,3,1,0.021739130434782608,0,0,0.0,44.97826086956522,46,1,0,27.5,1.0,55,55,0,2,36,2025-11-05T19:50:14+00:00,0,1,1.0,1.0,0,0,393,0.13654618473895583,43,321.0,0.09499064962138631,0.05596431527637267,26.0,1.5,41,0,0,0,0,0,1,0,0,0,0,0,6,0.0,0,test,preventive,Human,18,0.5342679127725857,343,1,4,288,352,9,11,PrimeIntellect-ai/verifiers,275,e3541129aca309412e7f9e26bbaca5a66bdbcce3,Make example_id unique in EnvGroup (#531),0.5,1,1.0,1.0,2
1032,0.9861111111111112,1,0.8221709006928406,356,0.6666666666666666,0.6225165562913907,williambrown97@gmail.com,1.0,1.0,0.6666666666666666,0.6225165562913907,4,0.5,0.5,1.0,1.0,520,0.8652246256239601,276,1.0,3,0,4,2,12,0.046511627906976744,0,2,0.0,44.13953488372093,43,4,0,14.666666666666666,0.5681818181818182,25,44,19,3,36,2025-11-06T04:55:24+00:00,0,1,0.9545454545454546,0.6666666666666666,0,0,443,0.07223476297968397,55,344.0,0.03653177865046254,0.04037662734991222,49.0,2.6666666666666665,63,0,0,0,1,0,1,0,0,0,0,0,9,0.0,0,bug_fix,corrective,Human,26,0.40406976744186046,417,1,4,252,284,11,13,PrimeIntellect-ai/verifiers,276,cc2ad6f47222b49d7801337007ca4db57cbbe246,fix envgroup edge case; rename generator to orchestrator (#539),0.0,0,0.6666666666666666,0.6666666666666666,3
255,0.9861111111111112,1,0.8225806451612904,357,0.6666666666666666,0.6086956521739131,williambrown97@gmail.com,1.0,1.0,0.6666666666666666,0.6086956521739131,5,1.0,1.0,1.0,1.0,521,0.8654485049833887,276,1.0,1,0,0,1,1,0.0,0,0,0.0,36.0,2,0,0,2.0,0.5,1,2,1,1,36,2025-11-06T05:08:56+00:00,0,1,1.0,1.0,0,0,255,0.00784313725490196,47,255.0,0.00784313725490196,0.07450980392156863,47.0,2.0,8,0,0,0,1,0,0,0,0,0,0,0,2,0.0,0,bug_fix,corrective,Human,15,0.6235294117647059,159,1,4,236,268,11,13,PrimeIntellect-ai/verifiers,276,81f1f7a99fca4ca9e36148c59877a283c03ee894,info fix,0.0,0,1.0,1.0,3
195,0.9861111111111112,1,0.8229885057471265,358,0.6666666666666666,0.6192109777015438,williambrown97@gmail.com,1.0,1.0,0.7894736842105263,0.854308093994778,5,1.0,1.0,1.0,1.0,522,0.8656716417910447,276,1.0,2,0,0,2,2,0.0,0,0,0.0,36.0,4,0,0,2.0,0.5,2,4,2,2,36,2025-11-06T05:14:55+00:00,0,1,1.0,1.0,0,0,128,0.029850746268656716,25,97.5,0.02273787313432836,0.06005130597014925,17.5,2.0,8,0,0,0,1,0,0,0,0,0,0,0,2,0.0,0,bug_fix,corrective,Human,19,1.3692307692307693,267,1,5,345,414,15,18,PrimeIntellect-ai/verifiers,276,3e0252f48625db52a4b9bbfbc72a1c97e3a15d86,info fix,0.0,0,1.0,1.0,3
256,0.9861111111111112,1,0.823394495412844,359,0.7,0.6122448979591837,williambrown97@gmail.com,1.0,1.0,0.7,0.6122448979591837,5,1.0,1.0,1.0,1.0,523,0.8658940397350994,276,1.0,1,0,0,0,0,0.0,0,0,0.0,54.0,1,0,0,1.0,1.0,1,1,0,1,36,2025-11-06T05:17:44+00:00,0,1,1.0,1.0,0,0,256,0.00390625,47,256.0,0.00390625,0.07421875,47.0,2.0,9,0,0,0,1,0,0,0,0,0,0,0,2,0.0,0,bug_fix,corrective,Human,13,0.609375,156,1,4,240,272,13,15,PrimeIntellect-ai/verifiers,276,204934c34741c56c16d82dce9435d4850b9613cf,tools fix,0.0,0,1.0,1.0,3
252,0.3194444444444444,14,0.002288329519450801,1,nan,nan,73563550+rasdani@users.noreply.github.com,nan,0.0,0.0,0.0,6,nan,0.0,nan,0.0,1,0.001652892561983471,1,1.0,1,0,0,0,1,0.0,0,0,0.0,50.75,4,0,0,4.0,0.5,2,4,2,1,36,2025-11-07T06:16:50+00:00,nan,1,1.0,0.0,0,0,252,0.015873015873015872,22,252.0,0.015873015873015872,0.03968253968253968,22.0,2.0,41,0,0,0,1,0,1,0,0,0,0,0,8,0.0,0,bug_fix,corrective,Human,35,3.4444444444444446,868,1,0,0,0,0,0,PrimeIntellect-ai/verifiers,277,07815c03bc58f83657e26b6faf5c264bd23743a8,fix state columns in `vf-eval` cli (#544),0.0,0,0.0,1.0,4
327,0.9861111111111112,1,0.821917808219178,360,1.0,1.0,williambrown97@gmail.com,1.0,1.0,1.0,1.0,6,1.0,1.0,1.0,1.0,524,0.8646864686468647,272,1.0,1,0,0,0,0,0.0,0,0,0.0,65.5,2,0,0,2.0,0.5,1,2,1,1,36,2025-11-02T06:10:54+00:00,-3,1,1.0,1.0,0,1,327,0.0061162079510703364,32,327.0,0.0061162079510703364,0.024464831804281346,32.0,3.0,6,0,1,0,0,0,0,0,0,0,0,0,1,0.0,0,documentation,perfective,Human,4,0.03363914373088685,11,1,1,15,15,4,4,PrimeIntellect-ai/verifiers,272,36c50da7a8c0d66b0313805b27ae88259b52eac3,readme,0.0,0,1.0,1.0,6
25,0.3055555555555556,15,0.002277904328018223,1,nan,nan,128291516+paramthakkar123@users.noreply.github.com,nan,nan,nan,nan,3,nan,nan,nan,nan,1,0.0016474464579901153,0,1.0,1,0,0,0,0,0.0,0,0,0.0,49.25,4,1,0,4.0,1.0,4,4,0,1,36,2025-10-31T03:09:43+00:00,-1,1,1.0,0.0,0,0,25,0.16,0,25.0,0.16,0.0,0.0,1.0,78,0,0,1,0,0,1,0,0,0,0,0,11,0.0,0,test,preventive,Human,4,1.8,45,1,0,0,0,0,0,PrimeIntellect-ai/verifiers,270,11c67b0b1e9bd94f9dca2df4d1075cd884b9cf70,Added bulk_delete functionality to bulk delete sandboxes with global ID (#487),1.0,1,0.0,0.0,4
253,0.9861111111111112,1,0.8204545454545454,361,nan,nan,williambrown97@gmail.com,nan,1.0,1.0,1.0,8,nan,1.0,nan,1.0,525,0.8634868421052632,270,1.0,1,0,0,0,0,0.0,0,0,0.0,74.5,2,0,0,2.0,0.5,1,2,1,1,36,2025-10-31T08:22:28+00:00,-4,1,1.0,0.0,0,0,253,0.007905138339920948,42,253.0,0.007905138339920948,0.043478260869565216,42.0,2.0,29,0,0,0,0,0,0,0,0,0,0,0,4,0.0,0,resource,perfective,Human,6,0.5770750988142292,146,1,0,0,0,0,0,PrimeIntellect-ai/verifiers,270,8d994fbaea336646e3330f38641e5b6a935bf91d,wiki-search dataset filtering,0.0,0,0.0,1.0,4
21,0.9861111111111112,1,0.8208616780045351,362,0.0,0.0,williambrown97@gmail.com,0.0,0.0,0.0,0.0,22,0.0,0.0,0.0,0.0,526,0.8637110016420362,270,1.0,1,0,0,0,0,0.0,0,0,0.0,49.25,4,1,0,4.0,0.0,0,4,4,1,36,2025-10-31T22:08:47+00:00,0,1,1.0,1.0,0,0,21,0.19047619047619047,0,21.0,0.19047619047619047,0.0,0.0,1.0,26,0,0,0,1,0,0,0,0,0,0,1,5,0.0,0,,,,2,1.7142857142857142,36,1,2,9,9,2,2,PrimeIntellect-ai/verifiers,270,0647728e314355d85685649d1284707590219fe8,fix sandbox env test cases,1.0,1,1.0,1.0,4
54,0.9861111111111112,1,0.8212669683257918,363,nan,nan,williambrown97@gmail.com,nan,nan,nan,nan,6,nan,nan,nan,nan,527,0.8639344262295082,277,0.25,1,0,0,0,0,0.07692307692307693,0,0,0.0,24.576923076923077,26,3,0,28.0,1.0,28,28,0,4,36,2025-11-07T06:39:15+00:00,nan,1,1.0,0.0,0,0,54,0.5185185185185185,5,54.0,0.5185185185185185,0.1111111111111111,5.0,1.75,29,0,1,0,0,0,0,0,0,0,0,0,5,0.0,0,documentation,perfective,Human,0,0.0,0,1,0,0,0,0,0,PrimeIntellect-ai/verifiers,277,70f56bfc49fd1e67439a6c19ae53bf154ca77b5b,prime-rl script; updated docs,0.0,0,0.0,0.0,4
1623,0.9861111111111112,1,0.8216704288939052,364,0.7843137254901961,0.9191391558712912,williambrown97@gmail.com,1.0,1.0,0.7807017543859649,0.8985611510791367,6,0.8333333333333334,0.6,1.0,1.0,528,0.8641571194762684,277,1.2,6,0,0,0,4,0.07142857142857142,0,0,0.0,73.35714285714286,28,0,0,4.666666666666667,0.5,14,28,14,5,36,2025-11-07T06:54:03+00:00,1,1,1.0,0.6666666666666666,0,0,961,0.06593406593406594,175,270.5,0.04046542389415572,0.061509231185922365,43.166666666666664,2.0,6,0,0,0,0,0,0,0,0,0,0,0,1,0.0,0,test,preventive,Human,47,1.8441158348736908,2993,1,14,1081,2066,20,47,PrimeIntellect-ai/verifiers,277,eb2c9644a426c7edef97ad077d3625c7acb92c32,typing,0.2,1,1.0,1.0,4
53,0.9861111111111112,1,0.8220720720720721,365,nan,nan,williambrown97@gmail.com,nan,nan,nan,nan,22,nan,nan,nan,nan,529,0.8643790849673203,277,1.0,1,0,0,0,1,0.0,0,0,0.0,40.5,6,0,0,6.0,0.6666666666666666,4,6,2,1,36,2025-11-07T22:14:26+00:00,nan,1,1.0,0.0,0,0,53,0.11320754716981132,7,53.0,0.11320754716981132,0.0,7.0,2.0,19,0,0,0,1,0,0,0,0,0,0,0,4,0.0,0,bug_fix,corrective,Human,2,0.1320754716981132,7,1,0,0,0,0,0,PrimeIntellect-ai/verifiers,277,c7b20c937fff3e5ef5c449a2a6d8b383b7c6df17,prime-rl script fix,0.0,0,0.0,0.0,4
76,0.9861111111111112,1,0.8224719101123595,366,1.0,1.0,williambrown97@gmail.com,1.0,1.0,1.0,1.0,22,1.0,1.0,1.0,1.0,530,0.8646003262642741,277,2.0,2,0,0,0,4,0.0,0,0,0.0,34.11764705882353,17,4,0,9.5,0.7368421052631579,14,19,5,1,36,2025-11-07T22:18:47+00:00,0,1,1.0,0.5,0,0,52,0.6666666666666666,7,38.0,0.36217948717948717,0.0,5.0,2.0,24,0,0,0,0,0,0,0,0,0,0,0,3,0.0,0,bug_fix,corrective,Human,1,0.05263157894736842,4,1,1,6,6,1,1,PrimeIntellect-ai/verifiers,277,e057cfe8f58bddf41483947aa28fe6fc8a96fd66,session name duplication,0.0,0,0.5,1.0,4
40,0.9583333333333334,2,0.05239179954441914,23,0.5,0.7142857142857143,mail@mikasenghaas.de,1.0,1.0,0.3333333333333333,0.8113207547169812,6,0.0,0.0,1.0,1.0,23,0.03739837398373984,87,1.0,1,0,0,0,5,0.0,0,0,0.0,46.57142857142857,7,0,0,7.0,0.8571428571428571,6,7,1,1,36,2025-11-12T06:42:33+00:00,12,1,1.0,1.0,0,0,40,0.175,19,40.0,0.175,0.025,19.0,2.0,44,0,0,0,0,0,1,0,0,0,0,0,6,0.0,0,bug_fix,corrective,Human,2,0.175,7,1,2,21,21,2,2,PrimeIntellect-ai/verifiers,282,25932ab7fc43a705b0a69310e5834ab2a25fc3c6,Serialize OAI responses before saving (#554),0.0,0,1.0,1.0,2
102,0.9861111111111112,1,0.814385150812065,351,nan,nan,williambrown97@gmail.com,nan,nan,nan,nan,2,nan,nan,nan,nan,532,0.8636363636363636,284,1.0,1,0,0,0,0,0.0,0,0,0.0,40.0,1,0,0,2.0,1.0,2,2,0,1,36,2025-11-14T02:29:50+00:00,nan,1,1.0,0.0,0,0,102,0.0196078431372549,11,102.0,0.0196078431372549,0.0,11.0,2.0,30,0,0,0,0,0,0,0,0,0,0,0,5,0.0,0,build_config_ci,management,Human,4,0.10784313725490197,11,1,0,0,0,0,0,PrimeIntellect-ai/verifiers,284,3f20f0f99e8fd648ff9aefdba1b39ff0bd1602ed,pre-install libs for pythonenv,0.0,0,0.0,0.0,4
5340,0.9861111111111112,1,0.8062953995157385,333,0.7652582159624414,0.8440761203192142,williambrown97@gmail.com,0.9230769230769231,1.0,0.7548387096774194,0.8303715670436187,23,0.7307692307692307,0.7692307692307693,0.7692307692307693,0.8846153846153846,533,0.8638573743922204,289,0.9047619047619048,38,292,209,92,380,0.041734860883797055,25,51,0.0019094380796508457,40.48690671031097,3666,588,1,102.92105263157895,0.45998465865507543,1799,3911,2112,42,36,2025-11-19T23:13:07+00:00,5,1,0.9925850166197904,0.42105263157894735,0,0,840,1.6521739130434783,153,140.52631578947367,0.5727069119089356,0.0290421921200458,14.842105263157896,1.6904761904761905,75,0,0,1,0,0,1,0,0,1,0,0,9,0.10526315789473684,4,feature,perfective,Human,124,1.3378277153558051,7144,1,19,338,2781,26,68,PrimeIntellect-ai/verifiers,289,fa7f5fad1c39437d0e66af7cc6bd25c04fe0a7cb,Support branching rollouts via trajectories; refactor state handling (#549),0.30952380952380953,13,0.6842105263157895,0.896551724137931,2
851,0.9861111111111112,1,0.7872340425531915,296,0.72,0.9128228782287823,williambrown97@gmail.com,1.0,1.0,0.7045454545454546,0.8830629204590423,23,1.0,1.0,1.0,1.0,534,0.8640776699029126,295,0.6666666666666666,2,0,0,0,4,0.4444444444444444,0,0,0.0,66.77777777777777,9,7,0,5.0,0.6,6,10,4,3,36,2025-11-24T23:35:20+00:00,5,1,1.0,1.0,0,0,812,0.1794871794871795,152,425.5,0.09159088038398383,0.03498800050524188,79.5,1.6666666666666667,30,0,0,0,1,0,0,0,0,0,0,0,5,0.0,0,bug_fix,corrective,Human,54,2.882491186839013,2453,1,13,1035,2337,4,33,PrimeIntellect-ai/verifiers,295,09606c0bd338ee62086b1f677e7f1b56d181fc04,hotfix for eval print ordering,0.3333333333333333,1,1.0,1.0,0
295,0.9861111111111112,1,0.7831978319783198,289,0.8181818181818182,0.8856088560885609,williambrown97@gmail.com,1.0,1.0,0.8181818181818182,0.8856088560885609,7,1.0,1.0,1.0,1.0,536,0.864516129032258,296,1.0,1,0,0,0,2,0.0,0,0,0.0,66.0,2,0,0,2.0,0.5,1,2,1,1,36,2025-11-26T07:47:20+00:00,6,1,1.0,1.0,0,0,295,0.006779661016949152,62,295.0,0.006779661016949152,0.030508474576271188,62.0,2.0,37,0,0,0,0,0,0,0,0,0,0,0,6,0.0,0,feature,perfective,Human,11,0.8610169491525423,254,1,2,415,541,1,6,PrimeIntellect-ai/verifiers,296,f89249984c99e6372dc55295d4b6e7595648a0c8,optional answer for group reward func,0.0,0,1.0,1.0,2
258,0.9583333333333334,2,0.06779661016949153,24,0.1111111111111111,0.023668639053254437,mail@mikasenghaas.de,0.5,1.0,0.14035087719298245,0.05826771653543307,0,0.0,0.0,0.0,0.0,24,0.03858520900321544,103,1.0,2,0,0,0,2,0.0,0,2,0.0,36.0,6,0,0,3.0,0.6666666666666666,4,6,2,2,36,2025-11-28T00:02:12+00:00,8,1,0.6666666666666666,1.0,0,0,251,0.2857142857142857,22,129.0,0.14684120660216277,0.0199203187250996,11.0,1.5,47,0,0,0,0,0,1,0,0,0,0,0,7,0.5,1,feature,perfective,Human,54,4.050387596899225,1045,1,5,9,37,3,8,PrimeIntellect-ai/verifiers,298,908ace25fa3981b714f4f813e0409359f61232f6,Allow setting log level via VF_LOG_LEVEL (#584),0.0,0,1.0,1.0,4
84,0.9583333333333334,2,0.07598784194528875,25,nan,nan,mail@mikasenghaas.de,nan,nan,nan,nan,1,nan,nan,nan,nan,25,0.04012841091492777,105,1.0,1,2,0,4,7,0.0,0,0,0.0,48.833333333333336,24,12,0,24.0,0.75,18,24,6,1,36,2025-11-30T01:01:17+00:00,nan,1,1.0,0.0,0,1,84,0.2857142857142857,22,84.0,0.2857142857142857,0.0,22.0,2.0,39,0,0,0,0,0,1,0,0,0,0,0,6,0.0,0,feature,perfective,Human,1,0.10714285714285714,9,1,0,0,0,0,0,PrimeIntellect-ai/verifiers,300,0122b517347fcdfb3c859e405970d51501159bf9,Allow dict-type logprobs parsing (#563),0.0,0,0.0,0.0,6
227,0.0,37,0.0,0,0.0,0.0,sebastian@primeintellect.ai,0.0,0.0,0.0,0.0,3,0.0,0.0,0.0,0.0,0,0.0,0,0.75,3,0,9,0,6,0.02247191011235955,6,1,0.0,40.01123595505618,89,6,0,32.0,0.7395833333333334,71,96,25,4,36,2025-12-01T03:19:07+00:00,11,1,0.9895833333333334,0.6666666666666666,0,0,194,0.5714285714285714,19,75.66666666666667,0.36903817831652885,0.008591065292096219,6.333333333333333,1.75,55,0,0,0,0,0,1,0,0,0,0,0,8,0.0,0,test,preventive,Human,5,0.7224669603524229,164,1,3,58,174,1,5,PrimeIntellect-ai/verifiers,301,0dd2e9fc98f1b8f5b979074caa6bcbafa3ffa928,Retry on Sandbox creation- and deletion-failures (#589),0.25,1,0.6666666666666666,0.6666666666666666,0
23,0.9864864864864865,1,0.7414330218068536,238,nan,nan,williambrown97@gmail.com,nan,nan,nan,nan,3,nan,nan,nan,nan,538,0.8608,301,1.0,1,0,0,0,0,0.0,1,0,0.0,62.0,1,0,0,1.0,1.0,1,1,0,1,37,2025-12-01T03:29:58+00:00,nan,1,1.0,0.0,0,0,23,0.043478260869565216,4,23.0,0.043478260869565216,0.08695652173913043,4.0,2.0,9,0,0,0,1,0,0,0,0,0,0,0,2,0.0,0,bug_fix,corrective,Human,0,0.0,0,1,0,0,0,0,0,PrimeIntellect-ai/verifiers,301,3ec1b3bdaea301c3900ec7e78cf3316a5a164c42,ty hotfix,0.0,0,0.0,0.0,0
920,0.9864864864864865,1,0.7422360248447205,239,0.8,0.8387715930902111,williambrown97@gmail.com,0.8888888888888888,0.8571428571428571,0.8181818181818182,0.8398950131233596,4,0.7777777777777778,0.8571428571428571,0.7777777777777778,0.8571428571428571,539,0.8610223642172524,301,1.2857142857142858,9,1,0,8,9,0.007874015748031496,0,0,0.0,46.23622047244095,127,4,0,14.222222222222221,0.5625,72,128,56,7,37,2025-12-01T04:16:06+00:00,1,1,1.0,0.7777777777777778,0,0,443,0.5357142857142857,55,102.22222222222223,0.2518581953599208,0.023598079700671747,15.555555555555555,2.142857142857143,28,0,0,0,0,0,1,0,0,0,0,0,5,0.0,0,bug_fix,corrective,Human,17,0.5782608695652174,532,1,7,153,315,6,16,PrimeIntellect-ai/verifiers,301,a83b2bb1a6a786f87353cde7e840e0cef131bdea,Fixes for ty failures (#591),0.0,0,1.0,1.0,0
33,0.9054054054054054,4,0.01238390092879257,4,0.0,0.0,stefanofiorucci@gmail.com,0.0,0.0,0.0,0.0,4,0.0,0.0,0.0,0.0,5,0.007974481658692184,69,1.0,1,0,2,0,1,0.0425531914893617,0,0,0.0,35.4468085106383,47,2,0,49.0,0.32653061224489793,16,49,33,1,37,2025-12-01T04:20:11+00:00,80,1,1.0,0.0,0,0,33,1.4848484848484849,0,33.0,1.4848484848484849,0.0,0.0,2.0,47,0,0,0,1,0,1,0,0,0,0,0,10,1.0,1,bug_fix,corrective,Human,2,0.24242424242424243,8,1,1,0,6,0,1,PrimeIntellect-ai/verifiers,301,0f88ee59adba8809224a332ee595e6261005315e,Fix/update Doublecheck env for 0.1.8 API (#587),0.0,0,1.0,1.0,0
172,0.2972972972972973,16,0.0030864197530864196,1,0.16666666666666666,0.34099616858237547,sebastian@primeintellect.ai,1.0,1.0,0.16666666666666666,0.34099616858237547,17,1.0,1.0,0.0,0.0,1,0.0015923566878980893,0,0.5,1,0,8,0,0,0.0,0,0,0.0,40.857142857142854,56,1,0,56.0,0.30357142857142855,17,56,39,2,37,2025-12-01T17:03:14+00:00,0,1,1.0,1.0,0,0,172,0.32558139534883723,19,172.0,0.32558139534883723,0.029069767441860465,19.0,2.0,58,0,0,0,0,0,1,0,0,0,0,0,8,0.0,0,dependency_update,adaptive,Human,3,0.5290697674418605,91,1,4,145,261,2,6,PrimeIntellect-ai/verifiers,301,bf322c44a301a6551d3a2db8c083cb4b64a0244f,replace custom with_retry with tenacity-based retry (#594),0.0,0,1.0,1.0,0
188,0.7297297297297297,5,0.006153846153846154,2,0.25,0.4461538461538462,sebastian@primeintellect.ai,0.5,0.5,0.25,0.4461538461538462,18,0.5,0.5,0.0,0.0,2,0.003179650238473768,0,1.0,2,0,10,0,0,0.0,0,2,0.0,48.17391304347826,23,0,0,13.0,0.6923076923076923,18,26,8,2,37,2025-12-01T18:46:06+00:00,0,1,0.9230769230769231,0.5,0,0,174,0.5714285714285714,19,94.0,0.33169129720853857,0.014367816091954023,9.5,2.0,46,0,0,0,0,0,1,0,0,0,0,0,7,0.5,1,refactor_cleanup,preventive,Human,4,0.526595744680851,99,1,4,201,317,3,7,PrimeIntellect-ai/verifiers,301,6e54aff9de0ea0ef3abe18bfa1d38afee317fd65,Change `tc.retry` to `tc.AsyncRetrying` (#595),0.0,0,1.0,1.0,0
239,0.28378378378378377,17,0.003067484662576687,1,0.0,0.0,jannikst@users.noreply.github.com,0.0,0.0,0.0,0.0,21,0.0,0.0,0.0,0.0,1,0.0015873015873015873,115,1.3333333333333333,4,2,16,1,3,0.0379746835443038,3,1,0.0,50.721518987341774,79,1,1,21.5,0.4186046511627907,36,86,50,3,37,2025-12-01T21:47:15+00:00,0,1,0.9651162790697675,1.0,0,0,176,1.7894736842105263,19,59.75,0.8956838118022329,0.03199760765550239,4.75,1.6666666666666667,73,0,0,0,1,0,1,0,0,0,0,0,11,0.0,0,bug_fix,corrective,Human,4,0.2803347280334728,67,1,4,240,360,6,11,PrimeIntellect-ai/verifiers,301,6650715aafab3a8e720dd7208f3be6ceae4704ad,fix: use async client in sandbox teardown with concurrency control (#596),0.3333333333333333,1,1.0,1.0,0
